{
  "type": "FeatureCollection",
  "features": [
    {
      "type": "Feature",
      "geometry": {
        "type": "LineString",
        "coordinates": [
          [
            -99.1701497,
            19.5283607
          ],
          [
            -99.1700437,
            19.5281944
          ]
        ]
      },
      "properties": {
        "line_id": "metrobus-3",
        "line_name": "Línea 3",
        "line_color": "#2E7D32"
      }
    },
    {
      "type": "Feature",
      "geometry": {
        "type": "LineString",
        "coordinates": [
          [
            -99.1700437,
            19.5281944
          ],
          [
            -99.1697413,
            19.5278143
          ],
          [
            -99.1695221,
            19.5275352
          ],
          [
            -99.1694219,
            19.5274076
          ],
          [
            -99.1691058,
            19.5270144
          ],
          [
            -99.168792,
            19.526622
          ],
          [
            -99.168494,
            19.5262474
          ],
          [
            -99.1681864,
            19.5258562
          ],
          [
            -99.1679001,
            19.5254758
          ]
        ]
      },
      "properties": {
        "line_id": "metrobus-3",
        "line_name": "Línea 3",
        "line_color": "#2E7D32"
      }
    },
    {
      "type": "Feature",
      "geometry": {
        "type": "LineString",
        "coordinates": [
          [
            -99.1679001,
            19.5254758
          ],
          [
            -99.1676488,
            19.5251495
          ]
        ]
      },
      "properties": {
        "line_id": "metrobus-3",
        "line_name": "Línea 3",
        "line_color": "#2E7D32"
      }
    },
    {
      "type": "Feature",
      "geometry": {
        "type": "LineString",
        "coordinates": [
          [
            -99.1676488,
            19.5251495
          ],
          [
            -99.1675793,
            19.5250572
          ]
        ]
      },
      "properties": {
        "line_id": "metrobus-3",
        "line_name": "Línea 3",
        "line_color": "#2E7D32"
      }
    },
    {
      "type": "Feature",
      "geometry": {
        "type": "LineString",
        "coordinates": [
          [
            -99.1675793,
            19.5250572
          ],
          [
            -99.1672764,
            19.5246416
          ],
          [
            -99.1669843,
            19.524242
          ],
          [
            -99.1666883,
            19.523888
          ],
          [
            -99.166375,
            19.5235246
          ],
          [
            -99.166128,
            19.5232354
          ]
        ]
      },
      "properties": {
        "line_id": "metrobus-3",
        "line_name": "Línea 3",
        "line_color": "#2E7D32"
      }
    },
    {
      "type": "Feature",
      "geometry": {
        "type": "LineString",
        "coordinates": [
          [
            -99.166128,
            19.5232354
          ],
          [
            -99.1660467,
            19.5231408
          ]
        ]
      },
      "properties": {
        "line_id": "metrobus-3",
        "line_name": "Línea 3",
        "line_color": "#2E7D32"
      }
    },
    {
      "type": "Feature",
      "geometry": {
        "type": "LineString",
        "coordinates": [
          [
            -99.1660467,
            19.5231408
          ],
          [
            -99.1657129,
            19.5227431
          ],
          [
            -99.1653985,
            19.5223874
          ],
          [
            -99.165107,
            19.5219622
          ],
          [
            -99.1648417,
            19.5215665
          ],
          [
            -99.1645812,
            19.5211456
          ],
          [
            -99.1643717,
            19.520703
          ]
        ]
      },
      "properties": {
        "line_id": "metrobus-3",
        "line_name": "Línea 3",
        "line_color": "#2E7D32"
      }
    },
    {
      "type": "Feature",
      "geometry": {
        "type": "LineString",
        "coordinates": [
          [
            -99.1643717,
            19.520703
          ],
          [
            -99.1640773,
            19.5200831
          ],
          [
            -99.1636081,
            19.5190563
          ]
        ]
      },
      "properties": {
        "line_id": "metrobus-3",
        "line_name": "Línea 3",
        "line_color": "#2E7D32"
      }
    },
    {
      "type": "Feature",
      "geometry": {
        "type": "LineString",
        "coordinates": [
          [
            -99.1636081,
            19.5190563
          ],
          [
            -99.1635093,
            19.5189328
          ],
          [
            -99.1634332,
            19.518794
          ]
        ]
      },
      "properties": {
        "line_id": "metrobus-3",
        "line_name": "Línea 3",
        "line_color": "#2E7D32"
      }
    },
    {
      "type": "Feature",
      "geometry": {
        "type": "LineString",
        "coordinates": [
          [
            -99.1634332,
            19.518794
          ],
          [
            -99.1632865,
            19.5185954
          ],
          [
            -99.1632105,
            19.5184921
          ],
          [
            -99.1631156,
            19.5183324
          ],
          [
            -99.1630792,
            19.5182571
          ],
          [
            -99.1630535,
            19.5181952
          ],
          [
            -99.1628911,
            19.5177587
          ],
          [
            -99.1622319,
            19.5160854
          ],
          [
            -99.1617889,
            19.5149451
          ],
          [
            -99.1617536,
            19.5148569
          ],
          [
            -99.1615443,
            19.5143348
          ],
          [
            -99.1608542,
            19.5126496
          ],
          [
            -99.1603966,
            19.5115082
          ],
          [
            -99.1598453,
            19.5100937
          ],
          [
            -99.1594436,
            19.5090245
          ],
          [
            -99.1590761,
            19.5080643
          ],
          [
            -99.159002,
            19.5078661
          ],
          [
            -99.1589361,
            19.5076891
          ],
          [
            -99.1583349,
            19.5061335
          ],
          [
            -99.1583162,
            19.506084
          ],
          [
            -99.1582763,
            19.5059835
          ],
          [
            -99.1582241,
            19.5058524
          ],
          [
            -99.1576837,
            19.5045262
          ],
          [
            -99.1574705,
            19.5040375
          ],
          [
            -99.1570776,
            19.5030979
          ],
          [
            -99.1570426,
            19.5030231
          ],
          [
            -99.1569225,
            19.5028046
          ]
        ]
      },
      "properties": {
        "line_id": "metrobus-3",
        "line_name": "Línea 3",
        "line_color": "#2E7D32"
      }
    },
    {
      "type": "Feature",
      "geometry": {
        "type": "LineString",
        "coordinates": [
          [
            -99.1569225,
            19.5028046
          ],
          [
            -99.1568924,
            19.5027207
          ],
          [
            -99.1568631,
            19.5026389
          ],
          [
            -99.1561501,
            19.5006533
          ]
        ]
      },
      "properties": {
        "line_id": "metrobus-3",
        "line_name": "Línea 3",
        "line_color": "#2E7D32"
      }
    },
    {
      "type": "Feature",
      "geometry": {
        "type": "LineString",
        "coordinates": [
          [
            -99.1561501,
            19.5006533
          ],
          [
            -99.1561454,
            19.5005477
          ],
          [
            -99.1557518,
            19.4994187
          ],
          [
            -99.1556803,
            19.4992929
          ],
          [
            -99.1555746,
            19.4991078
          ]
        ]
      },
      "properties": {
        "line_id": "metrobus-3",
        "line_name": "Línea 3",
        "line_color": "#2E7D32"
      }
    },
    {
      "type": "Feature",
      "geometry": {
        "type": "LineString",
        "coordinates": [
          [
            -99.1555746,
            19.4991078
          ],
          [
            -99.1547529,
            19.4968257
          ]
        ]
      },
      "properties": {
        "line_id": "metrobus-3",
        "line_name": "Línea 3",
        "line_color": "#2E7D32"
      }
    },
    {
      "type": "Feature",
      "geometry": {
        "type": "LineString",
        "coordinates": [
          [
            -99.1547529,
            19.4968257
          ],
          [
            -99.1547078,
            19.4966043
          ],
          [
            -99.1542206,
            19.4953241
          ],
          [
            -99.1541728,
            19.4952314
          ]
        ]
      },
      "properties": {
        "line_id": "metrobus-3",
        "line_name": "Línea 3",
        "line_color": "#2E7D32"
      }
    },
    {
      "type": "Feature",
      "geometry": {
        "type": "LineString",
        "coordinates": [
          [
            -99.1541728,
            19.4952314
          ],
          [
            -99.1541313,
            19.495154
          ]
        ]
      },
      "properties": {
        "line_id": "metrobus-3",
        "line_name": "Línea 3",
        "line_color": "#2E7D32"
      }
    },
    {
      "type": "Feature",
      "geometry": {
        "type": "LineString",
        "coordinates": [
          [
            -99.1541313,
            19.495154
          ],
          [
            -99.1540991,
            19.4950938
          ]
        ]
      },
      "properties": {
        "line_id": "metrobus-3",
        "line_name": "Línea 3",
        "line_color": "#2E7D32"
      }
    },
    {
      "type": "Feature",
      "geometry": {
        "type": "LineString",
        "coordinates": [
          [
            -99.1540991,
            19.4950938
          ],
          [
            -99.154079,
            19.4950563
          ]
        ]
      },
      "properties": {
        "line_id": "metrobus-3",
        "line_name": "Línea 3",
        "line_color": "#2E7D32"
      }
    },
    {
      "type": "Feature",
      "geometry": {
        "type": "LineString",
        "coordinates": [
          [
            -99.154079,
            19.4950563
          ],
          [
            -99.1539587,
            19.4947417
          ]
        ]
      },
      "properties": {
        "line_id": "metrobus-3",
        "line_name": "Línea 3",
        "line_color": "#2E7D32"
      }
    },
    {
      "type": "Feature",
      "geometry": {
        "type": "LineString",
        "coordinates": [
          [
            -99.1539587,
            19.4947417
          ],
          [
            -99.1534417,
            19.49337
          ]
        ]
      },
      "properties": {
        "line_id": "metrobus-3",
        "line_name": "Línea 3",
        "line_color": "#2E7D32"
      }
    },
    {
      "type": "Feature",
      "geometry": {
        "type": "LineString",
        "coordinates": [
          [
            -99.1534417,
            19.49337
          ],
          [
            -99.1533836,
            19.4930639
          ],
          [
            -99.1530343,
            19.4921269
          ],
          [
            -99.1529962,
            19.4920536
          ],
          [
            -99.1528747,
            19.4918475
          ],
          [
            -99.1527842,
            19.4916891
          ]
        ]
      },
      "properties": {
        "line_id": "metrobus-3",
        "line_name": "Línea 3",
        "line_color": "#2E7D32"
      }
    },
    {
      "type": "Feature",
      "geometry": {
        "type": "LineString",
        "coordinates": [
          [
            -99.1527842,
            19.4916891
          ],
          [
            -99.1522255,
            19.4902351
          ]
        ]
      },
      "properties": {
        "line_id": "metrobus-3",
        "line_name": "Línea 3",
        "line_color": "#2E7D32"
      }
    },
    {
      "type": "Feature",
      "geometry": {
        "type": "LineString",
        "coordinates": [
          [
            -99.1522255,
            19.4902351
          ],
          [
            -99.1522062,
            19.4900841
          ],
          [
            -99.1518012,
            19.4889718
          ],
          [
            -99.1517493,
            19.4888979
          ],
          [
            -99.1516903,
            19.488818
          ]
        ]
      },
      "properties": {
        "line_id": "metrobus-3",
        "line_name": "Línea 3",
        "line_color": "#2E7D32"
      }
    },
    {
      "type": "Feature",
      "geometry": {
        "type": "LineString",
        "coordinates": [
          [
            -99.1516903,
            19.488818
          ],
          [
            -99.150349,
            19.485254
          ],
          [
            -99.1501064,
            19.4845028
          ]
        ]
      },
      "properties": {
        "line_id": "metrobus-3",
        "line_name": "Línea 3",
        "line_color": "#2E7D32"
      }
    },
    {
      "type": "Feature",
      "geometry": {
        "type": "LineString",
        "coordinates": [
          [
            -99.1501064,
            19.4845028
          ],
          [
            -99.1500762,
            19.484316
          ],
          [
            -99.1497033,
            19.4833048
          ],
          [
            -99.1495365,
            19.482985
          ]
        ]
      },
      "properties": {
        "line_id": "metrobus-3",
        "line_name": "Línea 3",
        "line_color": "#2E7D32"
      }
    },
    {
      "type": "Feature",
      "geometry": {
        "type": "LineString",
        "coordinates": [
          [
            -99.1495365,
            19.482985
          ],
          [
            -99.1493734,
            19.4825546
          ],
          [
            -99.1493291,
            19.4824378
          ],
          [
            -99.1492851,
            19.4823215
          ],
          [
            -99.1486135,
            19.4805494
          ]
        ]
      },
      "properties": {
        "line_id": "metrobus-3",
        "line_name": "Línea 3",
        "line_color": "#2E7D32"
      }
    },
    {
      "type": "Feature",
      "geometry": {
        "type": "LineString",
        "coordinates": [
          [
            -99.1486135,
            19.4805494
          ],
          [
            -99.1485428,
            19.4802691
          ],
          [
            -99.1481536,
            19.4792404
          ],
          [
            -99.1480603,
            19.4790801
          ],
          [
            -99.1480334,
            19.4790336
          ],
          [
            -99.1479951,
            19.4789687
          ]
        ]
      },
      "properties": {
        "line_id": "metrobus-3",
        "line_name": "Línea 3",
        "line_color": "#2E7D32"
      }
    },
    {
      "type": "Feature",
      "geometry": {
        "type": "LineString",
        "coordinates": [
          [
            -99.1479951,
            19.4789687
          ],
          [
            -99.1464003,
            19.4747501
          ]
        ]
      },
      "properties": {
        "line_id": "metrobus-3",
        "line_name": "Línea 3",
        "line_color": "#2E7D32"
      }
    },
    {
      "type": "Feature",
      "geometry": {
        "type": "LineString",
        "coordinates": [
          [
            -99.1464003,
            19.4747501
          ],
          [
            -99.1463574,
            19.4745114
          ],
          [
            -99.1459917,
            19.4735469
          ],
          [
            -99.1459387,
            19.4734095
          ],
          [
            -99.1458749,
            19.4733418
          ]
        ]
      },
      "properties": {
        "line_id": "metrobus-3",
        "line_name": "Línea 3",
        "line_color": "#2E7D32"
      }
    },
    {
      "type": "Feature",
      "geometry": {
        "type": "LineString",
        "coordinates": [
          [
            -99.1458749,
            19.4733418
          ],
          [
            -99.145741,
            19.4729823
          ],
          [
            -99.1452879,
            19.4717562
          ]
        ]
      },
      "properties": {
        "line_id": "metrobus-3",
        "line_name": "Línea 3",
        "line_color": "#2E7D32"
      }
    },
    {
      "type": "Feature",
      "geometry": {
        "type": "LineString",
        "coordinates": [
          [
            -99.1452879,
            19.4717562
          ],
          [
            -99.1452306,
            19.4715025
          ],
          [
            -99.1448716,
            19.4705392
          ],
          [
            -99.1446526,
            19.4701151
          ]
        ]
      },
      "properties": {
        "line_id": "metrobus-3",
        "line_name": "Línea 3",
        "line_color": "#2E7D32"
      }
    },
    {
      "type": "Feature",
      "geometry": {
        "type": "LineString",
        "coordinates": [
          [
            -99.1446526,
            19.4701151
          ],
          [
            -99.1441036,
            19.4686446
          ]
        ]
      },
      "properties": {
        "line_id": "metrobus-3",
        "line_name": "Línea 3",
        "line_color": "#2E7D32"
      }
    },
    {
      "type": "Feature",
      "geometry": {
        "type": "LineString",
        "coordinates": [
          [
            -99.1441036,
            19.4686446
          ],
          [
            -99.1440429,
            19.4683594
          ],
          [
            -99.1436578,
            19.4673445
          ],
          [
            -99.1436226,
            19.4672597
          ],
          [
            -99.1435964,
            19.4671924
          ]
        ]
      },
      "properties": {
        "line_id": "metrobus-3",
        "line_name": "Línea 3",
        "line_color": "#2E7D32"
      }
    },
    {
      "type": "Feature",
      "geometry": {
        "type": "LineString",
        "coordinates": [
          [
            -99.1435964,
            19.4671924
          ],
          [
            -99.1435236,
            19.4670982
          ]
        ]
      },
      "properties": {
        "line_id": "metrobus-3",
        "line_name": "Línea 3",
        "line_color": "#2E7D32"
      }
    },
    {
      "type": "Feature",
      "geometry": {
        "type": "LineString",
        "coordinates": [
          [
            -99.1435236,
            19.4670982
          ],
          [
            -99.143101,
            19.4659104
          ],
          [
            -99.1430256,
            19.4657118
          ],
          [
            -99.1429838,
            19.4655401
          ],
          [
            -99.1429776,
            19.4654159
          ],
          [
            -99.1429809,
            19.4653172
          ],
          [
            -99.14299,
            19.4652218
          ]
        ]
      },
      "properties": {
        "line_id": "metrobus-3",
        "line_name": "Línea 3",
        "line_color": "#2E7D32"
      }
    },
    {
      "type": "Feature",
      "geometry": {
        "type": "LineString",
        "coordinates": [
          [
            -99.14299,
            19.4652218
          ],
          [
            -99.1430092,
            19.4651354
          ],
          [
            -99.1430243,
            19.4650771
          ]
        ]
      },
      "properties": {
        "line_id": "metrobus-3",
        "line_name": "Línea 3",
        "line_color": "#2E7D32"
      }
    },
    {
      "type": "Feature",
      "geometry": {
        "type": "LineString",
        "coordinates": [
          [
            -99.1430243,
            19.4650771
          ],
          [
            -99.1430712,
            19.4649448
          ],
          [
            -99.1431659,
            19.4647255
          ],
          [
            -99.143257,
            19.4645259
          ],
          [
            -99.1433623,
            19.4643126
          ]
        ]
      },
      "properties": {
        "line_id": "metrobus-3",
        "line_name": "Línea 3",
        "line_color": "#2E7D32"
      }
    },
    {
      "type": "Feature",
      "geometry": {
        "type": "LineString",
        "coordinates": [
          [
            -99.1433623,
            19.4643126
          ],
          [
            -99.1434607,
            19.464139
          ]
        ]
      },
      "properties": {
        "line_id": "metrobus-3",
        "line_name": "Línea 3",
        "line_color": "#2E7D32"
      }
    },
    {
      "type": "Feature",
      "geometry": {
        "type": "LineString",
        "coordinates": [
          [
            -99.1434607,
            19.464139
          ],
          [
            -99.1435597,
            19.4639829
          ]
        ]
      },
      "properties": {
        "line_id": "metrobus-3",
        "line_name": "Línea 3",
        "line_color": "#2E7D32"
      }
    },
    {
      "type": "Feature",
      "geometry": {
        "type": "LineString",
        "coordinates": [
          [
            -99.1435597,
            19.4639829
          ],
          [
            -99.1437837,
            19.4637374
          ],
          [
            -99.1440251,
            19.463498
          ],
          [
            -99.1443732,
            19.4631072
          ],
          [
            -99.1446094,
            19.4628326
          ],
          [
            -99.1446683,
            19.4627444
          ],
          [
            -99.1447008,
            19.4626741
          ],
          [
            -99.1447345,
            19.4625879
          ],
          [
            -99.1447565,
            19.4624997
          ],
          [
            -99.1447639,
            19.4623868
          ],
          [
            -99.1447502,
            19.4622848
          ]
        ]
      },
      "properties": {
        "line_id": "metrobus-3",
        "line_name": "Línea 3",
        "line_color": "#2E7D32"
      }
    },
    {
      "type": "Feature",
      "geometry": {
        "type": "LineString",
        "coordinates": [
          [
            -99.1447502,
            19.4622848
          ],
          [
            -99.1447466,
            19.4622375
          ],
          [
            -99.1447263,
            19.4621643
          ],
          [
            -99.1446857,
            19.4620428
          ]
        ]
      },
      "properties": {
        "line_id": "metrobus-3",
        "line_name": "Línea 3",
        "line_color": "#2E7D32"
      }
    },
    {
      "type": "Feature",
      "geometry": {
        "type": "LineString",
        "coordinates": [
          [
            -99.1446857,
            19.4620428
          ],
          [
            -99.1446308,
            19.4619425
          ],
          [
            -99.1445756,
            19.4618557
          ],
          [
            -99.1444967,
            19.4617585
          ],
          [
            -99.1443997,
            19.4616606
          ]
        ]
      },
      "properties": {
        "line_id": "metrobus-3",
        "line_name": "Línea 3",
        "line_color": "#2E7D32"
      }
    },
    {
      "type": "Feature",
      "geometry": {
        "type": "LineString",
        "coordinates": [
          [
            -99.1443997,
            19.4616606
          ],
          [
            -99.1441929,
            19.4614624
          ],
          [
            -99.1441042,
            19.46135
          ]
        ]
      },
      "properties": {
        "line_id": "metrobus-3",
        "line_name": "Línea 3",
        "line_color": "#2E7D32"
      }
    },
    {
      "type": "Feature",
      "geometry": {
        "type": "LineString",
        "coordinates": [
          [
            -99.1441042,
            19.46135
          ],
          [
            -99.1440684,
            19.4613029
          ],
          [
            -99.144,
            19.4611938
          ],
          [
            -99.1439457,
            19.4610819
          ],
          [
            -99.1439159,
            19.4609803
          ],
          [
            -99.1438961,
            19.4608674
          ],
          [
            -99.1438924,
            19.4607891
          ],
          [
            -99.1439014,
            19.4606786
          ],
          [
            -99.1439177,
            19.4605631
          ],
          [
            -99.1439282,
            19.4604936
          ]
        ]
      },
      "properties": {
        "line_id": "metrobus-3",
        "line_name": "Línea 3",
        "line_color": "#2E7D32"
      }
    },
    {
      "type": "Feature",
      "geometry": {
        "type": "LineString",
        "coordinates": [
          [
            -99.1439282,
            19.4604936
          ],
          [
            -99.1439777,
            19.4604138
          ],
          [
            -99.1442029,
            19.4594472
          ],
          [
            -99.1442386,
            19.4591385
          ]
        ]
      },
      "properties": {
        "line_id": "metrobus-3",
        "line_name": "Línea 3",
        "line_color": "#2E7D32"
      }
    },
    {
      "type": "Feature",
      "geometry": {
        "type": "LineString",
        "coordinates": [
          [
            -99.1442386,
            19.4591385
          ],
          [
            -99.1443262,
            19.4587165
          ],
          [
            -99.1444337,
            19.4582333
          ],
          [
            -99.1445508,
            19.4577135
          ],
          [
            -99.1448536,
            19.4563999
          ],
          [
            -99.1448878,
            19.4562428
          ]
        ]
      },
      "properties": {
        "line_id": "metrobus-3",
        "line_name": "Línea 3",
        "line_color": "#2E7D32"
      }
    },
    {
      "type": "Feature",
      "geometry": {
        "type": "LineString",
        "coordinates": [
          [
            -99.1448878,
            19.4562428
          ],
          [
            -99.1449504,
            19.4560958
          ],
          [
            -99.1451784,
            19.4551456
          ],
          [
            -99.1452131,
            19.4548375
          ]
        ]
      },
      "properties": {
        "line_id": "metrobus-3",
        "line_name": "Línea 3",
        "line_color": "#2E7D32"
      }
    },
    {
      "type": "Feature",
      "geometry": {
        "type": "LineString",
        "coordinates": [
          [
            -99.1452131,
            19.4548375
          ],
          [
            -99.145745,
            19.4525081
          ],
          [
            -99.1457695,
            19.4523983
          ]
        ]
      },
      "properties": {
        "line_id": "metrobus-3",
        "line_name": "Línea 3",
        "line_color": "#2E7D32"
      }
    },
    {
      "type": "Feature",
      "geometry": {
        "type": "LineString",
        "coordinates": [
          [
            -99.1457695,
            19.4523983
          ],
          [
            -99.1458154,
            19.4523128
          ],
          [
            -99.1460452,
            19.4513584
          ],
          [
            -99.1460827,
            19.4510444
          ]
        ]
      },
      "properties": {
        "line_id": "metrobus-3",
        "line_name": "Línea 3",
        "line_color": "#2E7D32"
      }
    },
    {
      "type": "Feature",
      "geometry": {
        "type": "LineString",
        "coordinates": [
          [
            -99.1460827,
            19.4510444
          ],
          [
            -99.1461289,
            19.4508406
          ],
          [
            -99.1463312,
            19.449936
          ],
          [
            -99.1465458,
            19.4489848
          ],
          [
            -99.1467631,
            19.4480215
          ],
          [
            -99.1469771,
            19.447071
          ],
          [
            -99.1470617,
            19.4466905
          ]
        ]
      },
      "properties": {
        "line_id": "metrobus-3",
        "line_name": "Línea 3",
        "line_color": "#2E7D32"
      }
    },
    {
      "type": "Feature",
      "geometry": {
        "type": "LineString",
        "coordinates": [
          [
            -99.1470617,
            19.4466905
          ],
          [
            -99.1471633,
            19.4464306
          ],
          [
            -99.1473715,
            19.4454746
          ],
          [
            -99.1473716,
            19.445325
          ]
        ]
      },
      "properties": {
        "line_id": "metrobus-3",
        "line_name": "Línea 3",
        "line_color": "#2E7D32"
      }
    },
    {
      "type": "Feature",
      "geometry": {
        "type": "LineString",
        "coordinates": [
          [
            -99.1473716,
            19.445325
          ],
          [
            -99.1475921,
            19.4443421
          ],
          [
            -99.1478098,
            19.4434041
          ],
          [
            -99.1480035,
            19.4425536
          ],
          [
            -99.1482075,
            19.4416483
          ],
          [
            -99.1483277,
            19.4412628
          ]
        ]
      },
      "properties": {
        "line_id": "metrobus-3",
        "line_name": "Línea 3",
        "line_color": "#2E7D32"
      }
    },
    {
      "type": "Feature",
      "geometry": {
        "type": "LineString",
        "coordinates": [
          [
            -99.1483277,
            19.4412628
          ],
          [
            -99.1484554,
            19.4409853
          ],
          [
            -99.1487674,
            19.4400331
          ],
          [
            -99.1487499,
            19.4399495
          ]
        ]
      },
      "properties": {
        "line_id": "metrobus-3",
        "line_name": "Línea 3",
        "line_color": "#2E7D32"
      }
    },
    {
      "type": "Feature",
      "geometry": {
        "type": "LineString",
        "coordinates": [
          [
            -99.1487499,
            19.4399495
          ],
          [
            -99.148753,
            19.439843
          ],
          [
            -99.148834,
            19.4392301
          ],
          [
            -99.1488442,
            19.4391203
          ],
          [
            -99.1488382,
            19.4390186
          ],
          [
            -99.1488382,
            19.4389234
          ],
          [
            -99.1488529,
            19.4388055
          ],
          [
            -99.1490305,
            19.4380338
          ]
        ]
      },
      "properties": {
        "line_id": "metrobus-3",
        "line_name": "Línea 3",
        "line_color": "#2E7D32"
      }
    },
    {
      "type": "Feature",
      "geometry": {
        "type": "LineString",
        "coordinates": [
          [
            -99.1490305,
            19.4380338
          ],
          [
            -99.1490484,
            19.4379445
          ]
        ]
      },
      "properties": {
        "line_id": "metrobus-3",
        "line_name": "Línea 3",
        "line_color": "#2E7D32"
      }
    },
    {
      "type": "Feature",
      "geometry": {
        "type": "LineString",
        "coordinates": [
          [
            -99.1490484,
            19.4379445
          ],
          [
            -99.149077,
            19.4378032
          ]
        ]
      },
      "properties": {
        "line_id": "metrobus-3",
        "line_name": "Línea 3",
        "line_color": "#2E7D32"
      }
    },
    {
      "type": "Feature",
      "geometry": {
        "type": "LineString",
        "coordinates": [
          [
            -99.149077,
            19.4378032
          ],
          [
            -99.1488954,
            19.4377689
          ],
          [
            -99.1482479,
            19.4376467
          ],
          [
            -99.1476777,
            19.437539
          ],
          [
            -99.1473057,
            19.4374688
          ],
          [
            -99.1472595,
            19.4374601
          ],
          [
            -99.1469722,
            19.4374059
          ]
        ]
      },
      "properties": {
        "line_id": "metrobus-3",
        "line_name": "Línea 3",
        "line_color": "#2E7D32"
      }
    },
    {
      "type": "Feature",
      "geometry": {
        "type": "LineString",
        "coordinates": [
          [
            -99.1469931,
            19.4372826
          ],
          [
            -99.1469722,
            19.4374059
          ]
        ]
      },
      "properties": {
        "line_id": "metrobus-3",
        "line_name": "Línea 3",
        "line_color": "#2E7D32"
      }
    },
    {
      "type": "Feature",
      "geometry": {
        "type": "LineString",
        "coordinates": [
          [
            -99.1470672,
            19.4368837
          ],
          [
            -99.1470353,
            19.43706
          ],
          [
            -99.147006,
            19.4372146
          ],
          [
            -99.1469931,
            19.4372826
          ]
        ]
      },
      "properties": {
        "line_id": "metrobus-3",
        "line_name": "Línea 3",
        "line_color": "#2E7D32"
      }
    },
    {
      "type": "Feature",
      "geometry": {
        "type": "LineString",
        "coordinates": [
          [
            -99.1470672,
            19.4368837
          ],
          [
            -99.1471292,
            19.4367165
          ],
          [
            -99.1471463,
            19.4366058
          ],
          [
            -99.1473329,
            19.4354022
          ],
          [
            -99.1473371,
            19.4353749
          ],
          [
            -99.1472783,
            19.4352327
          ]
        ]
      },
      "properties": {
        "line_id": "metrobus-3",
        "line_name": "Línea 3",
        "line_color": "#2E7D32"
      }
    },
    {
      "type": "Feature",
      "geometry": {
        "type": "LineString",
        "coordinates": [
          [
            -99.1478755,
            19.432189
          ],
          [
            -99.1478586,
            19.4322719
          ],
          [
            -99.1477936,
            19.4325906
          ],
          [
            -99.1477422,
            19.4328494
          ],
          [
            -99.1477264,
            19.4329289
          ],
          [
            -99.1477087,
            19.4330182
          ],
          [
            -99.1475716,
            19.4337118
          ],
          [
            -99.1475505,
            19.4338186
          ],
          [
            -99.1475352,
            19.4338983
          ],
          [
            -99.1473155,
            19.4350393
          ],
          [
            -99.1472783,
            19.4352327
          ]
        ]
      },
      "properties": {
        "line_id": "metrobus-3",
        "line_name": "Línea 3",
        "line_color": "#2E7D32"
      }
    },
    {
      "type": "Feature",
      "geometry": {
        "type": "LineString",
        "coordinates": [
          [
            -99.1478755,
            19.432189
          ],
          [
            -99.1479224,
            19.4321
          ],
          [
            -99.1480683,
            19.4313869
          ],
          [
            -99.1480764,
            19.4313473
          ],
          [
            -99.1480761,
            19.4312965
          ],
          [
            -99.1480759,
            19.4312254
          ]
        ]
      },
      "properties": {
        "line_id": "metrobus-3",
        "line_name": "Línea 3",
        "line_color": "#2E7D32"
      }
    },
    {
      "type": "Feature",
      "geometry": {
        "type": "LineString",
        "coordinates": [
          [
            -99.1480759,
            19.4312254
          ],
          [
            -99.148082,
            19.4311967
          ],
          [
            -99.148089,
            19.431163
          ],
          [
            -99.1482716,
            19.4302772
          ],
          [
            -99.1482755,
            19.4302585
          ],
          [
            -99.1482906,
            19.4301887
          ],
          [
            -99.1483094,
            19.4301023
          ],
          [
            -99.1483129,
            19.4300864
          ],
          [
            -99.1484681,
            19.4293718
          ],
          [
            -99.1485406,
            19.4290219
          ],
          [
            -99.148578,
            19.4288144
          ]
        ]
      },
      "properties": {
        "line_id": "metrobus-3",
        "line_name": "Línea 3",
        "line_color": "#2E7D32"
      }
    },
    {
      "type": "Feature",
      "geometry": {
        "type": "LineString",
        "coordinates": [
          [
            -99.148578,
            19.4288144
          ],
          [
            -99.1486359,
            19.4286596
          ],
          [
            -99.1488661,
            19.4275734
          ],
          [
            -99.148876,
            19.4275266
          ],
          [
            -99.148907,
            19.4273605
          ],
          [
            -99.1489259,
            19.4272591
          ],
          [
            -99.1489359,
            19.4272065
          ],
          [
            -99.1489999,
            19.4271133
          ],
          [
            -99.1490395,
            19.4270559
          ],
          [
            -99.1490549,
            19.4270336
          ],
          [
            -99.1491658,
            19.4270032
          ],
          [
            -99.1509683,
            19.4265251
          ],
          [
            -99.1511287,
            19.426483
          ],
          [
            -99.1526723,
            19.4260777
          ],
          [
            -99.1527983,
            19.4260414
          ],
          [
            -99.1531014,
            19.425959
          ],
          [
            -99.1532926,
            19.425907
          ],
          [
            -99.1535293,
            19.4258251
          ],
          [
            -99.1536095,
            19.4257738
          ],
          [
            -99.1536539,
            19.4257261
          ],
          [
            -99.1536847,
            19.4256725
          ],
          [
            -99.1536956,
            19.4255877
          ],
          [
            -99.1537951,
            19.4243628
          ],
          [
            -99.1537707,
            19.4242744
          ]
        ]
      },
      "properties": {
        "line_id": "metrobus-3",
        "line_name": "Línea 3",
        "line_color": "#2E7D32"
      }
    },
    {
      "type": "Feature",
      "geometry": {
        "type": "LineString",
        "coordinates": [
          [
            -99.1537707,
            19.4242744
          ],
          [
            -99.1539091,
            19.4225604
          ],
          [
            -99.1540119,
            19.4212424
          ]
        ]
      },
      "properties": {
        "line_id": "metrobus-3",
        "line_name": "Línea 3",
        "line_color": "#2E7D32"
      }
    },
    {
      "type": "Feature",
      "geometry": {
        "type": "LineString",
        "coordinates": [
          [
            -99.1540119,
            19.4212424
          ],
          [
            -99.1540525,
            19.4211411
          ],
          [
            -99.1541475,
            19.4198057
          ],
          [
            -99.1541315,
            19.419736
          ]
        ]
      },
      "properties": {
        "line_id": "metrobus-3",
        "line_name": "Línea 3",
        "line_color": "#2E7D32"
      }
    },
    {
      "type": "Feature",
      "geometry": {
        "type": "LineString",
        "coordinates": [
          [
            -99.1541315,
            19.419736
          ],
          [
            -99.1542197,
            19.418582
          ],
          [
            -99.1542753,
            19.4178357
          ],
          [
            -99.1543605,
            19.4168593
          ],
          [
            -99.1544268,
            19.4159653
          ],
          [
            -99.1544904,
            19.4151489
          ],
          [
            -99.1544991,
            19.415065
          ]
        ]
      },
      "properties": {
        "line_id": "metrobus-3",
        "line_name": "Línea 3",
        "line_color": "#2E7D32"
      }
    },
    {
      "type": "Feature",
      "geometry": {
        "type": "LineString",
        "coordinates": [
          [
            -99.1544991,
            19.415065
          ],
          [
            -99.1545549,
            19.4149844
          ],
          [
            -99.1546421,
            19.4137985
          ],
          [
            -99.1546292,
            19.4136503
          ]
        ]
      },
      "properties": {
        "line_id": "metrobus-3",
        "line_name": "Línea 3",
        "line_color": "#2E7D32"
      }
    },
    {
      "type": "Feature",
      "geometry": {
        "type": "LineString",
        "coordinates": [
          [
            -99.1546292,
            19.4136503
          ],
          [
            -99.154673,
            19.4129668
          ],
          [
            -99.1547738,
            19.4117927
          ]
        ]
      },
      "properties": {
        "line_id": "metrobus-3",
        "line_name": "Línea 3",
        "line_color": "#2E7D32"
      }
    },
    {
      "type": "Feature",
      "geometry": {
        "type": "LineString",
        "coordinates": [
          [
            -99.1547738,
            19.4117927
          ],
          [
            -99.1548301,
            19.4116803
          ],
          [
            -99.1549215,
            19.4105654
          ],
          [
            -99.1549047,
            19.4102542
          ]
        ]
      },
      "properties": {
        "line_id": "metrobus-3",
        "line_name": "Línea 3",
        "line_color": "#2E7D32"
      }
    },
    {
      "type": "Feature",
      "geometry": {
        "type": "LineString",
        "coordinates": [
          [
            -99.1549047,
            19.4102542
          ],
          [
            -99.155071,
            19.408017
          ]
        ]
      },
      "properties": {
        "line_id": "metrobus-3",
        "line_name": "Línea 3",
        "line_color": "#2E7D32"
      }
    },
    {
      "type": "Feature",
      "geometry": {
        "type": "LineString",
        "coordinates": [
          [
            -99.155071,
            19.408017
          ],
          [
            -99.1551114,
            19.4078853
          ],
          [
            -99.1552028,
            19.4067127
          ],
          [
            -99.1552037,
            19.4067012
          ],
          [
            -99.1551821,
            19.4065656
          ]
        ]
      },
      "properties": {
        "line_id": "metrobus-3",
        "line_name": "Línea 3",
        "line_color": "#2E7D32"
      }
    },
    {
      "type": "Feature",
      "geometry": {
        "type": "LineString",
        "coordinates": [
          [
            -99.1551821,
            19.4065656
          ],
          [
            -99.1551819,
            19.4063664
          ],
          [
            -99.1551828,
            19.4063548
          ],
          [
            -99.1552601,
            19.4053234
          ],
          [
            -99.1553758,
            19.4042427
          ]
        ]
      },
      "properties": {
        "line_id": "metrobus-3",
        "line_name": "Línea 3",
        "line_color": "#2E7D32"
      }
    },
    {
      "type": "Feature",
      "geometry": {
        "type": "LineString",
        "coordinates": [
          [
            -99.1553758,
            19.4042427
          ],
          [
            -99.1553801,
            19.4041931
          ]
        ]
      },
      "properties": {
        "line_id": "metrobus-3",
        "line_name": "Línea 3",
        "line_color": "#2E7D32"
      }
    },
    {
      "type": "Feature",
      "geometry": {
        "type": "LineString",
        "coordinates": [
          [
            -99.1553801,
            19.4041931
          ],
          [
            -99.1554031,
            19.4038993
          ]
        ]
      },
      "properties": {
        "line_id": "metrobus-3",
        "line_name": "Línea 3",
        "line_color": "#2E7D32"
      }
    },
    {
      "type": "Feature",
      "geometry": {
        "type": "LineString",
        "coordinates": [
          [
            -99.1554031,
            19.4038993
          ],
          [
            -99.1554083,
            19.4038525
          ]
        ]
      },
      "properties": {
        "line_id": "metrobus-3",
        "line_name": "Línea 3",
        "line_color": "#2E7D32"
      }
    },
    {
      "type": "Feature",
      "geometry": {
        "type": "LineString",
        "coordinates": [
          [
            -99.1554083,
            19.4038525
          ],
          [
            -99.1554391,
            19.4034796
          ],
          [
            -99.15546,
            19.4031546
          ],
          [
            -99.1555027,
            19.4022459
          ],
          [
            -99.1555335,
            19.4018735
          ],
          [
            -99.1555499,
            19.4016959
          ]
        ]
      },
      "properties": {
        "line_id": "metrobus-3",
        "line_name": "Línea 3",
        "line_color": "#2E7D32"
      }
    },
    {
      "type": "Feature",
      "geometry": {
        "type": "LineString",
        "coordinates": [
          [
            -99.1555499,
            19.4016959
          ],
          [
            -99.1555896,
            19.4015959
          ],
          [
            -99.1556776,
            19.4004645
          ],
          [
            -99.1556597,
            19.400138
          ]
        ]
      },
      "properties": {
        "line_id": "metrobus-3",
        "line_name": "Línea 3",
        "line_color": "#2E7D32"
      }
    },
    {
      "type": "Feature",
      "geometry": {
        "type": "LineString",
        "coordinates": [
          [
            -99.1556597,
            19.400138
          ],
          [
            -99.1557985,
            19.3984494
          ],
          [
            -99.1558067,
            19.3983493
          ],
          [
            -99.1558148,
            19.39823
          ],
          [
            -99.1558222,
            19.3981312
          ],
          [
            -99.1558418,
            19.3978681
          ]
        ]
      },
      "properties": {
        "line_id": "metrobus-3",
        "line_name": "Línea 3",
        "line_color": "#2E7D32"
      }
    },
    {
      "type": "Feature",
      "geometry": {
        "type": "LineString",
        "coordinates": [
          [
            -99.1558418,
            19.3978681
          ],
          [
            -99.1558901,
            19.3977204
          ],
          [
            -99.1560169,
            19.3961499
          ],
          [
            -99.1559953,
            19.3959772
          ]
        ]
      },
      "properties": {
        "line_id": "metrobus-3",
        "line_name": "Línea 3",
        "line_color": "#2E7D32"
      }
    },
    {
      "type": "Feature",
      "geometry": {
        "type": "LineString",
        "coordinates": [
          [
            -99.1559953,
            19.3959772
          ],
          [
            -99.1560008,
            19.395915
          ],
          [
            -99.1560068,
            19.3958594
          ],
          [
            -99.1560466,
            19.3953994
          ],
          [
            -99.1561648,
            19.393953
          ],
          [
            -99.1563161,
            19.3921236
          ]
        ]
      },
      "properties": {
        "line_id": "metrobus-3",
        "line_name": "Línea 3",
        "line_color": "#2E7D32"
      }
    },
    {
      "type": "Feature",
      "geometry": {
        "type": "LineString",
        "coordinates": [
          [
            -99.1563161,
            19.3921236
          ],
          [
            -99.1563498,
            19.3920337
          ],
          [
            -99.1564473,
            19.3908506
          ],
          [
            -99.1564264,
            19.3907565
          ]
        ]
      },
      "properties": {
        "line_id": "metrobus-3",
        "line_name": "Línea 3",
        "line_color": "#2E7D32"
      }
    },
    {
      "type": "Feature",
      "geometry": {
        "type": "LineString",
        "coordinates": [
          [
            -99.1564264,
            19.3907565
          ],
          [
            -99.1565989,
            19.389367
          ],
          [
            -99.1568446,
            19.3875313
          ],
          [
            -99.157094,
            19.3865148
          ]
        ]
      },
      "properties": {
        "line_id": "metrobus-3",
        "line_name": "Línea 3",
        "line_color": "#2E7D32"
      }
    },
    {
      "type": "Feature",
      "geometry": {
        "type": "LineString",
        "coordinates": [
          [
            -99.157094,
            19.3865148
          ],
          [
            -99.1571385,
            19.3864615
          ],
          [
            -99.1574264,
            19.3853187
          ],
          [
            -99.1574169,
            19.3852019
          ]
        ]
      },
      "properties": {
        "line_id": "metrobus-3",
        "line_name": "Línea 3",
        "line_color": "#2E7D32"
      }
    },
    {
      "type": "Feature",
      "geometry": {
        "type": "LineString",
        "coordinates": [
          [
            -99.1574169,
            19.3852019
          ],
          [
            -99.1579996,
            19.3828571
          ],
          [
            -99.1585492,
            19.3811155
          ]
        ]
      },
      "properties": {
        "line_id": "metrobus-3",
        "line_name": "Línea 3",
        "line_color": "#2E7D32"
      }
    },
    {
      "type": "Feature",
      "geometry": {
        "type": "LineString",
        "coordinates": [
          [
            -99.1585492,
            19.3811155
          ],
          [
            -99.1586238,
            19.3810302
          ],
          [
            -99.1590281,
            19.3797538
          ],
          [
            -99.1590424,
            19.3796307
          ]
        ]
      },
      "properties": {
        "line_id": "metrobus-3",
        "line_name": "Línea 3",
        "line_color": "#2E7D32"
      }
    },
    {
      "type": "Feature",
      "geometry": {
        "type": "LineString",
        "coordinates": [
          [
            -99.1590424,
            19.3796307
          ],
          [
            -99.1591206,
            19.3793462
          ],
          [
            -99.1591706,
            19.3792031
          ],
          [
            -99.1592459,
            19.378965
          ],
          [
            -99.1593952,
            19.3783315
          ],
          [
            -99.1598218,
            19.3765158
          ],
          [
            -99.1600575,
            19.3755473
          ]
        ]
      },
      "properties": {
        "line_id": "metrobus-3",
        "line_name": "Línea 3",
        "line_color": "#2E7D32"
      }
    },
    {
      "type": "Feature",
      "geometry": {
        "type": "LineString",
        "coordinates": [
          [
            -99.1600575,
            19.3755473
          ],
          [
            -99.1601462,
            19.3753689
          ],
          [
            -99.1603955,
            19.3743111
          ],
          [
            -99.1603873,
            19.3742152
          ]
        ]
      },
      "properties": {
        "line_id": "metrobus-3",
        "line_name": "Línea 3",
        "line_color": "#2E7D32"
      }
    },
    {
      "type": "Feature",
      "geometry": {
        "type": "LineString",
        "coordinates": [
          [
            -99.1603873,
            19.3742152
          ],
          [
            -99.1608258,
            19.3723547
          ]
        ]
      },
      "properties": {
        "line_id": "metrobus-3",
        "line_name": "Línea 3",
        "line_color": "#2E7D32"
      }
    },
    {
      "type": "Feature",
      "geometry": {
        "type": "LineString",
        "coordinates": [
          [
            -99.1608258,
            19.3723547
          ],
          [
            -99.1609003,
            19.3721929
          ],
          [
            -99.1610732,
            19.3714455
          ]
        ]
      },
      "properties": {
        "line_id": "metrobus-3",
        "line_name": "Línea 3",
        "line_color": "#2E7D32"
      }
    },
    {
      "type": "Feature",
      "geometry": {
        "type": "LineString",
        "coordinates": [
          [
            -99.0789813,
            19.4192086
          ],
          [
            -99.0789917,
            19.4191254
          ],
          [
            -99.078982,
            19.4190382
          ],
          [
            -99.0789519,
            19.4189553
          ],
          [
            -99.0789028,
            19.4188808
          ],
          [
            -99.078832,
            19.4188145
          ],
          [
            -99.0787424,
            19.4187649
          ],
          [
            -99.0786278,
            19.418736
          ],
          [
            -99.0785092,
            19.4187391
          ],
          [
            -99.0783964,
            19.4187739
          ],
          [
            -99.0782989,
            19.4188375
          ],
          [
            -99.0782246,
            19.4189248
          ],
          [
            -99.0781805,
            19.4190255
          ],
          [
            -99.0781678,
            19.4191337
          ],
          [
            -99.0781874,
            19.419241
          ],
          [
            -99.0782205,
            19.4193123
          ],
          [
            -99.0782679,
            19.419376
          ],
          [
            -99.0783277,
            19.4194295
          ],
          [
            -99.07843,
            19.419484
          ],
          [
            -99.0785072,
            19.4195045
          ],
          [
            -99.078587,
            19.4195105
          ],
          [
            -99.0786666,
            19.4195018
          ],
          [
            -99.0787429,
            19.4194788
          ],
          [
            -99.0788391,
            19.4194248
          ],
          [
            -99.0789061,
            19.4193591
          ],
          [
            -99.0789524,
            19.4192877
          ],
          [
            -99.0789813,
            19.4192086
          ]
        ]
      },
      "properties": {
        "line_id": "metrobus-4",
        "line_name": "Línea 4",
        "line_color": "#6A1B9A"
      }
    },
    {
      "type": "Feature",
      "geometry": {
        "type": "LineString",
        "coordinates": [
          [
            -99.0792659,
            19.4193088
          ],
          [
            -99.0791246,
            19.4192201
          ],
          [
            -99.0789917,
            19.4191254
          ]
        ]
      },
      "properties": {
        "line_id": "metrobus-4",
        "line_name": "Línea 4",
        "line_color": "#6A1B9A"
      }
    },
    {
      "type": "Feature",
      "geometry": {
        "type": "LineString",
        "coordinates": [
          [
            -99.0824878,
            19.4213109
          ],
          [
            -99.0820031,
            19.4210205
          ],
          [
            -99.0813588,
            19.4206151
          ],
          [
            -99.0811856,
            19.4204971
          ],
          [
            -99.0810257,
            19.4203803
          ],
          [
            -99.0809178,
            19.4202866
          ],
          [
            -99.0808253,
            19.4201961
          ],
          [
            -99.0807389,
            19.4201159
          ],
          [
            -99.080663,
            19.4200489
          ],
          [
            -99.0805659,
            19.4199817
          ],
          [
            -99.0804475,
            19.4199152
          ],
          [
            -99.079842,
            19.4196114
          ],
          [
            -99.0795364,
            19.4194628
          ],
          [
            -99.0794023,
            19.4193931
          ],
          [
            -99.0792659,
            19.4193088
          ]
        ]
      },
      "properties": {
        "line_id": "metrobus-4",
        "line_name": "Línea 4",
        "line_color": "#6A1B9A"
      }
    },
    {
      "type": "Feature",
      "geometry": {
        "type": "LineString",
        "coordinates": [
          [
            -99.0828133,
            19.421524
          ],
          [
            -99.0824878,
            19.4213109
          ]
        ]
      },
      "properties": {
        "line_id": "metrobus-4",
        "line_name": "Línea 4",
        "line_color": "#6A1B9A"
      }
    },
    {
      "type": "Feature",
      "geometry": {
        "type": "LineString",
        "coordinates": [
          [
            -99.0871812,
            19.4240222
          ],
          [
            -99.0868491,
            19.4237995
          ],
          [
            -99.0865217,
            19.4235902
          ],
          [
            -99.0863128,
            19.4234626
          ],
          [
            -99.0860852,
            19.4233251
          ],
          [
            -99.0850052,
            19.4226968
          ],
          [
            -99.0844303,
            19.4223884
          ],
          [
            -99.0843818,
            19.4223619
          ],
          [
            -99.0838145,
            19.4220631
          ],
          [
            -99.0829197,
            19.4215869
          ],
          [
            -99.0828133,
            19.421524
          ]
        ]
      },
      "properties": {
        "line_id": "metrobus-4",
        "line_name": "Línea 4",
        "line_color": "#6A1B9A"
      }
    },
    {
      "type": "Feature",
      "geometry": {
        "type": "LineString",
        "coordinates": [
          [
            -99.0876255,
            19.4243195
          ],
          [
            -99.0871812,
            19.4240222
          ]
        ]
      },
      "properties": {
        "line_id": "metrobus-4",
        "line_name": "Línea 4",
        "line_color": "#6A1B9A"
      }
    },
    {
      "type": "Feature",
      "geometry": {
        "type": "LineString",
        "coordinates": [
          [
            -99.0882212,
            19.4246956
          ],
          [
            -99.0878329,
            19.4244546
          ],
          [
            -99.0876255,
            19.4243195
          ]
        ]
      },
      "properties": {
        "line_id": "metrobus-4",
        "line_name": "Línea 4",
        "line_color": "#6A1B9A"
      }
    },
    {
      "type": "Feature",
      "geometry": {
        "type": "LineString",
        "coordinates": [
          [
            -99.0901668,
            19.4304196
          ],
          [
            -99.0905249,
            19.4297664
          ],
          [
            -99.0916232,
            19.4277687
          ],
          [
            -99.091683,
            19.427642
          ],
          [
            -99.0917148,
            19.4275513
          ],
          [
            -99.0917356,
            19.4274671
          ],
          [
            -99.0917474,
            19.4273775
          ],
          [
            -99.091751,
            19.4272913
          ],
          [
            -99.0917447,
            19.4272146
          ],
          [
            -99.0917322,
            19.4271385
          ],
          [
            -99.0917136,
            19.4270635
          ],
          [
            -99.0916764,
            19.4269757
          ],
          [
            -99.0916307,
            19.4268916
          ],
          [
            -99.0915841,
            19.4268157
          ],
          [
            -99.0915247,
            19.4267442
          ],
          [
            -99.0914699,
            19.4266862
          ],
          [
            -99.0913826,
            19.4266097
          ],
          [
            -99.0913059,
            19.4265554
          ],
          [
            -99.0911583,
            19.4264609
          ],
          [
            -99.0888011,
            19.4250405
          ],
          [
            -99.0882212,
            19.4246956
          ]
        ]
      },
      "properties": {
        "line_id": "metrobus-4",
        "line_name": "Línea 4",
        "line_color": "#6A1B9A"
      }
    },
    {
      "type": "Feature",
      "geometry": {
        "type": "LineString",
        "coordinates": [
          [
            -99.0884705,
            19.43309
          ],
          [
            -99.0892366,
            19.4319599
          ],
          [
            -99.0894954,
            19.4315697
          ],
          [
            -99.0897093,
            19.4312207
          ],
          [
            -99.0901668,
            19.4304196
          ]
        ]
      },
      "properties": {
        "line_id": "metrobus-4",
        "line_name": "Línea 4",
        "line_color": "#6A1B9A"
      }
    },
    {
      "type": "Feature",
      "geometry": {
        "type": "LineString",
        "coordinates": [
          [
            -99.0881287,
            19.4335882
          ],
          [
            -99.0882238,
            19.4334556
          ],
          [
            -99.0884705,
            19.43309
          ]
        ]
      },
      "properties": {
        "line_id": "metrobus-4",
        "line_name": "Línea 4",
        "line_color": "#6A1B9A"
      }
    },
    {
      "type": "Feature",
      "geometry": {
        "type": "LineString",
        "coordinates": [
          [
            -99.0860661,
            19.4350572
          ],
          [
            -99.0864737,
            19.4350521
          ],
          [
            -99.0866447,
            19.435049
          ],
          [
            -99.0867369,
            19.4350487
          ],
          [
            -99.0868279,
            19.4350416
          ],
          [
            -99.0869052,
            19.4350297
          ],
          [
            -99.0869928,
            19.4350024
          ],
          [
            -99.0870824,
            19.4349598
          ],
          [
            -99.0871372,
            19.4349297
          ],
          [
            -99.0871873,
            19.4348953
          ],
          [
            -99.08725,
            19.4348361
          ],
          [
            -99.0873166,
            19.4347565
          ],
          [
            -99.0881287,
            19.4335882
          ]
        ]
      },
      "properties": {
        "line_id": "metrobus-4",
        "line_name": "Línea 4",
        "line_color": "#6A1B9A"
      }
    },
    {
      "type": "Feature",
      "geometry": {
        "type": "LineString",
        "coordinates": [
          [
            -99.0848811,
            19.4350746
          ],
          [
            -99.084971,
            19.4350703
          ],
          [
            -99.0860661,
            19.4350572
          ]
        ]
      },
      "properties": {
        "line_id": "metrobus-4",
        "line_name": "Línea 4",
        "line_color": "#6A1B9A"
      }
    },
    {
      "type": "Feature",
      "geometry": {
        "type": "LineString",
        "coordinates": [
          [
            -99.0846834,
            19.4351152
          ],
          [
            -99.0847491,
            19.4350935
          ],
          [
            -99.0848151,
            19.4350802
          ],
          [
            -99.0848811,
            19.4350746
          ]
        ]
      },
      "properties": {
        "line_id": "metrobus-4",
        "line_name": "Línea 4",
        "line_color": "#6A1B9A"
      }
    },
    {
      "type": "Feature",
      "geometry": {
        "type": "LineString",
        "coordinates": [
          [
            -99.0843548,
            19.4353013
          ],
          [
            -99.0845214,
            19.4351929
          ],
          [
            -99.0845966,
            19.4351514
          ],
          [
            -99.0846834,
            19.4351152
          ]
        ]
      },
      "properties": {
        "line_id": "metrobus-4",
        "line_name": "Línea 4",
        "line_color": "#6A1B9A"
      }
    },
    {
      "type": "Feature",
      "geometry": {
        "type": "LineString",
        "coordinates": [
          [
            -99.0840453,
            19.4355163
          ],
          [
            -99.0843548,
            19.4353013
          ]
        ]
      },
      "properties": {
        "line_id": "metrobus-4",
        "line_name": "Línea 4",
        "line_color": "#6A1B9A"
      }
    },
    {
      "type": "Feature",
      "geometry": {
        "type": "LineString",
        "coordinates": [
          [
            -99.0834789,
            19.4358711
          ],
          [
            -99.0840453,
            19.4355163
          ]
        ]
      },
      "properties": {
        "line_id": "metrobus-4",
        "line_name": "Línea 4",
        "line_color": "#6A1B9A"
      }
    },
    {
      "type": "Feature",
      "geometry": {
        "type": "LineString",
        "coordinates": [
          [
            -99.0818622,
            19.4367713
          ],
          [
            -99.0827024,
            19.4363118
          ],
          [
            -99.0828085,
            19.4362557
          ],
          [
            -99.0833269,
            19.435954
          ],
          [
            -99.0834789,
            19.4358711
          ]
        ]
      },
      "properties": {
        "line_id": "metrobus-4",
        "line_name": "Línea 4",
        "line_color": "#6A1B9A"
      }
    },
    {
      "type": "Feature",
      "geometry": {
        "type": "LineString",
        "coordinates": [
          [
            -99.0810415,
            19.4372263
          ],
          [
            -99.0818622,
            19.4367713
          ]
        ]
      },
      "properties": {
        "line_id": "metrobus-4",
        "line_name": "Línea 4",
        "line_color": "#6A1B9A"
      }
    },
    {
      "type": "Feature",
      "geometry": {
        "type": "LineString",
        "coordinates": [
          [
            -99.0816975,
            19.4365231
          ],
          [
            -99.080577,
            19.4371269
          ]
        ]
      },
      "properties": {
        "line_id": "metrobus-4",
        "line_name": "Línea 4",
        "line_color": "#6A1B9A"
      }
    },
    {
      "type": "Feature",
      "geometry": {
        "type": "LineString",
        "coordinates": [
          [
            -99.0827186,
            19.4359643
          ],
          [
            -99.0816975,
            19.4365231
          ]
        ]
      },
      "properties": {
        "line_id": "metrobus-4",
        "line_name": "Línea 4",
        "line_color": "#6A1B9A"
      }
    },
    {
      "type": "Feature",
      "geometry": {
        "type": "LineString",
        "coordinates": [
          [
            -99.0828047,
            19.4359122
          ],
          [
            -99.0827186,
            19.4359643
          ]
        ]
      },
      "properties": {
        "line_id": "metrobus-4",
        "line_name": "Línea 4",
        "line_color": "#6A1B9A"
      }
    },
    {
      "type": "Feature",
      "geometry": {
        "type": "LineString",
        "coordinates": [
          [
            -99.080577,
            19.4371269
          ],
          [
            -99.0804152,
            19.437215
          ],
          [
            -99.0798858,
            19.4375237
          ]
        ]
      },
      "properties": {
        "line_id": "metrobus-4",
        "line_name": "Línea 4",
        "line_color": "#6A1B9A"
      }
    },
    {
      "type": "Feature",
      "geometry": {
        "type": "LineString",
        "coordinates": [
          [
            -99.08074,
            19.4373934
          ],
          [
            -99.0808007,
            19.4373598
          ],
          [
            -99.0810415,
            19.4372263
          ]
        ]
      },
      "properties": {
        "line_id": "metrobus-4",
        "line_name": "Línea 4",
        "line_color": "#6A1B9A"
      }
    },
    {
      "type": "Feature",
      "geometry": {
        "type": "LineString",
        "coordinates": [
          [
            -99.0806126,
            19.4374633
          ],
          [
            -99.08074,
            19.4373934
          ]
        ]
      },
      "properties": {
        "line_id": "metrobus-4",
        "line_name": "Línea 4",
        "line_color": "#6A1B9A"
      }
    },
    {
      "type": "Feature",
      "geometry": {
        "type": "LineString",
        "coordinates": [
          [
            -99.0781601,
            19.4388399
          ],
          [
            -99.078432,
            19.4386862
          ],
          [
            -99.0800546,
            19.4377802
          ],
          [
            -99.080116,
            19.4377452
          ],
          [
            -99.0803428,
            19.4376085
          ],
          [
            -99.0806126,
            19.4374633
          ]
        ]
      },
      "properties": {
        "line_id": "metrobus-4",
        "line_name": "Línea 4",
        "line_color": "#6A1B9A"
      }
    },
    {
      "type": "Feature",
      "geometry": {
        "type": "LineString",
        "coordinates": [
          [
            -99.0832498,
            19.4356011
          ],
          [
            -99.0830616,
            19.4357315
          ],
          [
            -99.0829723,
            19.4357919
          ],
          [
            -99.0828047,
            19.4359122
          ]
        ]
      },
      "properties": {
        "line_id": "metrobus-4",
        "line_name": "Línea 4",
        "line_color": "#6A1B9A"
      }
    },
    {
      "type": "Feature",
      "geometry": {
        "type": "LineString",
        "coordinates": [
          [
            -99.0862705,
            19.433919
          ],
          [
            -99.0860027,
            19.4340696
          ],
          [
            -99.085918,
            19.434114
          ],
          [
            -99.0857343,
            19.4342081
          ],
          [
            -99.0853313,
            19.4344235
          ],
          [
            -99.0850236,
            19.434597
          ],
          [
            -99.084753,
            19.434757
          ],
          [
            -99.0844668,
            19.4349181
          ],
          [
            -99.0837247,
            19.4353447
          ],
          [
            -99.0835806,
            19.4354253
          ],
          [
            -99.0834972,
            19.4354692
          ],
          [
            -99.0834298,
            19.4355072
          ],
          [
            -99.0832498,
            19.4356011
          ]
        ]
      },
      "properties": {
        "line_id": "metrobus-4",
        "line_name": "Línea 4",
        "line_color": "#6A1B9A"
      }
    },
    {
      "type": "Feature",
      "geometry": {
        "type": "LineString",
        "coordinates": [
          [
            -99.0871444,
            19.4339234
          ],
          [
            -99.0869357,
            19.4338899
          ],
          [
            -99.0867805,
            19.4338661
          ],
          [
            -99.08664,
            19.4338561
          ],
          [
            -99.0865697,
            19.4338536
          ],
          [
            -99.0865114,
            19.4338561
          ],
          [
            -99.0864464,
            19.4338611
          ],
          [
            -99.0863592,
            19.4338818
          ],
          [
            -99.0863311,
            19.4338924
          ],
          [
            -99.0862705,
            19.433919
          ]
        ]
      },
      "properties": {
        "line_id": "metrobus-4",
        "line_name": "Línea 4",
        "line_color": "#6A1B9A"
      }
    },
    {
      "type": "Feature",
      "geometry": {
        "type": "LineString",
        "coordinates": [
          [
            -99.0884105,
            19.4334858
          ],
          [
            -99.088326,
            19.4335611
          ],
          [
            -99.088252,
            19.4336129
          ],
          [
            -99.0881837,
            19.4336586
          ],
          [
            -99.0880928,
            19.4337118
          ],
          [
            -99.0879628,
            19.4337831
          ],
          [
            -99.0878278,
            19.4338359
          ],
          [
            -99.0877543,
            19.4338628
          ],
          [
            -99.0876471,
            19.4338934
          ],
          [
            -99.0875515,
            19.4339157
          ],
          [
            -99.0874534,
            19.4339262
          ],
          [
            -99.0873537,
            19.4339297
          ],
          [
            -99.0872569,
            19.4339293
          ],
          [
            -99.0871444,
            19.4339234
          ]
        ]
      },
      "properties": {
        "line_id": "metrobus-4",
        "line_name": "Línea 4",
        "line_color": "#6A1B9A"
      }
    },
    {
      "type": "Feature",
      "geometry": {
        "type": "LineString",
        "coordinates": [
          [
            -99.0890262,
            19.4328166
          ],
          [
            -99.0888893,
            19.4329836
          ],
          [
            -99.0887416,
            19.4331466
          ],
          [
            -99.0886296,
            19.4332737
          ],
          [
            -99.0885123,
            19.4333859
          ],
          [
            -99.0884105,
            19.4334858
          ]
        ]
      },
      "properties": {
        "line_id": "metrobus-4",
        "line_name": "Línea 4",
        "line_color": "#6A1B9A"
      }
    },
    {
      "type": "Feature",
      "geometry": {
        "type": "LineString",
        "coordinates": [
          [
            -99.0915259,
            19.4282705
          ],
          [
            -99.0895519,
            19.4318637
          ],
          [
            -99.0891961,
            19.4325085
          ],
          [
            -99.0890262,
            19.4328166
          ]
        ]
      },
      "properties": {
        "line_id": "metrobus-4",
        "line_name": "Línea 4",
        "line_color": "#6A1B9A"
      }
    },
    {
      "type": "Feature",
      "geometry": {
        "type": "LineString",
        "coordinates": [
          [
            -99.0918131,
            19.4276291
          ],
          [
            -99.0915774,
            19.4280828
          ],
          [
            -99.0915259,
            19.4282705
          ]
        ]
      },
      "properties": {
        "line_id": "metrobus-4",
        "line_name": "Línea 4",
        "line_color": "#6A1B9A"
      }
    },
    {
      "type": "Feature",
      "geometry": {
        "type": "LineString",
        "coordinates": [
          [
            -99.0922179,
            19.4268749
          ],
          [
            -99.0918131,
            19.4276291
          ]
        ]
      },
      "properties": {
        "line_id": "metrobus-4",
        "line_name": "Línea 4",
        "line_color": "#6A1B9A"
      }
    },
    {
      "type": "Feature",
      "geometry": {
        "type": "LineString",
        "coordinates": [
          [
            -99.0923495,
            19.4266297
          ],
          [
            -99.0922179,
            19.4268749
          ]
        ]
      },
      "properties": {
        "line_id": "metrobus-4",
        "line_name": "Línea 4",
        "line_color": "#6A1B9A"
      }
    },
    {
      "type": "Feature",
      "geometry": {
        "type": "LineString",
        "coordinates": [
          [
            -99.092614,
            19.4261368
          ],
          [
            -99.0923495,
            19.4266297
          ]
        ]
      },
      "properties": {
        "line_id": "metrobus-4",
        "line_name": "Línea 4",
        "line_color": "#6A1B9A"
      }
    },
    {
      "type": "Feature",
      "geometry": {
        "type": "LineString",
        "coordinates": [
          [
            -99.0923224,
            19.4258569
          ],
          [
            -99.0923619,
            19.425848
          ],
          [
            -99.0924024,
            19.4258459
          ],
          [
            -99.0924427,
            19.4258506
          ],
          [
            -99.0924813,
            19.4258622
          ],
          [
            -99.0925172,
            19.4258801
          ],
          [
            -99.0925491,
            19.4259037
          ],
          [
            -99.0925756,
            19.425932
          ],
          [
            -99.0925964,
            19.4259643
          ],
          [
            -99.0926108,
            19.4259996
          ],
          [
            -99.0926184,
            19.4260367
          ],
          [
            -99.0926188,
            19.4260745
          ],
          [
            -99.092614,
            19.4261368
          ]
        ]
      },
      "properties": {
        "line_id": "metrobus-4",
        "line_name": "Línea 4",
        "line_color": "#6A1B9A"
      }
    },
    {
      "type": "Feature",
      "geometry": {
        "type": "LineString",
        "coordinates": [
          [
            -99.0918244,
            19.4262458
          ],
          [
            -99.0918209,
            19.4262022
          ],
          [
            -99.0918244,
            19.4261626
          ],
          [
            -99.0918343,
            19.4261239
          ],
          [
            -99.0918504,
            19.4260871
          ],
          [
            -99.0918761,
            19.4260565
          ],
          [
            -99.0919054,
            19.4260289
          ],
          [
            -99.0919375,
            19.426005
          ],
          [
            -99.0919724,
            19.4259847
          ],
          [
            -99.0923224,
            19.4258569
          ]
        ]
      },
      "properties": {
        "line_id": "metrobus-4",
        "line_name": "Línea 4",
        "line_color": "#6A1B9A"
      }
    },
    {
      "type": "Feature",
      "geometry": {
        "type": "LineString",
        "coordinates": [
          [
            -99.0919263,
            19.4264296
          ],
          [
            -99.0918621,
            19.4263469
          ],
          [
            -99.0918356,
            19.4262882
          ],
          [
            -99.0918244,
            19.4262458
          ]
        ]
      },
      "properties": {
        "line_id": "metrobus-4",
        "line_name": "Línea 4",
        "line_color": "#6A1B9A"
      }
    },
    {
      "type": "Feature",
      "geometry": {
        "type": "LineString",
        "coordinates": [
          [
            -99.0922719,
            19.426645
          ],
          [
            -99.0919263,
            19.4264296
          ]
        ]
      },
      "properties": {
        "line_id": "metrobus-4",
        "line_name": "Línea 4",
        "line_color": "#6A1B9A"
      }
    },
    {
      "type": "Feature",
      "geometry": {
        "type": "LineString",
        "coordinates": [
          [
            -99.0926885,
            19.4269049
          ],
          [
            -99.0922719,
            19.426645
          ]
        ]
      },
      "properties": {
        "line_id": "metrobus-4",
        "line_name": "Línea 4",
        "line_color": "#6A1B9A"
      }
    },
    {
      "type": "Feature",
      "geometry": {
        "type": "LineString",
        "coordinates": [
          [
            -99.0929667,
            19.4270762
          ],
          [
            -99.0929182,
            19.4270454
          ],
          [
            -99.0926885,
            19.4269049
          ]
        ]
      },
      "properties": {
        "line_id": "metrobus-4",
        "line_name": "Línea 4",
        "line_color": "#6A1B9A"
      }
    },
    {
      "type": "Feature",
      "geometry": {
        "type": "LineString",
        "coordinates": [
          [
            -99.0943201,
            19.4277878
          ],
          [
            -99.0933902,
            19.4273425
          ],
          [
            -99.0932839,
            19.4272854
          ],
          [
            -99.093182,
            19.4272238
          ],
          [
            -99.0929667,
            19.4270762
          ]
        ]
      },
      "properties": {
        "line_id": "metrobus-4",
        "line_name": "Línea 4",
        "line_color": "#6A1B9A"
      }
    },
    {
      "type": "Feature",
      "geometry": {
        "type": "LineString",
        "coordinates": [
          [
            -99.0945663,
            19.4278967
          ],
          [
            -99.0943201,
            19.4277878
          ]
        ]
      },
      "properties": {
        "line_id": "metrobus-4",
        "line_name": "Línea 4",
        "line_color": "#6A1B9A"
      }
    },
    {
      "type": "Feature",
      "geometry": {
        "type": "LineString",
        "coordinates": [
          [
            -99.0950502,
            19.4281254
          ],
          [
            -99.0945663,
            19.4278967
          ]
        ]
      },
      "properties": {
        "line_id": "metrobus-4",
        "line_name": "Línea 4",
        "line_color": "#6A1B9A"
      }
    },
    {
      "type": "Feature",
      "geometry": {
        "type": "LineString",
        "coordinates": [
          [
            -99.0953703,
            19.4282813
          ],
          [
            -99.0952783,
            19.4282359
          ],
          [
            -99.0950502,
            19.4281254
          ]
        ]
      },
      "properties": {
        "line_id": "metrobus-4",
        "line_name": "Línea 4",
        "line_color": "#6A1B9A"
      }
    },
    {
      "type": "Feature",
      "geometry": {
        "type": "LineString",
        "coordinates": [
          [
            -99.0959933,
            19.4285807
          ],
          [
            -99.0955217,
            19.4283547
          ],
          [
            -99.0953703,
            19.4282813
          ]
        ]
      },
      "properties": {
        "line_id": "metrobus-4",
        "line_name": "Línea 4",
        "line_color": "#6A1B9A"
      }
    },
    {
      "type": "Feature",
      "geometry": {
        "type": "LineString",
        "coordinates": [
          [
            -99.0961084,
            19.4286375
          ],
          [
            -99.0959933,
            19.4285807
          ]
        ]
      },
      "properties": {
        "line_id": "metrobus-4",
        "line_name": "Línea 4",
        "line_color": "#6A1B9A"
      }
    },
    {
      "type": "Feature",
      "geometry": {
        "type": "LineString",
        "coordinates": [
          [
            -99.0964904,
            19.4288228
          ],
          [
            -99.0962087,
            19.4286861
          ],
          [
            -99.0961084,
            19.4286375
          ]
        ]
      },
      "properties": {
        "line_id": "metrobus-4",
        "line_name": "Línea 4",
        "line_color": "#6A1B9A"
      }
    },
    {
      "type": "Feature",
      "geometry": {
        "type": "LineString",
        "coordinates": [
          [
            -99.0981566,
            19.4296607
          ],
          [
            -99.0976431,
            19.4294038
          ],
          [
            -99.0971438,
            19.4291528
          ],
          [
            -99.0966197,
            19.4288873
          ],
          [
            -99.0964904,
            19.4288228
          ]
        ]
      },
      "properties": {
        "line_id": "metrobus-4",
        "line_name": "Línea 4",
        "line_color": "#6A1B9A"
      }
    },
    {
      "type": "Feature",
      "geometry": {
        "type": "LineString",
        "coordinates": [
          [
            -99.0985152,
            19.4298387
          ],
          [
            -99.0982516,
            19.4297093
          ],
          [
            -99.0981566,
            19.4296607
          ]
        ]
      },
      "properties": {
        "line_id": "metrobus-4",
        "line_name": "Línea 4",
        "line_color": "#6A1B9A"
      }
    },
    {
      "type": "Feature",
      "geometry": {
        "type": "LineString",
        "coordinates": [
          [
            -99.0998053,
            19.4304831
          ],
          [
            -99.0994022,
            19.4302834
          ],
          [
            -99.0991712,
            19.4301677
          ],
          [
            -99.0986615,
            19.4299111
          ],
          [
            -99.0985152,
            19.4298387
          ]
        ]
      },
      "properties": {
        "line_id": "metrobus-4",
        "line_name": "Línea 4",
        "line_color": "#6A1B9A"
      }
    },
    {
      "type": "Feature",
      "geometry": {
        "type": "LineString",
        "coordinates": [
          [
            -99.100211,
            19.4306815
          ],
          [
            -99.1001002,
            19.4306273
          ],
          [
            -99.099951,
            19.4305543
          ],
          [
            -99.0998053,
            19.4304831
          ]
        ]
      },
      "properties": {
        "line_id": "metrobus-4",
        "line_name": "Línea 4",
        "line_color": "#6A1B9A"
      }
    },
    {
      "type": "Feature",
      "geometry": {
        "type": "LineString",
        "coordinates": [
          [
            -99.1027463,
            19.4319522
          ],
          [
            -99.1026655,
            19.4319109
          ],
          [
            -99.1022271,
            19.431687
          ],
          [
            -99.1017283,
            19.4314386
          ],
          [
            -99.1012273,
            19.4311935
          ],
          [
            -99.1007244,
            19.4309391
          ],
          [
            -99.100211,
            19.4306815
          ]
        ]
      },
      "properties": {
        "line_id": "metrobus-4",
        "line_name": "Línea 4",
        "line_color": "#6A1B9A"
      }
    },
    {
      "type": "Feature",
      "geometry": {
        "type": "LineString",
        "coordinates": [
          [
            -99.103158,
            19.4321558
          ],
          [
            -99.1028538,
            19.4320062
          ],
          [
            -99.1028062,
            19.4319823
          ],
          [
            -99.1027463,
            19.4319522
          ]
        ]
      },
      "properties": {
        "line_id": "metrobus-4",
        "line_name": "Línea 4",
        "line_color": "#6A1B9A"
      }
    },
    {
      "type": "Feature",
      "geometry": {
        "type": "LineString",
        "coordinates": [
          [
            -99.1057976,
            19.4334042
          ],
          [
            -99.1055122,
            19.4333203
          ],
          [
            -99.1053766,
            19.4332649
          ],
          [
            -99.1052553,
            19.4332057
          ],
          [
            -99.1047534,
            19.4329533
          ],
          [
            -99.1042628,
            19.4327073
          ],
          [
            -99.1037709,
            19.4324606
          ],
          [
            -99.1032695,
            19.4322106
          ],
          [
            -99.103158,
            19.4321558
          ]
        ]
      },
      "properties": {
        "line_id": "metrobus-4",
        "line_name": "Línea 4",
        "line_color": "#6A1B9A"
      }
    },
    {
      "type": "Feature",
      "geometry": {
        "type": "LineString",
        "coordinates": [
          [
            -99.1062466,
            19.4335463
          ],
          [
            -99.1059113,
            19.4334402
          ],
          [
            -99.1057976,
            19.4334042
          ]
        ]
      },
      "properties": {
        "line_id": "metrobus-4",
        "line_name": "Línea 4",
        "line_color": "#6A1B9A"
      }
    },
    {
      "type": "Feature",
      "geometry": {
        "type": "LineString",
        "coordinates": [
          [
            -99.1075809,
            19.4339998
          ],
          [
            -99.1074447,
            19.4339365
          ],
          [
            -99.1073412,
            19.4338949
          ],
          [
            -99.106895,
            19.4337494
          ],
          [
            -99.1063931,
            19.4335927
          ],
          [
            -99.1062466,
            19.4335463
          ]
        ]
      },
      "properties": {
        "line_id": "metrobus-4",
        "line_name": "Línea 4",
        "line_color": "#6A1B9A"
      }
    },
    {
      "type": "Feature",
      "geometry": {
        "type": "LineString",
        "coordinates": [
          [
            -99.1076162,
            19.4340201
          ],
          [
            -99.1075809,
            19.4339998
          ]
        ]
      },
      "properties": {
        "line_id": "metrobus-4",
        "line_name": "Línea 4",
        "line_color": "#6A1B9A"
      }
    },
    {
      "type": "Feature",
      "geometry": {
        "type": "LineString",
        "coordinates": [
          [
            -99.107999,
            19.434327
          ],
          [
            -99.1079602,
            19.434282
          ],
          [
            -99.1079198,
            19.4342438
          ],
          [
            -99.1078459,
            19.4341835
          ],
          [
            -99.1077251,
            19.4340907
          ],
          [
            -99.1076515,
            19.4340404
          ],
          [
            -99.1076162,
            19.4340201
          ]
        ]
      },
      "properties": {
        "line_id": "metrobus-4",
        "line_name": "Línea 4",
        "line_color": "#6A1B9A"
      }
    },
    {
      "type": "Feature",
      "geometry": {
        "type": "LineString",
        "coordinates": [
          [
            -99.1081103,
            19.4344884
          ],
          [
            -99.1080366,
            19.4343751
          ],
          [
            -99.107999,
            19.434327
          ]
        ]
      },
      "properties": {
        "line_id": "metrobus-4",
        "line_name": "Línea 4",
        "line_color": "#6A1B9A"
      }
    },
    {
      "type": "Feature",
      "geometry": {
        "type": "LineString",
        "coordinates": [
          [
            -99.108196,
            19.4346197
          ],
          [
            -99.1081103,
            19.4344884
          ]
        ]
      },
      "properties": {
        "line_id": "metrobus-4",
        "line_name": "Línea 4",
        "line_color": "#6A1B9A"
      }
    },
    {
      "type": "Feature",
      "geometry": {
        "type": "LineString",
        "coordinates": [
          [
            -99.1082784,
            19.4347645
          ],
          [
            -99.1082261,
            19.4346658
          ],
          [
            -99.108196,
            19.4346197
          ]
        ]
      },
      "properties": {
        "line_id": "metrobus-4",
        "line_name": "Línea 4",
        "line_color": "#6A1B9A"
      }
    },
    {
      "type": "Feature",
      "geometry": {
        "type": "LineString",
        "coordinates": [
          [
            -99.1084982,
            19.4352116
          ],
          [
            -99.1084408,
            19.435084
          ],
          [
            -99.1083701,
            19.4349413
          ],
          [
            -99.1083251,
            19.4348546
          ],
          [
            -99.1082784,
            19.4347645
          ]
        ]
      },
      "properties": {
        "line_id": "metrobus-4",
        "line_name": "Línea 4",
        "line_color": "#6A1B9A"
      }
    },
    {
      "type": "Feature",
      "geometry": {
        "type": "LineString",
        "coordinates": [
          [
            -99.1092432,
            19.437308
          ],
          [
            -99.1092009,
            19.4372851
          ],
          [
            -99.1091412,
            19.4372501
          ],
          [
            -99.1090805,
            19.4372108
          ],
          [
            -99.1090277,
            19.43717
          ],
          [
            -99.1089808,
            19.4371227
          ],
          [
            -99.1089293,
            19.4370705
          ],
          [
            -99.1088789,
            19.4369999
          ],
          [
            -99.1088384,
            19.4369348
          ],
          [
            -99.1088124,
            19.4368704
          ],
          [
            -99.10879,
            19.4368033
          ],
          [
            -99.1087765,
            19.4367473
          ],
          [
            -99.1087641,
            19.4366786
          ],
          [
            -99.1087552,
            19.4366149
          ],
          [
            -99.1087452,
            19.4365264
          ],
          [
            -99.1086733,
            19.4359664
          ],
          [
            -99.1086543,
            19.4358211
          ],
          [
            -99.1086323,
            19.4356503
          ],
          [
            -99.1086056,
            19.435528
          ],
          [
            -99.1085699,
            19.4354013
          ],
          [
            -99.1084982,
            19.4352116
          ]
        ]
      },
      "properties": {
        "line_id": "metrobus-4",
        "line_name": "Línea 4",
        "line_color": "#6A1B9A"
      }
    },
    {
      "type": "Feature",
      "geometry": {
        "type": "LineString",
        "coordinates": [
          [
            -99.1092854,
            19.4373233
          ],
          [
            -99.1092432,
            19.437308
          ]
        ]
      },
      "properties": {
        "line_id": "metrobus-4",
        "line_name": "Línea 4",
        "line_color": "#6A1B9A"
      }
    },
    {
      "type": "Feature",
      "geometry": {
        "type": "LineString",
        "coordinates": [
          [
            -99.1099017,
            19.437426
          ],
          [
            -99.1097877,
            19.437416
          ],
          [
            -99.1096027,
            19.4373967
          ],
          [
            -99.1094978,
            19.4373811
          ],
          [
            -99.109395,
            19.4373585
          ],
          [
            -99.1093152,
            19.4373341
          ],
          [
            -99.1092854,
            19.4373233
          ]
        ]
      },
      "properties": {
        "line_id": "metrobus-4",
        "line_name": "Línea 4",
        "line_color": "#6A1B9A"
      }
    },
    {
      "type": "Feature",
      "geometry": {
        "type": "LineString",
        "coordinates": [
          [
            -99.1105051,
            19.4374632
          ],
          [
            -99.1104234,
            19.4374578
          ],
          [
            -99.1102685,
            19.4374476
          ],
          [
            -99.1101047,
            19.4374383
          ],
          [
            -99.1099017,
            19.437426
          ]
        ]
      },
      "properties": {
        "line_id": "metrobus-4",
        "line_name": "Línea 4",
        "line_color": "#6A1B9A"
      }
    },
    {
      "type": "Feature",
      "geometry": {
        "type": "LineString",
        "coordinates": [
          [
            -99.1106279,
            19.4374742
          ],
          [
            -99.1105051,
            19.4374632
          ]
        ]
      },
      "properties": {
        "line_id": "metrobus-4",
        "line_name": "Línea 4",
        "line_color": "#6A1B9A"
      }
    },
    {
      "type": "Feature",
      "geometry": {
        "type": "LineString",
        "coordinates": [
          [
            -99.1118584,
            19.4375258
          ],
          [
            -99.1117739,
            19.4375228
          ],
          [
            -99.1113411,
            19.4375073
          ],
          [
            -99.1106969,
            19.4374774
          ],
          [
            -99.1106279,
            19.4374742
          ]
        ]
      },
      "properties": {
        "line_id": "metrobus-4",
        "line_name": "Línea 4",
        "line_color": "#6A1B9A"
      }
    },
    {
      "type": "Feature",
      "geometry": {
        "type": "LineString",
        "coordinates": [
          [
            -99.1141979,
            19.4378262
          ],
          [
            -99.1126469,
            19.4376312
          ],
          [
            -99.1118584,
            19.4375258
          ]
        ]
      },
      "properties": {
        "line_id": "metrobus-4",
        "line_name": "Línea 4",
        "line_color": "#6A1B9A"
      }
    },
    {
      "type": "Feature",
      "geometry": {
        "type": "LineString",
        "coordinates": [
          [
            -99.1143807,
            19.437866
          ],
          [
            -99.1141979,
            19.4378262
          ]
        ]
      },
      "properties": {
        "line_id": "metrobus-4",
        "line_name": "Línea 4",
        "line_color": "#6A1B9A"
      }
    },
    {
      "type": "Feature",
      "geometry": {
        "type": "LineString",
        "coordinates": [
          [
            -99.1183081,
            19.4381753
          ],
          [
            -99.1172311,
            19.4380874
          ],
          [
            -99.1172018,
            19.4380857
          ],
          [
            -99.1166431,
            19.4380539
          ],
          [
            -99.1164816,
            19.4380427
          ],
          [
            -99.1163941,
            19.4380367
          ],
          [
            -99.1162748,
            19.4380273
          ],
          [
            -99.1161144,
            19.4380146
          ],
          [
            -99.1153198,
            19.4379424
          ],
          [
            -99.1147584,
            19.4378967
          ],
          [
            -99.1143807,
            19.437866
          ]
        ]
      },
      "properties": {
        "line_id": "metrobus-4",
        "line_name": "Línea 4",
        "line_color": "#6A1B9A"
      }
    },
    {
      "type": "Feature",
      "geometry": {
        "type": "LineString",
        "coordinates": [
          [
            -99.0798858,
            19.4375237
          ],
          [
            -99.0796812,
            19.4376477
          ],
          [
            -99.0795264,
            19.437739
          ],
          [
            -99.0794809,
            19.4377587
          ],
          [
            -99.0794338,
            19.4377744
          ]
        ]
      },
      "properties": {
        "line_id": "metrobus-4",
        "line_name": "Línea 4",
        "line_color": "#6A1B9A"
      }
    },
    {
      "type": "Feature",
      "geometry": {
        "type": "LineString",
        "coordinates": [
          [
            -99.0794338,
            19.4377744
          ],
          [
            -99.0793814,
            19.437787
          ],
          [
            -99.0793207,
            19.4377997
          ],
          [
            -99.0792497,
            19.437812
          ],
          [
            -99.0791916,
            19.4378325
          ],
          [
            -99.0791487,
            19.4378507
          ],
          [
            -99.0791045,
            19.4378641
          ]
        ]
      },
      "properties": {
        "line_id": "metrobus-4",
        "line_name": "Línea 4",
        "line_color": "#6A1B9A"
      }
    },
    {
      "type": "Feature",
      "geometry": {
        "type": "LineString",
        "coordinates": [
          [
            -99.0791045,
            19.4378641
          ],
          [
            -99.0786803,
            19.4380763
          ]
        ]
      },
      "properties": {
        "line_id": "metrobus-4",
        "line_name": "Línea 4",
        "line_color": "#6A1B9A"
      }
    },
    {
      "type": "Feature",
      "geometry": {
        "type": "LineString",
        "coordinates": [
          [
            -99.0786803,
            19.4380763
          ],
          [
            -99.0782918,
            19.4382828
          ]
        ]
      },
      "properties": {
        "line_id": "metrobus-4",
        "line_name": "Línea 4",
        "line_color": "#6A1B9A"
      }
    },
    {
      "type": "Feature",
      "geometry": {
        "type": "LineString",
        "coordinates": [
          [
            -99.0782918,
            19.4382828
          ],
          [
            -99.0780455,
            19.4384346
          ]
        ]
      },
      "properties": {
        "line_id": "metrobus-4",
        "line_name": "Línea 4",
        "line_color": "#6A1B9A"
      }
    },
    {
      "type": "Feature",
      "geometry": {
        "type": "LineString",
        "coordinates": [
          [
            -99.0780455,
            19.4384346
          ],
          [
            -99.077979,
            19.4385468
          ],
          [
            -99.0779641,
            19.4385769
          ],
          [
            -99.0779516,
            19.4386225
          ],
          [
            -99.0779534,
            19.4386558
          ],
          [
            -99.0779585,
            19.4386794
          ],
          [
            -99.0779732,
            19.4387093
          ],
          [
            -99.0779941,
            19.4387426
          ],
          [
            -99.0780227,
            19.4387727
          ],
          [
            -99.0780518,
            19.4387948
          ],
          [
            -99.0781126,
            19.438819
          ],
          [
            -99.0781601,
            19.4388399
          ]
        ]
      },
      "properties": {
        "line_id": "metrobus-4",
        "line_name": "Línea 4",
        "line_color": "#6A1B9A"
      }
    },
    {
      "type": "Feature",
      "geometry": {
        "type": "LineString",
        "coordinates": [
          [
            -99.078832,
            19.4188145
          ],
          [
            -99.0791532,
            19.4183018
          ]
        ]
      },
      "properties": {
        "line_id": "metrobus-4",
        "line_name": "Línea 4",
        "line_color": "#6A1B9A"
      }
    },
    {
      "type": "Feature",
      "geometry": {
        "type": "LineString",
        "coordinates": [
          [
            -99.0791532,
            19.4183018
          ],
          [
            -99.0792523,
            19.4181593
          ]
        ]
      },
      "properties": {
        "line_id": "metrobus-4",
        "line_name": "Línea 4",
        "line_color": "#6A1B9A"
      }
    },
    {
      "type": "Feature",
      "geometry": {
        "type": "LineString",
        "coordinates": [
          [
            -99.0792523,
            19.4181593
          ],
          [
            -99.0798868,
            19.4185933
          ],
          [
            -99.0799764,
            19.4186547
          ],
          [
            -99.0800765,
            19.4187287
          ],
          [
            -99.0801929,
            19.4188277
          ],
          [
            -99.0802674,
            19.418906
          ],
          [
            -99.0803653,
            19.4190227
          ],
          [
            -99.0804559,
            19.4191532
          ],
          [
            -99.0806579,
            19.4195006
          ]
        ]
      },
      "properties": {
        "line_id": "metrobus-4",
        "line_name": "Línea 4",
        "line_color": "#6A1B9A"
      }
    },
    {
      "type": "Feature",
      "geometry": {
        "type": "LineString",
        "coordinates": [
          [
            -99.0806579,
            19.4195006
          ],
          [
            -99.0807624,
            19.4196802
          ],
          [
            -99.0808864,
            19.4198722
          ],
          [
            -99.0810999,
            19.4201642
          ],
          [
            -99.0812382,
            19.4203172
          ],
          [
            -99.0813643,
            19.4204177
          ],
          [
            -99.0814344,
            19.4204762
          ],
          [
            -99.0815886,
            19.4205923
          ],
          [
            -99.0818024,
            19.4207276
          ],
          [
            -99.0826048,
            19.4212051
          ],
          [
            -99.0827197,
            19.4212629
          ],
          [
            -99.0834809,
            19.421695
          ]
        ]
      },
      "properties": {
        "line_id": "metrobus-4",
        "line_name": "Línea 4",
        "line_color": "#6A1B9A"
      }
    },
    {
      "type": "Feature",
      "geometry": {
        "type": "LineString",
        "coordinates": [
          [
            -99.0834809,
            19.421695
          ],
          [
            -99.0843484,
            19.4221877
          ],
          [
            -99.0845326,
            19.4222887
          ]
        ]
      },
      "properties": {
        "line_id": "metrobus-4",
        "line_name": "Línea 4",
        "line_color": "#6A1B9A"
      }
    },
    {
      "type": "Feature",
      "geometry": {
        "type": "LineString",
        "coordinates": [
          [
            -99.0845326,
            19.4222887
          ],
          [
            -99.0845691,
            19.4223099
          ],
          [
            -99.0847215,
            19.4223987
          ],
          [
            -99.0860347,
            19.4231704
          ],
          [
            -99.0883007,
            19.4244716
          ],
          [
            -99.0886429,
            19.4246679
          ],
          [
            -99.0892217,
            19.425
          ],
          [
            -99.089915,
            19.4254209
          ]
        ]
      },
      "properties": {
        "line_id": "metrobus-4",
        "line_name": "Línea 4",
        "line_color": "#6A1B9A"
      }
    },
    {
      "type": "Feature",
      "geometry": {
        "type": "LineString",
        "coordinates": [
          [
            -99.089915,
            19.4254209
          ],
          [
            -99.0907586,
            19.4259205
          ]
        ]
      },
      "properties": {
        "line_id": "metrobus-4",
        "line_name": "Línea 4",
        "line_color": "#6A1B9A"
      }
    },
    {
      "type": "Feature",
      "geometry": {
        "type": "LineString",
        "coordinates": [
          [
            -99.0907586,
            19.4259205
          ],
          [
            -99.0919525,
            19.4266407
          ],
          [
            -99.0921932,
            19.426786
          ]
        ]
      },
      "properties": {
        "line_id": "metrobus-4",
        "line_name": "Línea 4",
        "line_color": "#6A1B9A"
      }
    },
    {
      "type": "Feature",
      "geometry": {
        "type": "LineString",
        "coordinates": [
          [
            -99.0921932,
            19.426786
          ],
          [
            -99.092611,
            19.4270422
          ]
        ]
      },
      "properties": {
        "line_id": "metrobus-4",
        "line_name": "Línea 4",
        "line_color": "#6A1B9A"
      }
    },
    {
      "type": "Feature",
      "geometry": {
        "type": "LineString",
        "coordinates": [
          [
            -99.092611,
            19.4270422
          ],
          [
            -99.0928157,
            19.4271705
          ],
          [
            -99.0928475,
            19.4271915
          ]
        ]
      },
      "properties": {
        "line_id": "metrobus-4",
        "line_name": "Línea 4",
        "line_color": "#6A1B9A"
      }
    },
    {
      "type": "Feature",
      "geometry": {
        "type": "LineString",
        "coordinates": [
          [
            -99.0928475,
            19.4271915
          ],
          [
            -99.0930045,
            19.4272838
          ],
          [
            -99.0931219,
            19.4273538
          ]
        ]
      },
      "properties": {
        "line_id": "metrobus-4",
        "line_name": "Línea 4",
        "line_color": "#6A1B9A"
      }
    },
    {
      "type": "Feature",
      "geometry": {
        "type": "LineString",
        "coordinates": [
          [
            -99.0931219,
            19.4273538
          ],
          [
            -99.0932239,
            19.4274095
          ],
          [
            -99.0933318,
            19.4274679
          ],
          [
            -99.0936136,
            19.4276079
          ],
          [
            -99.0942598,
            19.4279167
          ]
        ]
      },
      "properties": {
        "line_id": "metrobus-4",
        "line_name": "Línea 4",
        "line_color": "#6A1B9A"
      }
    },
    {
      "type": "Feature",
      "geometry": {
        "type": "LineString",
        "coordinates": [
          [
            -99.0942598,
            19.4279167
          ],
          [
            -99.0944227,
            19.428
          ],
          [
            -99.0945083,
            19.4280359
          ]
        ]
      },
      "properties": {
        "line_id": "metrobus-4",
        "line_name": "Línea 4",
        "line_color": "#6A1B9A"
      }
    },
    {
      "type": "Feature",
      "geometry": {
        "type": "LineString",
        "coordinates": [
          [
            -99.0945083,
            19.4280359
          ],
          [
            -99.0949972,
            19.4282688
          ],
          [
            -99.0951735,
            19.4283516
          ],
          [
            -99.0954656,
            19.428492
          ],
          [
            -99.0958101,
            19.4286561
          ],
          [
            -99.0959213,
            19.428709
          ]
        ]
      },
      "properties": {
        "line_id": "metrobus-4",
        "line_name": "Línea 4",
        "line_color": "#6A1B9A"
      }
    },
    {
      "type": "Feature",
      "geometry": {
        "type": "LineString",
        "coordinates": [
          [
            -99.0959213,
            19.428709
          ],
          [
            -99.0960363,
            19.4287644
          ]
        ]
      },
      "properties": {
        "line_id": "metrobus-4",
        "line_name": "Línea 4",
        "line_color": "#6A1B9A"
      }
    },
    {
      "type": "Feature",
      "geometry": {
        "type": "LineString",
        "coordinates": [
          [
            -99.0960363,
            19.4287644
          ],
          [
            -99.0965576,
            19.4290239
          ],
          [
            -99.0970664,
            19.4292773
          ],
          [
            -99.0975796,
            19.4295328
          ],
          [
            -99.0979797,
            19.4297319
          ],
          [
            -99.0980854,
            19.4297846
          ]
        ]
      },
      "properties": {
        "line_id": "metrobus-4",
        "line_name": "Línea 4",
        "line_color": "#6A1B9A"
      }
    },
    {
      "type": "Feature",
      "geometry": {
        "type": "LineString",
        "coordinates": [
          [
            -99.0980854,
            19.4297846
          ],
          [
            -99.0985936,
            19.4300377
          ],
          [
            -99.0991907,
            19.4303349
          ],
          [
            -99.0994345,
            19.4304563
          ],
          [
            -99.0996185,
            19.4305479
          ]
        ]
      },
      "properties": {
        "line_id": "metrobus-4",
        "line_name": "Línea 4",
        "line_color": "#6A1B9A"
      }
    },
    {
      "type": "Feature",
      "geometry": {
        "type": "LineString",
        "coordinates": [
          [
            -99.0996185,
            19.4305479
          ],
          [
            -99.0998917,
            19.430684
          ],
          [
            -99.1001709,
            19.430823
          ],
          [
            -99.1006628,
            19.4310679
          ],
          [
            -99.1011711,
            19.431321
          ],
          [
            -99.101662,
            19.4315654
          ],
          [
            -99.1021473,
            19.431807
          ],
          [
            -99.1025523,
            19.4320087
          ],
          [
            -99.1025976,
            19.4320312
          ],
          [
            -99.1026775,
            19.432071
          ]
        ]
      },
      "properties": {
        "line_id": "metrobus-4",
        "line_name": "Línea 4",
        "line_color": "#6A1B9A"
      }
    },
    {
      "type": "Feature",
      "geometry": {
        "type": "LineString",
        "coordinates": [
          [
            -99.1026775,
            19.432071
          ],
          [
            -99.1027388,
            19.4321017
          ],
          [
            -99.1032071,
            19.4323363
          ],
          [
            -99.1037039,
            19.4325891
          ],
          [
            -99.1042012,
            19.4328365
          ],
          [
            -99.1046915,
            19.4330818
          ],
          [
            -99.1052008,
            19.4333331
          ],
          [
            -99.1053938,
            19.4334248
          ]
        ]
      },
      "properties": {
        "line_id": "metrobus-4",
        "line_name": "Línea 4",
        "line_color": "#6A1B9A"
      }
    },
    {
      "type": "Feature",
      "geometry": {
        "type": "LineString",
        "coordinates": [
          [
            -99.1053938,
            19.4334248
          ],
          [
            -99.1054859,
            19.4334541
          ],
          [
            -99.1057055,
            19.4335206
          ]
        ]
      },
      "properties": {
        "line_id": "metrobus-4",
        "line_name": "Línea 4",
        "line_color": "#6A1B9A"
      }
    },
    {
      "type": "Feature",
      "geometry": {
        "type": "LineString",
        "coordinates": [
          [
            -99.1057055,
            19.4335206
          ],
          [
            -99.106304,
            19.4337085
          ],
          [
            -99.1067167,
            19.433836
          ]
        ]
      },
      "properties": {
        "line_id": "metrobus-4",
        "line_name": "Línea 4",
        "line_color": "#6A1B9A"
      }
    },
    {
      "type": "Feature",
      "geometry": {
        "type": "LineString",
        "coordinates": [
          [
            -99.1067167,
            19.433836
          ],
          [
            -99.1070655,
            19.4339495
          ],
          [
            -99.1071184,
            19.4339683
          ],
          [
            -99.1071787,
            19.4339892
          ],
          [
            -99.1072418,
            19.4340117
          ],
          [
            -99.1073295,
            19.4340448
          ],
          [
            -99.1074137,
            19.4340811
          ],
          [
            -99.1075045,
            19.434125
          ]
        ]
      },
      "properties": {
        "line_id": "metrobus-4",
        "line_name": "Línea 4",
        "line_color": "#6A1B9A"
      }
    },
    {
      "type": "Feature",
      "geometry": {
        "type": "LineString",
        "coordinates": [
          [
            -99.1075045,
            19.434125
          ],
          [
            -99.1075394,
            19.4341444
          ]
        ]
      },
      "properties": {
        "line_id": "metrobus-4",
        "line_name": "Línea 4",
        "line_color": "#6A1B9A"
      }
    },
    {
      "type": "Feature",
      "geometry": {
        "type": "LineString",
        "coordinates": [
          [
            -99.1075394,
            19.4341444
          ],
          [
            -99.1075933,
            19.4341742
          ],
          [
            -99.1076515,
            19.4342127
          ],
          [
            -99.1077176,
            19.4342625
          ],
          [
            -99.1077807,
            19.4343188
          ],
          [
            -99.1078342,
            19.4343764
          ]
        ]
      },
      "properties": {
        "line_id": "metrobus-4",
        "line_name": "Línea 4",
        "line_color": "#6A1B9A"
      }
    },
    {
      "type": "Feature",
      "geometry": {
        "type": "LineString",
        "coordinates": [
          [
            -99.1078342,
            19.4343764
          ],
          [
            -99.1079547,
            19.4345591
          ]
        ]
      },
      "properties": {
        "line_id": "metrobus-4",
        "line_name": "Línea 4",
        "line_color": "#6A1B9A"
      }
    },
    {
      "type": "Feature",
      "geometry": {
        "type": "LineString",
        "coordinates": [
          [
            -99.1079547,
            19.4345591
          ],
          [
            -99.1079818,
            19.4346
          ],
          [
            -99.1080412,
            19.4346898
          ]
        ]
      },
      "properties": {
        "line_id": "metrobus-4",
        "line_name": "Línea 4",
        "line_color": "#6A1B9A"
      }
    },
    {
      "type": "Feature",
      "geometry": {
        "type": "LineString",
        "coordinates": [
          [
            -99.1080412,
            19.4346898
          ],
          [
            -99.1080752,
            19.4347418
          ],
          [
            -99.1081396,
            19.4348567
          ]
        ]
      },
      "properties": {
        "line_id": "metrobus-4",
        "line_name": "Línea 4",
        "line_color": "#6A1B9A"
      }
    },
    {
      "type": "Feature",
      "geometry": {
        "type": "LineString",
        "coordinates": [
          [
            -99.1081396,
            19.4348567
          ],
          [
            -99.1082203,
            19.4350136
          ],
          [
            -99.108309,
            19.4351862
          ],
          [
            -99.1083663,
            19.4353014
          ]
        ]
      },
      "properties": {
        "line_id": "metrobus-4",
        "line_name": "Línea 4",
        "line_color": "#6A1B9A"
      }
    },
    {
      "type": "Feature",
      "geometry": {
        "type": "LineString",
        "coordinates": [
          [
            -99.1083663,
            19.4353014
          ],
          [
            -99.1083921,
            19.4353588
          ],
          [
            -99.1084222,
            19.4354365
          ],
          [
            -99.10845,
            19.4355309
          ],
          [
            -99.1084673,
            19.4356074
          ],
          [
            -99.1084771,
            19.435691
          ],
          [
            -99.1085056,
            19.435938
          ]
        ]
      },
      "properties": {
        "line_id": "metrobus-4",
        "line_name": "Línea 4",
        "line_color": "#6A1B9A"
      }
    },
    {
      "type": "Feature",
      "geometry": {
        "type": "LineString",
        "coordinates": [
          [
            -99.1085056,
            19.435938
          ],
          [
            -99.1085911,
            19.4366286
          ],
          [
            -99.1086118,
            19.4367581
          ],
          [
            -99.1086451,
            19.4368709
          ],
          [
            -99.1087013,
            19.4370098
          ],
          [
            -99.108741,
            19.4370723
          ],
          [
            -99.1087855,
            19.4371347
          ],
          [
            -99.1088292,
            19.4371919
          ],
          [
            -99.1088826,
            19.4372468
          ]
        ]
      },
      "properties": {
        "line_id": "metrobus-4",
        "line_name": "Línea 4",
        "line_color": "#6A1B9A"
      }
    },
    {
      "type": "Feature",
      "geometry": {
        "type": "LineString",
        "coordinates": [
          [
            -99.1088826,
            19.4372468
          ],
          [
            -99.108928,
            19.4372899
          ],
          [
            -99.1090301,
            19.4373687
          ],
          [
            -99.1091769,
            19.4374402
          ],
          [
            -99.1092064,
            19.4374514
          ]
        ]
      },
      "properties": {
        "line_id": "metrobus-4",
        "line_name": "Línea 4",
        "line_color": "#6A1B9A"
      }
    },
    {
      "type": "Feature",
      "geometry": {
        "type": "LineString",
        "coordinates": [
          [
            -99.1092064,
            19.4374514
          ],
          [
            -99.109214,
            19.4374539
          ],
          [
            -99.1092587,
            19.4374685
          ]
        ]
      },
      "properties": {
        "line_id": "metrobus-4",
        "line_name": "Línea 4",
        "line_color": "#6A1B9A"
      }
    },
    {
      "type": "Feature",
      "geometry": {
        "type": "LineString",
        "coordinates": [
          [
            -99.1092587,
            19.4374685
          ],
          [
            -99.1093391,
            19.4374935
          ],
          [
            -99.1094564,
            19.4375168
          ]
        ]
      },
      "properties": {
        "line_id": "metrobus-4",
        "line_name": "Línea 4",
        "line_color": "#6A1B9A"
      }
    },
    {
      "type": "Feature",
      "geometry": {
        "type": "LineString",
        "coordinates": [
          [
            -99.1094564,
            19.4375168
          ],
          [
            -99.1095546,
            19.4375268
          ],
          [
            -99.1104071,
            19.4375898
          ],
          [
            -99.1104843,
            19.4375955
          ]
        ]
      },
      "properties": {
        "line_id": "metrobus-4",
        "line_name": "Línea 4",
        "line_color": "#6A1B9A"
      }
    },
    {
      "type": "Feature",
      "geometry": {
        "type": "LineString",
        "coordinates": [
          [
            -99.1104843,
            19.4375955
          ],
          [
            -99.110605,
            19.4376026
          ]
        ]
      },
      "properties": {
        "line_id": "metrobus-4",
        "line_name": "Línea 4",
        "line_color": "#6A1B9A"
      }
    },
    {
      "type": "Feature",
      "geometry": {
        "type": "LineString",
        "coordinates": [
          [
            -99.110605,
            19.4376026
          ],
          [
            -99.1106779,
            19.437607
          ],
          [
            -99.1111448,
            19.4376352
          ],
          [
            -99.1117957,
            19.4376677
          ],
          [
            -99.1118397,
            19.4376699
          ],
          [
            -99.1119408,
            19.4376766
          ],
          [
            -99.1120676,
            19.4376876
          ],
          [
            -99.1122528,
            19.4377097
          ]
        ]
      },
      "properties": {
        "line_id": "metrobus-4",
        "line_name": "Línea 4",
        "line_color": "#6A1B9A"
      }
    },
    {
      "type": "Feature",
      "geometry": {
        "type": "LineString",
        "coordinates": [
          [
            -99.1122528,
            19.4377097
          ],
          [
            -99.1128793,
            19.4377869
          ],
          [
            -99.1133229,
            19.4378415
          ],
          [
            -99.1137526,
            19.4379006
          ]
        ]
      },
      "properties": {
        "line_id": "metrobus-4",
        "line_name": "Línea 4",
        "line_color": "#6A1B9A"
      }
    },
    {
      "type": "Feature",
      "geometry": {
        "type": "LineString",
        "coordinates": [
          [
            -99.1137526,
            19.4379006
          ],
          [
            -99.114174,
            19.4379612
          ]
        ]
      },
      "properties": {
        "line_id": "metrobus-4",
        "line_name": "Línea 4",
        "line_color": "#6A1B9A"
      }
    },
    {
      "type": "Feature",
      "geometry": {
        "type": "LineString",
        "coordinates": [
          [
            -99.114174,
            19.4379612
          ],
          [
            -99.1143589,
            19.4379797
          ]
        ]
      },
      "properties": {
        "line_id": "metrobus-4",
        "line_name": "Línea 4",
        "line_color": "#6A1B9A"
      }
    },
    {
      "type": "Feature",
      "geometry": {
        "type": "LineString",
        "coordinates": [
          [
            -99.1143589,
            19.4379797
          ],
          [
            -99.1143807,
            19.437866
          ]
        ]
      },
      "properties": {
        "line_id": "metrobus-4",
        "line_name": "Línea 4",
        "line_color": "#6A1B9A"
      }
    },
    {
      "type": "Feature",
      "geometry": {
        "type": "LineString",
        "coordinates": [
          [
            -99.1143807,
            19.437866
          ],
          [
            -99.1145995,
            19.4364911
          ],
          [
            -99.1147311,
            19.4356557
          ],
          [
            -99.1147702,
            19.435494
          ],
          [
            -99.1147884,
            19.4354032
          ]
        ]
      },
      "properties": {
        "line_id": "metrobus-4",
        "line_name": "Línea 4",
        "line_color": "#6A1B9A"
      }
    },
    {
      "type": "Feature",
      "geometry": {
        "type": "LineString",
        "coordinates": [
          [
            -99.1147884,
            19.4354032
          ],
          [
            -99.1148159,
            19.4352619
          ],
          [
            -99.1148561,
            19.4350555
          ],
          [
            -99.1149778,
            19.4344105
          ],
          [
            -99.1150958,
            19.4337165
          ]
        ]
      },
      "properties": {
        "line_id": "metrobus-4",
        "line_name": "Línea 4",
        "line_color": "#6A1B9A"
      }
    },
    {
      "type": "Feature",
      "geometry": {
        "type": "LineString",
        "coordinates": [
          [
            -99.1150958,
            19.4337165
          ],
          [
            -99.1151483,
            19.4333685
          ]
        ]
      },
      "properties": {
        "line_id": "metrobus-4",
        "line_name": "Línea 4",
        "line_color": "#6A1B9A"
      }
    },
    {
      "type": "Feature",
      "geometry": {
        "type": "LineString",
        "coordinates": [
          [
            -99.1151483,
            19.4333685
          ],
          [
            -99.1151919,
            19.4329416
          ],
          [
            -99.1152486,
            19.4324512
          ],
          [
            -99.1152633,
            19.4321636
          ]
        ]
      },
      "properties": {
        "line_id": "metrobus-4",
        "line_name": "Línea 4",
        "line_color": "#6A1B9A"
      }
    },
    {
      "type": "Feature",
      "geometry": {
        "type": "LineString",
        "coordinates": [
          [
            -99.1152633,
            19.4321636
          ],
          [
            -99.1152556,
            19.4319355
          ]
        ]
      },
      "properties": {
        "line_id": "metrobus-4",
        "line_name": "Línea 4",
        "line_color": "#6A1B9A"
      }
    },
    {
      "type": "Feature",
      "geometry": {
        "type": "LineString",
        "coordinates": [
          [
            -99.1152556,
            19.4319355
          ],
          [
            -99.1152377,
            19.4317153
          ],
          [
            -99.115248,
            19.4316377
          ],
          [
            -99.115338,
            19.4310605
          ],
          [
            -99.1153502,
            19.4309792
          ],
          [
            -99.1153749,
            19.4308224
          ],
          [
            -99.1154143,
            19.4305937
          ],
          [
            -99.115467,
            19.4302556
          ],
          [
            -99.1155019,
            19.4300273
          ]
        ]
      },
      "properties": {
        "line_id": "metrobus-4",
        "line_name": "Línea 4",
        "line_color": "#6A1B9A"
      }
    },
    {
      "type": "Feature",
      "geometry": {
        "type": "LineString",
        "coordinates": [
          [
            -99.1155019,
            19.4300273
          ],
          [
            -99.1155105,
            19.4298532
          ],
          [
            -99.1155034,
            19.429741
          ],
          [
            -99.1154823,
            19.4296593
          ],
          [
            -99.1154288,
            19.4295307
          ],
          [
            -99.1153368,
            19.4294163
          ],
          [
            -99.115089,
            19.4292578
          ],
          [
            -99.1148108,
            19.4290629
          ],
          [
            -99.1142524,
            19.4287972
          ],
          [
            -99.1139828,
            19.428666
          ],
          [
            -99.1138561,
            19.4286016
          ],
          [
            -99.1124444,
            19.4278889
          ],
          [
            -99.1121114,
            19.4277127
          ],
          [
            -99.111935,
            19.4276233
          ],
          [
            -99.111848,
            19.4275683
          ],
          [
            -99.1117638,
            19.4275043
          ],
          [
            -99.1116945,
            19.4274395
          ],
          [
            -99.1116448,
            19.4273805
          ],
          [
            -99.1116041,
            19.4273226
          ],
          [
            -99.1115741,
            19.4272632
          ],
          [
            -99.1115466,
            19.4272037
          ],
          [
            -99.1115125,
            19.4270964
          ],
          [
            -99.1114991,
            19.42703
          ]
        ]
      },
      "properties": {
        "line_id": "metrobus-4",
        "line_name": "Línea 4",
        "line_color": "#6A1B9A"
      }
    },
    {
      "type": "Feature",
      "geometry": {
        "type": "LineString",
        "coordinates": [
          [
            -99.1114991,
            19.42703
          ],
          [
            -99.1112941,
            19.4270503
          ]
        ]
      },
      "properties": {
        "line_id": "metrobus-4",
        "line_name": "Línea 4",
        "line_color": "#6A1B9A"
      }
    },
    {
      "type": "Feature",
      "geometry": {
        "type": "LineString",
        "coordinates": [
          [
            -99.1112941,
            19.4270503
          ],
          [
            -99.1111711,
            19.4270356
          ],
          [
            -99.1111236,
            19.4270428
          ],
          [
            -99.1110602,
            19.4270904
          ],
          [
            -99.1110372,
            19.4271351
          ],
          [
            -99.1110181,
            19.4272062
          ],
          [
            -99.1110099,
            19.4272907
          ],
          [
            -99.1110313,
            19.4273275
          ],
          [
            -99.1110233,
            19.4274944
          ]
        ]
      },
      "properties": {
        "line_id": "metrobus-4",
        "line_name": "Línea 4",
        "line_color": "#6A1B9A"
      }
    },
    {
      "type": "Feature",
      "geometry": {
        "type": "LineString",
        "coordinates": [
          [
            -99.1110233,
            19.4274944
          ],
          [
            -99.1112803,
            19.4276283
          ],
          [
            -99.1120673,
            19.4280225
          ]
        ]
      },
      "properties": {
        "line_id": "metrobus-4",
        "line_name": "Línea 4",
        "line_color": "#6A1B9A"
      }
    },
    {
      "type": "Feature",
      "geometry": {
        "type": "LineString",
        "coordinates": [
          [
            -99.1120673,
            19.4280225
          ],
          [
            -99.1120618,
            19.4281667
          ],
          [
            -99.1120756,
            19.4282347
          ],
          [
            -99.1120997,
            19.4282849
          ],
          [
            -99.1121839,
            19.4283578
          ]
        ]
      },
      "properties": {
        "line_id": "metrobus-4",
        "line_name": "Línea 4",
        "line_color": "#6A1B9A"
      }
    },
    {
      "type": "Feature",
      "geometry": {
        "type": "LineString",
        "coordinates": [
          [
            -99.1121839,
            19.4283578
          ],
          [
            -99.1123776,
            19.4284548
          ],
          [
            -99.1126993,
            19.428616
          ],
          [
            -99.1135108,
            19.4290225
          ],
          [
            -99.113653,
            19.4290944
          ]
        ]
      },
      "properties": {
        "line_id": "metrobus-4",
        "line_name": "Línea 4",
        "line_color": "#6A1B9A"
      }
    },
    {
      "type": "Feature",
      "geometry": {
        "type": "LineString",
        "coordinates": [
          [
            -99.113653,
            19.4290944
          ],
          [
            -99.1137931,
            19.4291663
          ],
          [
            -99.1138529,
            19.4291963
          ],
          [
            -99.1140704,
            19.4293037
          ],
          [
            -99.1140947,
            19.4293158
          ],
          [
            -99.114746,
            19.4296401
          ]
        ]
      },
      "properties": {
        "line_id": "metrobus-4",
        "line_name": "Línea 4",
        "line_color": "#6A1B9A"
      }
    },
    {
      "type": "Feature",
      "geometry": {
        "type": "LineString",
        "coordinates": [
          [
            -99.114746,
            19.4296401
          ],
          [
            -99.1148679,
            19.4296604
          ],
          [
            -99.1149344,
            19.4296895
          ],
          [
            -99.1150066,
            19.4297486
          ],
          [
            -99.1150855,
            19.4298469
          ],
          [
            -99.1151394,
            19.4299476
          ],
          [
            -99.1151964,
            19.4301728
          ]
        ]
      },
      "properties": {
        "line_id": "metrobus-4",
        "line_name": "Línea 4",
        "line_color": "#6A1B9A"
      }
    },
    {
      "type": "Feature",
      "geometry": {
        "type": "LineString",
        "coordinates": [
          [
            -99.1151964,
            19.4301728
          ],
          [
            -99.1151683,
            19.4303456
          ],
          [
            -99.1151047,
            19.4307807
          ],
          [
            -99.115002,
            19.4314596
          ],
          [
            -99.1150214,
            19.4317564
          ]
        ]
      },
      "properties": {
        "line_id": "metrobus-4",
        "line_name": "Línea 4",
        "line_color": "#6A1B9A"
      }
    },
    {
      "type": "Feature",
      "geometry": {
        "type": "LineString",
        "coordinates": [
          [
            -99.1150214,
            19.4317564
          ],
          [
            -99.115035,
            19.4319225
          ]
        ]
      },
      "properties": {
        "line_id": "metrobus-4",
        "line_name": "Línea 4",
        "line_color": "#6A1B9A"
      }
    },
    {
      "type": "Feature",
      "geometry": {
        "type": "LineString",
        "coordinates": [
          [
            -99.115035,
            19.4319225
          ],
          [
            -99.1150584,
            19.4324089
          ],
          [
            -99.1150635,
            19.4326785
          ],
          [
            -99.115047,
            19.4329429
          ],
          [
            -99.1149927,
            19.4333483
          ]
        ]
      },
      "properties": {
        "line_id": "metrobus-4",
        "line_name": "Línea 4",
        "line_color": "#6A1B9A"
      }
    },
    {
      "type": "Feature",
      "geometry": {
        "type": "LineString",
        "coordinates": [
          [
            -99.1149927,
            19.4333483
          ],
          [
            -99.114943,
            19.4336979
          ]
        ]
      },
      "properties": {
        "line_id": "metrobus-4",
        "line_name": "Línea 4",
        "line_color": "#6A1B9A"
      }
    },
    {
      "type": "Feature",
      "geometry": {
        "type": "LineString",
        "coordinates": [
          [
            -99.114943,
            19.4336979
          ],
          [
            -99.1148288,
            19.434359
          ],
          [
            -99.1146731,
            19.4352403
          ],
          [
            -99.1146483,
            19.4353808
          ]
        ]
      },
      "properties": {
        "line_id": "metrobus-4",
        "line_name": "Línea 4",
        "line_color": "#6A1B9A"
      }
    },
    {
      "type": "Feature",
      "geometry": {
        "type": "LineString",
        "coordinates": [
          [
            -99.1146483,
            19.4353808
          ],
          [
            -99.1146313,
            19.4354712
          ],
          [
            -99.1146176,
            19.4355392
          ],
          [
            -99.1145036,
            19.4359787
          ],
          [
            -99.1144192,
            19.4364537
          ],
          [
            -99.1141979,
            19.4378262
          ]
        ]
      },
      "properties": {
        "line_id": "metrobus-4",
        "line_name": "Línea 4",
        "line_color": "#6A1B9A"
      }
    },
    {
      "type": "Feature",
      "geometry": {
        "type": "LineString",
        "coordinates": [
          [
            -99.1146483,
            19.4353808
          ],
          [
            -99.1147884,
            19.4354032
          ]
        ]
      },
      "properties": {
        "line_id": "metrobus-4",
        "line_name": "Línea 4",
        "line_color": "#6A1B9A"
      }
    },
    {
      "type": "Feature",
      "geometry": {
        "type": "LineString",
        "coordinates": [
          [
            -99.1147884,
            19.4354032
          ],
          [
            -99.1149432,
            19.435428
          ],
          [
            -99.1156971,
            19.4355121
          ],
          [
            -99.11643,
            19.4355938
          ],
          [
            -99.1169437,
            19.4356512
          ],
          [
            -99.1174652,
            19.4357093
          ],
          [
            -99.1178154,
            19.4357484
          ],
          [
            -99.1179652,
            19.4357651
          ]
        ]
      },
      "properties": {
        "line_id": "metrobus-4",
        "line_name": "Línea 4",
        "line_color": "#6A1B9A"
      }
    },
    {
      "type": "Feature",
      "geometry": {
        "type": "LineString",
        "coordinates": [
          [
            -99.1179652,
            19.4357651
          ],
          [
            -99.1180141,
            19.4357979
          ],
          [
            -99.118655,
            19.4358613
          ],
          [
            -99.1188319,
            19.4358757
          ],
          [
            -99.1196633,
            19.4359658
          ],
          [
            -99.1199225,
            19.4359954
          ],
          [
            -99.1211424,
            19.4361361
          ],
          [
            -99.1212503,
            19.4361431
          ],
          [
            -99.1221855,
            19.436245
          ],
          [
            -99.1230181,
            19.4363239
          ],
          [
            -99.1238407,
            19.4364231
          ],
          [
            -99.1239515,
            19.4364348
          ]
        ]
      },
      "properties": {
        "line_id": "metrobus-4",
        "line_name": "Línea 4",
        "line_color": "#6A1B9A"
      }
    },
    {
      "type": "Feature",
      "geometry": {
        "type": "LineString",
        "coordinates": [
          [
            -99.1239515,
            19.4364348
          ],
          [
            -99.124062,
            19.4364259
          ]
        ]
      },
      "properties": {
        "line_id": "metrobus-4",
        "line_name": "Línea 4",
        "line_color": "#6A1B9A"
      }
    },
    {
      "type": "Feature",
      "geometry": {
        "type": "LineString",
        "coordinates": [
          [
            -99.124062,
            19.4364259
          ],
          [
            -99.1249703,
            19.436543
          ],
          [
            -99.1255887,
            19.4366175
          ],
          [
            -99.1265236,
            19.4367243
          ],
          [
            -99.1273349,
            19.4368275
          ]
        ]
      },
      "properties": {
        "line_id": "metrobus-4",
        "line_name": "Línea 4",
        "line_color": "#6A1B9A"
      }
    },
    {
      "type": "Feature",
      "geometry": {
        "type": "LineString",
        "coordinates": [
          [
            -99.1273349,
            19.4368275
          ],
          [
            -99.1293865,
            19.4371066
          ],
          [
            -99.1314876,
            19.4373929
          ],
          [
            -99.1334849,
            19.4376831
          ],
          [
            -99.1335363,
            19.4376906
          ]
        ]
      },
      "properties": {
        "line_id": "metrobus-4",
        "line_name": "Línea 4",
        "line_color": "#6A1B9A"
      }
    },
    {
      "type": "Feature",
      "geometry": {
        "type": "LineString",
        "coordinates": [
          [
            -99.1335363,
            19.4376906
          ],
          [
            -99.1336383,
            19.437704
          ],
          [
            -99.134346,
            19.4377957
          ],
          [
            -99.1346074,
            19.4378283
          ],
          [
            -99.1355547,
            19.437942
          ],
          [
            -99.1376233,
            19.4382624
          ]
        ]
      },
      "properties": {
        "line_id": "metrobus-4",
        "line_name": "Línea 4",
        "line_color": "#6A1B9A"
      }
    },
    {
      "type": "Feature",
      "geometry": {
        "type": "LineString",
        "coordinates": [
          [
            -99.1376233,
            19.4382624
          ],
          [
            -99.1381311,
            19.4383347
          ],
          [
            -99.1388928,
            19.4384444
          ],
          [
            -99.1392567,
            19.4385074
          ],
          [
            -99.1397824,
            19.4385895
          ],
          [
            -99.1399407,
            19.4386151
          ]
        ]
      },
      "properties": {
        "line_id": "metrobus-4",
        "line_name": "Línea 4",
        "line_color": "#6A1B9A"
      }
    },
    {
      "type": "Feature",
      "geometry": {
        "type": "LineString",
        "coordinates": [
          [
            -99.1399407,
            19.4386151
          ],
          [
            -99.140183,
            19.438645
          ]
        ]
      },
      "properties": {
        "line_id": "metrobus-4",
        "line_name": "Línea 4",
        "line_color": "#6A1B9A"
      }
    },
    {
      "type": "Feature",
      "geometry": {
        "type": "LineString",
        "coordinates": [
          [
            -99.1402386,
            19.4382846
          ],
          [
            -99.1402065,
            19.4384925
          ],
          [
            -99.1401996,
            19.4385371
          ],
          [
            -99.140183,
            19.438645
          ]
        ]
      },
      "properties": {
        "line_id": "metrobus-4",
        "line_name": "Línea 4",
        "line_color": "#6A1B9A"
      }
    },
    {
      "type": "Feature",
      "geometry": {
        "type": "LineString",
        "coordinates": [
          [
            -99.1403158,
            19.4377852
          ],
          [
            -99.1402386,
            19.4382846
          ]
        ]
      },
      "properties": {
        "line_id": "metrobus-4",
        "line_name": "Línea 4",
        "line_color": "#6A1B9A"
      }
    },
    {
      "type": "Feature",
      "geometry": {
        "type": "LineString",
        "coordinates": [
          [
            -99.1403831,
            19.4373779
          ],
          [
            -99.140335,
            19.437669
          ],
          [
            -99.1403284,
            19.4377091
          ],
          [
            -99.1403158,
            19.4377852
          ]
        ]
      },
      "properties": {
        "line_id": "metrobus-4",
        "line_name": "Línea 4",
        "line_color": "#6A1B9A"
      }
    },
    {
      "type": "Feature",
      "geometry": {
        "type": "LineString",
        "coordinates": [
          [
            -99.1404575,
            19.4369277
          ],
          [
            -99.1403831,
            19.4373779
          ]
        ]
      },
      "properties": {
        "line_id": "metrobus-4",
        "line_name": "Línea 4",
        "line_color": "#6A1B9A"
      }
    },
    {
      "type": "Feature",
      "geometry": {
        "type": "LineString",
        "coordinates": [
          [
            -99.1405233,
            19.4365034
          ],
          [
            -99.1404811,
            19.4367753
          ],
          [
            -99.1404746,
            19.4368177
          ],
          [
            -99.1404575,
            19.4369277
          ]
        ]
      },
      "properties": {
        "line_id": "metrobus-4",
        "line_name": "Línea 4",
        "line_color": "#6A1B9A"
      }
    },
    {
      "type": "Feature",
      "geometry": {
        "type": "LineString",
        "coordinates": [
          [
            -99.1405817,
            19.4360917
          ],
          [
            -99.1405612,
            19.4362559
          ],
          [
            -99.1405518,
            19.4363198
          ],
          [
            -99.1405233,
            19.4365034
          ]
        ]
      },
      "properties": {
        "line_id": "metrobus-4",
        "line_name": "Línea 4",
        "line_color": "#6A1B9A"
      }
    },
    {
      "type": "Feature",
      "geometry": {
        "type": "LineString",
        "coordinates": [
          [
            -99.1532917,
            19.4387497
          ],
          [
            -99.1532394,
            19.4387371
          ],
          [
            -99.1523273,
            19.4385166
          ],
          [
            -99.1522199,
            19.4384907
          ]
        ]
      },
      "properties": {
        "line_id": "metrobus-4",
        "line_name": "Línea 4",
        "line_color": "#6A1B9A"
      }
    },
    {
      "type": "Feature",
      "geometry": {
        "type": "LineString",
        "coordinates": [
          [
            -99.1534268,
            19.4388023
          ],
          [
            -99.1532917,
            19.4387497
          ]
        ]
      },
      "properties": {
        "line_id": "metrobus-4",
        "line_name": "Línea 4",
        "line_color": "#6A1B9A"
      }
    },
    {
      "type": "Feature",
      "geometry": {
        "type": "LineString",
        "coordinates": [
          [
            -99.1533754,
            19.4389364
          ],
          [
            -99.1534268,
            19.4388023
          ]
        ]
      },
      "properties": {
        "line_id": "metrobus-4",
        "line_name": "Línea 4",
        "line_color": "#6A1B9A"
      }
    },
    {
      "type": "Feature",
      "geometry": {
        "type": "LineString",
        "coordinates": [
          [
            -99.1526744,
            19.440889
          ],
          [
            -99.1527108,
            19.4407785
          ],
          [
            -99.1527623,
            19.4406227
          ],
          [
            -99.1527896,
            19.4405152
          ],
          [
            -99.1528169,
            19.4403779
          ],
          [
            -99.1529306,
            19.4400966
          ],
          [
            -99.1530749,
            19.4397293
          ],
          [
            -99.1532879,
            19.4391654
          ],
          [
            -99.1533463,
            19.4390126
          ],
          [
            -99.1533754,
            19.4389364
          ]
        ]
      },
      "properties": {
        "line_id": "metrobus-4",
        "line_name": "Línea 4",
        "line_color": "#6A1B9A"
      }
    },
    {
      "type": "Feature",
      "geometry": {
        "type": "LineString",
        "coordinates": [
          [
            -99.1525328,
            19.442383
          ],
          [
            -99.152541,
            19.4422875
          ],
          [
            -99.1526577,
            19.4409652
          ],
          [
            -99.1526744,
            19.440889
          ]
        ]
      },
      "properties": {
        "line_id": "metrobus-4",
        "line_name": "Línea 4",
        "line_color": "#6A1B9A"
      }
    },
    {
      "type": "Feature",
      "geometry": {
        "type": "LineString",
        "coordinates": [
          [
            -99.15252,
            19.4425467
          ],
          [
            -99.1525328,
            19.442383
          ]
        ]
      },
      "properties": {
        "line_id": "metrobus-4",
        "line_name": "Línea 4",
        "line_color": "#6A1B9A"
      }
    },
    {
      "type": "Feature",
      "geometry": {
        "type": "LineString",
        "coordinates": [
          [
            -99.1524113,
            19.4442105
          ],
          [
            -99.1524159,
            19.4441405
          ],
          [
            -99.1525143,
            19.4426316
          ],
          [
            -99.15252,
            19.4425467
          ]
        ]
      },
      "properties": {
        "line_id": "metrobus-4",
        "line_name": "Línea 4",
        "line_color": "#6A1B9A"
      }
    },
    {
      "type": "Feature",
      "geometry": {
        "type": "LineString",
        "coordinates": [
          [
            -99.15226,
            19.4442687
          ],
          [
            -99.1522012,
            19.4450746
          ],
          [
            -99.1521925,
            19.4451429
          ],
          [
            -99.1521675,
            19.4452659
          ],
          [
            -99.1521417,
            19.4453577
          ],
          [
            -99.152127,
            19.4454209
          ],
          [
            -99.1521169,
            19.4454719
          ],
          [
            -99.1521196,
            19.4455138
          ],
          [
            -99.1521392,
            19.445547
          ],
          [
            -99.1521673,
            19.4455639
          ],
          [
            -99.1522024,
            19.4455713
          ],
          [
            -99.1522444,
            19.4455641
          ],
          [
            -99.1522801,
            19.4455418
          ],
          [
            -99.1522978,
            19.4455067
          ],
          [
            -99.1522994,
            19.4454724
          ],
          [
            -99.1522898,
            19.4454199
          ],
          [
            -99.1522577,
            19.4452645
          ],
          [
            -99.1522497,
            19.4451099
          ],
          [
            -99.1522787,
            19.4447384
          ],
          [
            -99.1523412,
            19.4442786
          ],
          [
            -99.1524113,
            19.4442105
          ]
        ]
      },
      "properties": {
        "line_id": "metrobus-4",
        "line_name": "Línea 4",
        "line_color": "#6A1B9A"
      }
    },
    {
      "type": "Feature",
      "geometry": {
        "type": "LineString",
        "coordinates": [
          [
            -99.152353,
            19.4425214
          ],
          [
            -99.1523458,
            19.4426064
          ],
          [
            -99.1522188,
            19.4441092
          ],
          [
            -99.1522132,
            19.4441756
          ]
        ]
      },
      "properties": {
        "line_id": "metrobus-4",
        "line_name": "Línea 4",
        "line_color": "#6A1B9A"
      }
    },
    {
      "type": "Feature",
      "geometry": {
        "type": "LineString",
        "coordinates": [
          [
            -99.1523639,
            19.4423571
          ],
          [
            -99.152353,
            19.4425214
          ]
        ]
      },
      "properties": {
        "line_id": "metrobus-4",
        "line_name": "Línea 4",
        "line_color": "#6A1B9A"
      }
    },
    {
      "type": "Feature",
      "geometry": {
        "type": "LineString",
        "coordinates": [
          [
            -99.1524943,
            19.4408389
          ],
          [
            -99.1524755,
            19.4409416
          ],
          [
            -99.1523717,
            19.4422578
          ],
          [
            -99.1523639,
            19.4423571
          ]
        ]
      },
      "properties": {
        "line_id": "metrobus-4",
        "line_name": "Línea 4",
        "line_color": "#6A1B9A"
      }
    },
    {
      "type": "Feature",
      "geometry": {
        "type": "LineString",
        "coordinates": [
          [
            -99.153235,
            19.4388971
          ],
          [
            -99.1532105,
            19.4389621
          ],
          [
            -99.1530579,
            19.4393604
          ],
          [
            -99.1527915,
            19.440057
          ],
          [
            -99.1526708,
            19.4403415
          ],
          [
            -99.1525971,
            19.4404728
          ],
          [
            -99.1525569,
            19.44058
          ],
          [
            -99.1525196,
            19.4407341
          ],
          [
            -99.1524943,
            19.4408389
          ]
        ]
      },
      "properties": {
        "line_id": "metrobus-4",
        "line_name": "Línea 4",
        "line_color": "#6A1B9A"
      }
    },
    {
      "type": "Feature",
      "geometry": {
        "type": "LineString",
        "coordinates": [
          [
            -99.1491105,
            19.4379567
          ],
          [
            -99.1492261,
            19.4379816
          ],
          [
            -99.1504141,
            19.4382379
          ],
          [
            -99.1504848,
            19.4382639
          ],
          [
            -99.1505668,
            19.4382925
          ],
          [
            -99.1510047,
            19.4383901
          ],
          [
            -99.1520703,
            19.4386152
          ],
          [
            -99.1521639,
            19.4386373
          ],
          [
            -99.1531798,
            19.4388828
          ],
          [
            -99.153235,
            19.4388971
          ]
        ]
      },
      "properties": {
        "line_id": "metrobus-4",
        "line_name": "Línea 4",
        "line_color": "#6A1B9A"
      }
    },
    {
      "type": "Feature",
      "geometry": {
        "type": "LineString",
        "coordinates": [
          [
            -99.1490484,
            19.4379445
          ],
          [
            -99.1491105,
            19.4379567
          ]
        ]
      },
      "properties": {
        "line_id": "metrobus-4",
        "line_name": "Línea 4",
        "line_color": "#6A1B9A"
      }
    },
    {
      "type": "Feature",
      "geometry": {
        "type": "LineString",
        "coordinates": [
          [
            -99.1471286,
            19.4375663
          ],
          [
            -99.1472328,
            19.4375868
          ],
          [
            -99.1476128,
            19.4376617
          ],
          [
            -99.1481748,
            19.4377724
          ],
          [
            -99.1486069,
            19.4378575
          ],
          [
            -99.1488634,
            19.4379081
          ],
          [
            -99.1489841,
            19.4379318
          ],
          [
            -99.1490484,
            19.4379445
          ]
        ]
      },
      "properties": {
        "line_id": "metrobus-4",
        "line_name": "Línea 4",
        "line_color": "#6A1B9A"
      }
    },
    {
      "type": "Feature",
      "geometry": {
        "type": "LineString",
        "coordinates": [
          [
            -99.1468274,
            19.4375069
          ],
          [
            -99.1471286,
            19.4375663
          ]
        ]
      },
      "properties": {
        "line_id": "metrobus-4",
        "line_name": "Línea 4",
        "line_color": "#6A1B9A"
      }
    },
    {
      "type": "Feature",
      "geometry": {
        "type": "LineString",
        "coordinates": [
          [
            -99.146704,
            19.4374826
          ],
          [
            -99.1468274,
            19.4375069
          ]
        ]
      },
      "properties": {
        "line_id": "metrobus-4",
        "line_name": "Línea 4",
        "line_color": "#6A1B9A"
      }
    },
    {
      "type": "Feature",
      "geometry": {
        "type": "LineString",
        "coordinates": [
          [
            -99.1464983,
            19.4374421
          ],
          [
            -99.146704,
            19.4374826
          ]
        ]
      },
      "properties": {
        "line_id": "metrobus-4",
        "line_name": "Línea 4",
        "line_color": "#6A1B9A"
      }
    },
    {
      "type": "Feature",
      "geometry": {
        "type": "LineString",
        "coordinates": [
          [
            -99.1463438,
            19.4374116
          ],
          [
            -99.1464983,
            19.4374421
          ]
        ]
      },
      "properties": {
        "line_id": "metrobus-4",
        "line_name": "Línea 4",
        "line_color": "#6A1B9A"
      }
    },
    {
      "type": "Feature",
      "geometry": {
        "type": "LineString",
        "coordinates": [
          [
            -99.1440443,
            19.436894
          ],
          [
            -99.1460924,
            19.4373555
          ],
          [
            -99.1461982,
            19.4373793
          ],
          [
            -99.1463438,
            19.4374116
          ]
        ]
      },
      "properties": {
        "line_id": "metrobus-4",
        "line_name": "Línea 4",
        "line_color": "#6A1B9A"
      }
    },
    {
      "type": "Feature",
      "geometry": {
        "type": "LineString",
        "coordinates": [
          [
            -99.1405612,
            19.4362559
          ],
          [
            -99.1406861,
            19.4362764
          ],
          [
            -99.1410569,
            19.436337
          ],
          [
            -99.1414918,
            19.4364081
          ],
          [
            -99.1424707,
            19.4365857
          ],
          [
            -99.142867,
            19.4366633
          ],
          [
            -99.1438365,
            19.4368532
          ],
          [
            -99.143914,
            19.4368684
          ],
          [
            -99.1440443,
            19.436894
          ]
        ]
      },
      "properties": {
        "line_id": "metrobus-4",
        "line_name": "Línea 4",
        "line_color": "#6A1B9A"
      }
    },
    {
      "type": "Feature",
      "geometry": {
        "type": "LineString",
        "coordinates": [
          [
            -99.1405817,
            19.4360917
          ],
          [
            -99.1407117,
            19.4361132
          ],
          [
            -99.1415191,
            19.436253
          ],
          [
            -99.1419669,
            19.4363303
          ],
          [
            -99.1425046,
            19.4364234
          ],
          [
            -99.1429089,
            19.4365006
          ],
          [
            -99.1438752,
            19.436685
          ],
          [
            -99.1440842,
            19.4367319
          ],
          [
            -99.1442727,
            19.4367749
          ],
          [
            -99.1458615,
            19.4371373
          ],
          [
            -99.1463277,
            19.4372437
          ],
          [
            -99.1464923,
            19.4372819
          ]
        ]
      },
      "properties": {
        "line_id": "metrobus-4",
        "line_name": "Línea 4",
        "line_color": "#6A1B9A"
      }
    },
    {
      "type": "Feature",
      "geometry": {
        "type": "LineString",
        "coordinates": [
          [
            -99.1464923,
            19.4372819
          ],
          [
            -99.1466574,
            19.4373245
          ]
        ]
      },
      "properties": {
        "line_id": "metrobus-4",
        "line_name": "Línea 4",
        "line_color": "#6A1B9A"
      }
    },
    {
      "type": "Feature",
      "geometry": {
        "type": "LineString",
        "coordinates": [
          [
            -99.1466574,
            19.4373245
          ],
          [
            -99.146861,
            19.4373771
          ]
        ]
      },
      "properties": {
        "line_id": "metrobus-4",
        "line_name": "Línea 4",
        "line_color": "#6A1B9A"
      }
    },
    {
      "type": "Feature",
      "geometry": {
        "type": "LineString",
        "coordinates": [
          [
            -99.149077,
            19.4378032
          ],
          [
            -99.1488954,
            19.4377689
          ],
          [
            -99.1482479,
            19.4376467
          ],
          [
            -99.1476777,
            19.437539
          ],
          [
            -99.1473057,
            19.4374688
          ],
          [
            -99.1472595,
            19.4374601
          ],
          [
            -99.1469722,
            19.4374059
          ]
        ]
      },
      "properties": {
        "line_id": "metrobus-4",
        "line_name": "Línea 4",
        "line_color": "#6A1B9A"
      }
    },
    {
      "type": "Feature",
      "geometry": {
        "type": "LineString",
        "coordinates": [
          [
            -99.149143,
            19.4378157
          ],
          [
            -99.149077,
            19.4378032
          ]
        ]
      },
      "properties": {
        "line_id": "metrobus-4",
        "line_name": "Línea 4",
        "line_color": "#6A1B9A"
      }
    },
    {
      "type": "Feature",
      "geometry": {
        "type": "LineString",
        "coordinates": [
          [
            -99.1498098,
            19.4379637
          ],
          [
            -99.149337,
            19.4378588
          ],
          [
            -99.1492893,
            19.4378482
          ],
          [
            -99.14926,
            19.4378417
          ],
          [
            -99.149143,
            19.4378157
          ]
        ]
      },
      "properties": {
        "line_id": "metrobus-4",
        "line_name": "Línea 4",
        "line_color": "#6A1B9A"
      }
    },
    {
      "type": "Feature",
      "geometry": {
        "type": "LineString",
        "coordinates": [
          [
            -99.1504983,
            19.4381165
          ],
          [
            -99.1504432,
            19.4381043
          ],
          [
            -99.1498098,
            19.4379637
          ]
        ]
      },
      "properties": {
        "line_id": "metrobus-4",
        "line_name": "Línea 4",
        "line_color": "#6A1B9A"
      }
    },
    {
      "type": "Feature",
      "geometry": {
        "type": "LineString",
        "coordinates": [
          [
            -99.151169,
            19.438264
          ],
          [
            -99.150692,
            19.4381592
          ],
          [
            -99.1506463,
            19.4381491
          ],
          [
            -99.1506017,
            19.4381393
          ],
          [
            -99.1504983,
            19.4381165
          ]
        ]
      },
      "properties": {
        "line_id": "metrobus-4",
        "line_name": "Línea 4",
        "line_color": "#6A1B9A"
      }
    },
    {
      "type": "Feature",
      "geometry": {
        "type": "LineString",
        "coordinates": [
          [
            -99.1522199,
            19.4384907
          ],
          [
            -99.151169,
            19.438264
          ]
        ]
      },
      "properties": {
        "line_id": "metrobus-4",
        "line_name": "Línea 4",
        "line_color": "#6A1B9A"
      }
    },
    {
      "type": "Feature",
      "geometry": {
        "type": "LineString",
        "coordinates": [
          [
            -99.0781874,
            19.419241
          ],
          [
            -99.0781329,
            19.4193209
          ],
          [
            -99.0779439,
            19.4195981
          ]
        ]
      },
      "properties": {
        "line_id": "metrobus-4",
        "line_name": "Línea 4",
        "line_color": "#6A1B9A"
      }
    },
    {
      "type": "Feature",
      "geometry": {
        "type": "LineString",
        "coordinates": [
          [
            -99.0779439,
            19.4195981
          ],
          [
            -99.07752,
            19.4202924
          ],
          [
            -99.0774119,
            19.4204774
          ]
        ]
      },
      "properties": {
        "line_id": "metrobus-4",
        "line_name": "Línea 4",
        "line_color": "#6A1B9A"
      }
    },
    {
      "type": "Feature",
      "geometry": {
        "type": "LineString",
        "coordinates": [
          [
            -99.0774119,
            19.4204774
          ],
          [
            -99.0772118,
            19.4208202
          ]
        ]
      },
      "properties": {
        "line_id": "metrobus-4",
        "line_name": "Línea 4",
        "line_color": "#6A1B9A"
      }
    },
    {
      "type": "Feature",
      "geometry": {
        "type": "LineString",
        "coordinates": [
          [
            -99.0775383,
            19.4208001
          ],
          [
            -99.0774401,
            19.4207763
          ],
          [
            -99.0773369,
            19.4207796
          ],
          [
            -99.0772118,
            19.4208202
          ],
          [
            -99.0771454,
            19.4208668
          ],
          [
            -99.0770742,
            19.4209476
          ],
          [
            -99.0770305,
            19.4210443
          ],
          [
            -99.0770183,
            19.4211487
          ],
          [
            -99.0770384,
            19.4212521
          ],
          [
            -99.0770891,
            19.4213457
          ],
          [
            -99.0771663,
            19.4214215
          ],
          [
            -99.0772633,
            19.4214732
          ],
          [
            -99.077372,
            19.4214964
          ],
          [
            -99.0774831,
            19.4214891
          ],
          [
            -99.0775874,
            19.421452
          ],
          [
            -99.0776759,
            19.4213882
          ],
          [
            -99.0777413,
            19.4213031
          ],
          [
            -99.0777779,
            19.4212038
          ],
          [
            -99.0777827,
            19.4210988
          ],
          [
            -99.0777627,
            19.4210247
          ],
          [
            -99.0777552,
            19.420997
          ],
          [
            -99.0777035,
            19.4209135
          ],
          [
            -99.0776302,
            19.4208459
          ],
          [
            -99.0775383,
            19.4208001
          ]
        ]
      },
      "properties": {
        "line_id": "metrobus-4",
        "line_name": "Línea 4",
        "line_color": "#6A1B9A"
      }
    },
    {
      "type": "Feature",
      "geometry": {
        "type": "LineString",
        "coordinates": [
          [
            -99.0775383,
            19.4208001
          ],
          [
            -99.077647,
            19.4206162
          ]
        ]
      },
      "properties": {
        "line_id": "metrobus-4",
        "line_name": "Línea 4",
        "line_color": "#6A1B9A"
      }
    },
    {
      "type": "Feature",
      "geometry": {
        "type": "LineString",
        "coordinates": [
          [
            -99.077647,
            19.4206162
          ],
          [
            -99.0777646,
            19.4204174
          ],
          [
            -99.0781849,
            19.4197121
          ]
        ]
      },
      "properties": {
        "line_id": "metrobus-4",
        "line_name": "Línea 4",
        "line_color": "#6A1B9A"
      }
    },
    {
      "type": "Feature",
      "geometry": {
        "type": "LineString",
        "coordinates": [
          [
            -99.0781849,
            19.4197121
          ],
          [
            -99.0782922,
            19.4194998
          ],
          [
            -99.0783277,
            19.4194295
          ]
        ]
      },
      "properties": {
        "line_id": "metrobus-4",
        "line_name": "Línea 4",
        "line_color": "#6A1B9A"
      }
    },
    {
      "type": "Feature",
      "geometry": {
        "type": "LineString",
        "coordinates": [
          [
            -99.1210887,
            19.4932542
          ],
          [
            -99.1211614,
            19.4933511
          ]
        ]
      },
      "properties": {
        "line_id": "metrobus-7",
        "line_name": "Línea 7",
        "line_color": "#AD1457"
      }
    },
    {
      "type": "Feature",
      "geometry": {
        "type": "LineString",
        "coordinates": [
          [
            -99.1211614,
            19.4933511
          ],
          [
            -99.121246,
            19.493279
          ]
        ]
      },
      "properties": {
        "line_id": "metrobus-7",
        "line_name": "Línea 7",
        "line_color": "#AD1457"
      }
    },
    {
      "type": "Feature",
      "geometry": {
        "type": "LineString",
        "coordinates": [
          [
            -99.121246,
            19.493279
          ],
          [
            -99.121046,
            19.4930029
          ]
        ]
      },
      "properties": {
        "line_id": "metrobus-7",
        "line_name": "Línea 7",
        "line_color": "#AD1457"
      }
    },
    {
      "type": "Feature",
      "geometry": {
        "type": "LineString",
        "coordinates": [
          [
            -99.121046,
            19.4930029
          ],
          [
            -99.1208674,
            19.4928115
          ],
          [
            -99.1205523,
            19.492397
          ]
        ]
      },
      "properties": {
        "line_id": "metrobus-7",
        "line_name": "Línea 7",
        "line_color": "#AD1457"
      }
    },
    {
      "type": "Feature",
      "geometry": {
        "type": "LineString",
        "coordinates": [
          [
            -99.1205523,
            19.492397
          ],
          [
            -99.1201483,
            19.4918445
          ]
        ]
      },
      "properties": {
        "line_id": "metrobus-7",
        "line_name": "Línea 7",
        "line_color": "#AD1457"
      }
    },
    {
      "type": "Feature",
      "geometry": {
        "type": "LineString",
        "coordinates": [
          [
            -99.1201483,
            19.4918445
          ],
          [
            -99.1198447,
            19.4914242
          ],
          [
            -99.1197872,
            19.4912243
          ]
        ]
      },
      "properties": {
        "line_id": "metrobus-7",
        "line_name": "Línea 7",
        "line_color": "#AD1457"
      }
    },
    {
      "type": "Feature",
      "geometry": {
        "type": "LineString",
        "coordinates": [
          [
            -99.1197872,
            19.4912243
          ],
          [
            -99.1197105,
            19.4911305
          ],
          [
            -99.1196136,
            19.491023
          ],
          [
            -99.1192769,
            19.4907062
          ],
          [
            -99.1188901,
            19.490354
          ],
          [
            -99.1187844,
            19.4902575
          ],
          [
            -99.1187342,
            19.4902121
          ],
          [
            -99.1180192,
            19.4895578
          ],
          [
            -99.117854,
            19.4894077
          ],
          [
            -99.1175743,
            19.4891478
          ]
        ]
      },
      "properties": {
        "line_id": "metrobus-7",
        "line_name": "Línea 7",
        "line_color": "#AD1457"
      }
    },
    {
      "type": "Feature",
      "geometry": {
        "type": "LineString",
        "coordinates": [
          [
            -99.1175743,
            19.4891478
          ],
          [
            -99.1174225,
            19.4890048
          ],
          [
            -99.1173854,
            19.488968
          ]
        ]
      },
      "properties": {
        "line_id": "metrobus-7",
        "line_name": "Línea 7",
        "line_color": "#AD1457"
      }
    },
    {
      "type": "Feature",
      "geometry": {
        "type": "LineString",
        "coordinates": [
          [
            -99.1173854,
            19.488968
          ],
          [
            -99.117367,
            19.4888614
          ],
          [
            -99.1173624,
            19.4887891
          ],
          [
            -99.1173709,
            19.4886957
          ]
        ]
      },
      "properties": {
        "line_id": "metrobus-7",
        "line_name": "Línea 7",
        "line_color": "#AD1457"
      }
    },
    {
      "type": "Feature",
      "geometry": {
        "type": "LineString",
        "coordinates": [
          [
            -99.1173709,
            19.4886957
          ],
          [
            -99.1174773,
            19.4883841
          ]
        ]
      },
      "properties": {
        "line_id": "metrobus-7",
        "line_name": "Línea 7",
        "line_color": "#AD1457"
      }
    },
    {
      "type": "Feature",
      "geometry": {
        "type": "LineString",
        "coordinates": [
          [
            -99.1174773,
            19.4883841
          ],
          [
            -99.1174981,
            19.4882645
          ],
          [
            -99.1176913,
            19.4876233
          ],
          [
            -99.1179568,
            19.4868548
          ],
          [
            -99.1180259,
            19.4866313
          ],
          [
            -99.1180148,
            19.4865296
          ]
        ]
      },
      "properties": {
        "line_id": "metrobus-7",
        "line_name": "Línea 7",
        "line_color": "#AD1457"
      }
    },
    {
      "type": "Feature",
      "geometry": {
        "type": "LineString",
        "coordinates": [
          [
            -99.1180148,
            19.4865296
          ],
          [
            -99.1181215,
            19.4862283
          ],
          [
            -99.118358,
            19.4855688
          ],
          [
            -99.1185085,
            19.4851625
          ]
        ]
      },
      "properties": {
        "line_id": "metrobus-7",
        "line_name": "Línea 7",
        "line_color": "#AD1457"
      }
    },
    {
      "type": "Feature",
      "geometry": {
        "type": "LineString",
        "coordinates": [
          [
            -99.1185085,
            19.4851625
          ],
          [
            -99.1185336,
            19.4851049
          ]
        ]
      },
      "properties": {
        "line_id": "metrobus-7",
        "line_name": "Línea 7",
        "line_color": "#AD1457"
      }
    },
    {
      "type": "Feature",
      "geometry": {
        "type": "LineString",
        "coordinates": [
          [
            -99.1185336,
            19.4851049
          ],
          [
            -99.1185988,
            19.4849406
          ],
          [
            -99.1188184,
            19.4845493
          ]
        ]
      },
      "properties": {
        "line_id": "metrobus-7",
        "line_name": "Línea 7",
        "line_color": "#AD1457"
      }
    },
    {
      "type": "Feature",
      "geometry": {
        "type": "LineString",
        "coordinates": [
          [
            -99.1188184,
            19.4845493
          ],
          [
            -99.1189339,
            19.4842437
          ]
        ]
      },
      "properties": {
        "line_id": "metrobus-7",
        "line_name": "Línea 7",
        "line_color": "#AD1457"
      }
    },
    {
      "type": "Feature",
      "geometry": {
        "type": "LineString",
        "coordinates": [
          [
            -99.1189339,
            19.4842437
          ],
          [
            -99.1189583,
            19.4841825
          ]
        ]
      },
      "properties": {
        "line_id": "metrobus-7",
        "line_name": "Línea 7",
        "line_color": "#AD1457"
      }
    },
    {
      "type": "Feature",
      "geometry": {
        "type": "LineString",
        "coordinates": [
          [
            -99.1189583,
            19.4841825
          ],
          [
            -99.1190685,
            19.4839132
          ],
          [
            -99.1191337,
            19.4836999
          ],
          [
            -99.1193057,
            19.4832285
          ],
          [
            -99.1193583,
            19.4831486
          ],
          [
            -99.119835,
            19.4819112
          ],
          [
            -99.1198593,
            19.4818495
          ],
          [
            -99.1206551,
            19.4796966
          ],
          [
            -99.1210318,
            19.4786746
          ],
          [
            -99.1216432,
            19.4770514
          ],
          [
            -99.122249,
            19.475449
          ],
          [
            -99.1222833,
            19.4753584
          ],
          [
            -99.122309,
            19.4752907
          ],
          [
            -99.122893,
            19.4737503
          ]
        ]
      },
      "properties": {
        "line_id": "metrobus-7",
        "line_name": "Línea 7",
        "line_color": "#AD1457"
      }
    },
    {
      "type": "Feature",
      "geometry": {
        "type": "LineString",
        "coordinates": [
          [
            -99.122893,
            19.4737503
          ],
          [
            -99.1235201,
            19.472049
          ]
        ]
      },
      "properties": {
        "line_id": "metrobus-7",
        "line_name": "Línea 7",
        "line_color": "#AD1457"
      }
    },
    {
      "type": "Feature",
      "geometry": {
        "type": "LineString",
        "coordinates": [
          [
            -99.1235201,
            19.472049
          ],
          [
            -99.1241713,
            19.4703342
          ]
        ]
      },
      "properties": {
        "line_id": "metrobus-7",
        "line_name": "Línea 7",
        "line_color": "#AD1457"
      }
    },
    {
      "type": "Feature",
      "geometry": {
        "type": "LineString",
        "coordinates": [
          [
            -99.1241713,
            19.4703342
          ],
          [
            -99.1245338,
            19.4693847
          ],
          [
            -99.1245714,
            19.4692822
          ]
        ]
      },
      "properties": {
        "line_id": "metrobus-7",
        "line_name": "Línea 7",
        "line_color": "#AD1457"
      }
    },
    {
      "type": "Feature",
      "geometry": {
        "type": "LineString",
        "coordinates": [
          [
            -99.1245714,
            19.4692822
          ],
          [
            -99.124713,
            19.4689093
          ],
          [
            -99.1247829,
            19.4686771
          ],
          [
            -99.1249113,
            19.4683254
          ]
        ]
      },
      "properties": {
        "line_id": "metrobus-7",
        "line_name": "Línea 7",
        "line_color": "#AD1457"
      }
    },
    {
      "type": "Feature",
      "geometry": {
        "type": "LineString",
        "coordinates": [
          [
            -99.1249113,
            19.4683254
          ],
          [
            -99.1249765,
            19.4682069
          ]
        ]
      },
      "properties": {
        "line_id": "metrobus-7",
        "line_name": "Línea 7",
        "line_color": "#AD1457"
      }
    },
    {
      "type": "Feature",
      "geometry": {
        "type": "LineString",
        "coordinates": [
          [
            -99.1249765,
            19.4682069
          ],
          [
            -99.1253137,
            19.4673372
          ],
          [
            -99.1256821,
            19.4663084
          ],
          [
            -99.1263045,
            19.4646841
          ],
          [
            -99.1263167,
            19.464654
          ],
          [
            -99.1263347,
            19.4646076
          ],
          [
            -99.1263454,
            19.4645778
          ],
          [
            -99.1268226,
            19.4633179
          ],
          [
            -99.1271752,
            19.4623664
          ],
          [
            -99.1273007,
            19.4620446
          ],
          [
            -99.127434,
            19.4617095
          ],
          [
            -99.1274495,
            19.4616696
          ]
        ]
      },
      "properties": {
        "line_id": "metrobus-7",
        "line_name": "Línea 7",
        "line_color": "#AD1457"
      }
    },
    {
      "type": "Feature",
      "geometry": {
        "type": "LineString",
        "coordinates": [
          [
            -99.1274495,
            19.4616696
          ],
          [
            -99.1275548,
            19.4613997
          ]
        ]
      },
      "properties": {
        "line_id": "metrobus-7",
        "line_name": "Línea 7",
        "line_color": "#AD1457"
      }
    },
    {
      "type": "Feature",
      "geometry": {
        "type": "LineString",
        "coordinates": [
          [
            -99.1275548,
            19.4613997
          ],
          [
            -99.127572,
            19.4613568
          ],
          [
            -99.1280392,
            19.4601322
          ],
          [
            -99.1283145,
            19.4593864
          ],
          [
            -99.1285235,
            19.4588507
          ],
          [
            -99.1285902,
            19.4586747
          ],
          [
            -99.1291093,
            19.4573481
          ],
          [
            -99.1295112,
            19.4563059
          ],
          [
            -99.1298373,
            19.4554935
          ],
          [
            -99.1301122,
            19.4547841
          ],
          [
            -99.1302508,
            19.4544394
          ]
        ]
      },
      "properties": {
        "line_id": "metrobus-7",
        "line_name": "Línea 7",
        "line_color": "#AD1457"
      }
    },
    {
      "type": "Feature",
      "geometry": {
        "type": "LineString",
        "coordinates": [
          [
            -99.1302508,
            19.4544394
          ],
          [
            -99.1303142,
            19.4542868
          ],
          [
            -99.1303592,
            19.4541788
          ],
          [
            -99.1304189,
            19.4540583
          ],
          [
            -99.1306819,
            19.4535783
          ],
          [
            -99.1307784,
            19.4534057
          ],
          [
            -99.1308873,
            19.4532379
          ],
          [
            -99.1308934,
            19.4532322
          ],
          [
            -99.1309917,
            19.45314
          ]
        ]
      },
      "properties": {
        "line_id": "metrobus-7",
        "line_name": "Línea 7",
        "line_color": "#AD1457"
      }
    },
    {
      "type": "Feature",
      "geometry": {
        "type": "LineString",
        "coordinates": [
          [
            -99.1309917,
            19.45314
          ],
          [
            -99.1310338,
            19.4530123
          ],
          [
            -99.1310479,
            19.4529941
          ],
          [
            -99.1314385,
            19.4524897
          ]
        ]
      },
      "properties": {
        "line_id": "metrobus-7",
        "line_name": "Línea 7",
        "line_color": "#AD1457"
      }
    },
    {
      "type": "Feature",
      "geometry": {
        "type": "LineString",
        "coordinates": [
          [
            -99.1314385,
            19.4524897
          ],
          [
            -99.1318248,
            19.4519983
          ],
          [
            -99.1328088,
            19.450747
          ],
          [
            -99.1331587,
            19.4502963
          ],
          [
            -99.1339394,
            19.4492986
          ]
        ]
      },
      "properties": {
        "line_id": "metrobus-7",
        "line_name": "Línea 7",
        "line_color": "#AD1457"
      }
    },
    {
      "type": "Feature",
      "geometry": {
        "type": "LineString",
        "coordinates": [
          [
            -99.1339394,
            19.4492986
          ],
          [
            -99.1341887,
            19.4490082
          ],
          [
            -99.1342627,
            19.448933
          ],
          [
            -99.1344218,
            19.448779
          ]
        ]
      },
      "properties": {
        "line_id": "metrobus-7",
        "line_name": "Línea 7",
        "line_color": "#AD1457"
      }
    },
    {
      "type": "Feature",
      "geometry": {
        "type": "LineString",
        "coordinates": [
          [
            -99.1344218,
            19.448779
          ],
          [
            -99.1345202,
            19.44868
          ],
          [
            -99.1348121,
            19.4483863
          ],
          [
            -99.1351016,
            19.4480613
          ],
          [
            -99.1351661,
            19.4479786
          ],
          [
            -99.1352589,
            19.4478596
          ]
        ]
      },
      "properties": {
        "line_id": "metrobus-7",
        "line_name": "Línea 7",
        "line_color": "#AD1457"
      }
    },
    {
      "type": "Feature",
      "geometry": {
        "type": "LineString",
        "coordinates": [
          [
            -99.1352589,
            19.4478596
          ],
          [
            -99.1355086,
            19.4475752
          ],
          [
            -99.1366796,
            19.4465103
          ]
        ]
      },
      "properties": {
        "line_id": "metrobus-7",
        "line_name": "Línea 7",
        "line_color": "#AD1457"
      }
    },
    {
      "type": "Feature",
      "geometry": {
        "type": "LineString",
        "coordinates": [
          [
            -99.1366796,
            19.4465103
          ],
          [
            -99.1367863,
            19.4464092
          ]
        ]
      },
      "properties": {
        "line_id": "metrobus-7",
        "line_name": "Línea 7",
        "line_color": "#AD1457"
      }
    },
    {
      "type": "Feature",
      "geometry": {
        "type": "LineString",
        "coordinates": [
          [
            -99.1367863,
            19.4464092
          ],
          [
            -99.1387021,
            19.4446696
          ],
          [
            -99.1387802,
            19.4446092
          ],
          [
            -99.1388744,
            19.4445536
          ],
          [
            -99.1389872,
            19.44451
          ],
          [
            -99.139111,
            19.4444748
          ],
          [
            -99.1392484,
            19.4444254
          ],
          [
            -99.1393565,
            19.4443737
          ],
          [
            -99.1394401,
            19.4443208
          ],
          [
            -99.1395474,
            19.4442386
          ],
          [
            -99.1395881,
            19.4442072
          ],
          [
            -99.1396338,
            19.4441672
          ],
          [
            -99.1396571,
            19.4441468
          ],
          [
            -99.1397195,
            19.444065
          ]
        ]
      },
      "properties": {
        "line_id": "metrobus-7",
        "line_name": "Línea 7",
        "line_color": "#AD1457"
      }
    },
    {
      "type": "Feature",
      "geometry": {
        "type": "LineString",
        "coordinates": [
          [
            -99.1397195,
            19.444065
          ],
          [
            -99.13979,
            19.4439495
          ],
          [
            -99.1397978,
            19.4439301
          ],
          [
            -99.1398227,
            19.4438687
          ],
          [
            -99.1398994,
            19.4436579
          ],
          [
            -99.1399521,
            19.4435523
          ],
          [
            -99.1400345,
            19.4434599
          ],
          [
            -99.1424849,
            19.4412439
          ],
          [
            -99.1425872,
            19.4411639
          ],
          [
            -99.1427768,
            19.4410349
          ]
        ]
      },
      "properties": {
        "line_id": "metrobus-7",
        "line_name": "Línea 7",
        "line_color": "#AD1457"
      }
    },
    {
      "type": "Feature",
      "geometry": {
        "type": "LineString",
        "coordinates": [
          [
            -99.1427768,
            19.4410349
          ],
          [
            -99.1429111,
            19.4409497
          ],
          [
            -99.1430181,
            19.4408835
          ],
          [
            -99.143165,
            19.4407852
          ],
          [
            -99.1433077,
            19.4406748
          ],
          [
            -99.1434349,
            19.4405435
          ],
          [
            -99.1435972,
            19.4403415
          ],
          [
            -99.1436499,
            19.4402765
          ],
          [
            -99.143735,
            19.4401716
          ]
        ]
      },
      "properties": {
        "line_id": "metrobus-7",
        "line_name": "Línea 7",
        "line_color": "#AD1457"
      }
    },
    {
      "type": "Feature",
      "geometry": {
        "type": "LineString",
        "coordinates": [
          [
            -99.143735,
            19.4401716
          ],
          [
            -99.1438738,
            19.4400002
          ],
          [
            -99.1440123,
            19.4398758
          ],
          [
            -99.1448979,
            19.4390798
          ],
          [
            -99.1464966,
            19.4376627
          ]
        ]
      },
      "properties": {
        "line_id": "metrobus-7",
        "line_name": "Línea 7",
        "line_color": "#AD1457"
      }
    },
    {
      "type": "Feature",
      "geometry": {
        "type": "LineString",
        "coordinates": [
          [
            -99.1464966,
            19.4376627
          ],
          [
            -99.146704,
            19.4374826
          ]
        ]
      },
      "properties": {
        "line_id": "metrobus-7",
        "line_name": "Línea 7",
        "line_color": "#AD1457"
      }
    },
    {
      "type": "Feature",
      "geometry": {
        "type": "LineString",
        "coordinates": [
          [
            -99.146704,
            19.4374826
          ],
          [
            -99.146861,
            19.4373771
          ]
        ]
      },
      "properties": {
        "line_id": "metrobus-7",
        "line_name": "Línea 7",
        "line_color": "#AD1457"
      }
    },
    {
      "type": "Feature",
      "geometry": {
        "type": "LineString",
        "coordinates": [
          [
            -99.146861,
            19.4373771
          ],
          [
            -99.1469931,
            19.4372826
          ]
        ]
      },
      "properties": {
        "line_id": "metrobus-7",
        "line_name": "Línea 7",
        "line_color": "#AD1457"
      }
    },
    {
      "type": "Feature",
      "geometry": {
        "type": "LineString",
        "coordinates": [
          [
            -99.1469931,
            19.4372826
          ],
          [
            -99.1470804,
            19.4372243
          ],
          [
            -99.1474687,
            19.4369566
          ],
          [
            -99.1476241,
            19.436856
          ],
          [
            -99.1484489,
            19.4363124
          ],
          [
            -99.1487719,
            19.4360939
          ],
          [
            -99.1491848,
            19.435902
          ],
          [
            -99.1493147,
            19.4358416
          ],
          [
            -99.1494169,
            19.4357961
          ]
        ]
      },
      "properties": {
        "line_id": "metrobus-7",
        "line_name": "Línea 7",
        "line_color": "#AD1457"
      }
    },
    {
      "type": "Feature",
      "geometry": {
        "type": "LineString",
        "coordinates": [
          [
            -99.1494169,
            19.4357961
          ],
          [
            -99.1496752,
            19.4356714
          ],
          [
            -99.1497461,
            19.4356266
          ]
        ]
      },
      "properties": {
        "line_id": "metrobus-7",
        "line_name": "Línea 7",
        "line_color": "#AD1457"
      }
    },
    {
      "type": "Feature",
      "geometry": {
        "type": "LineString",
        "coordinates": [
          [
            -99.1497461,
            19.4356266
          ],
          [
            -99.1500558,
            19.4354146
          ],
          [
            -99.1503296,
            19.4352427
          ],
          [
            -99.1504823,
            19.435156
          ],
          [
            -99.153257,
            19.4338494
          ],
          [
            -99.1534542,
            19.4337592
          ],
          [
            -99.153522,
            19.4337282
          ]
        ]
      },
      "properties": {
        "line_id": "metrobus-7",
        "line_name": "Línea 7",
        "line_color": "#AD1457"
      }
    },
    {
      "type": "Feature",
      "geometry": {
        "type": "LineString",
        "coordinates": [
          [
            -99.153522,
            19.4337282
          ],
          [
            -99.1536205,
            19.4336842
          ],
          [
            -99.1542346,
            19.4334013
          ],
          [
            -99.1542674,
            19.4333863
          ],
          [
            -99.1544322,
            19.4333772
          ]
        ]
      },
      "properties": {
        "line_id": "metrobus-7",
        "line_name": "Línea 7",
        "line_color": "#AD1457"
      }
    },
    {
      "type": "Feature",
      "geometry": {
        "type": "LineString",
        "coordinates": [
          [
            -99.1544322,
            19.4333772
          ],
          [
            -99.1545502,
            19.4333625
          ],
          [
            -99.1547116,
            19.4333325
          ],
          [
            -99.1548419,
            19.4332925
          ],
          [
            -99.1549532,
            19.4332315
          ],
          [
            -99.1550436,
            19.433163
          ],
          [
            -99.155216,
            19.4329978
          ]
        ]
      },
      "properties": {
        "line_id": "metrobus-7",
        "line_name": "Línea 7",
        "line_color": "#AD1457"
      }
    },
    {
      "type": "Feature",
      "geometry": {
        "type": "LineString",
        "coordinates": [
          [
            -99.155216,
            19.4329978
          ],
          [
            -99.1553317,
            19.432874
          ],
          [
            -99.1553596,
            19.432861
          ],
          [
            -99.1567476,
            19.4322188
          ],
          [
            -99.156837,
            19.4321776
          ],
          [
            -99.1569239,
            19.4321358
          ],
          [
            -99.1581604,
            19.4315418
          ],
          [
            -99.1583273,
            19.4314617
          ]
        ]
      },
      "properties": {
        "line_id": "metrobus-7",
        "line_name": "Línea 7",
        "line_color": "#AD1457"
      }
    },
    {
      "type": "Feature",
      "geometry": {
        "type": "LineString",
        "coordinates": [
          [
            -99.1583273,
            19.4314617
          ],
          [
            -99.1584499,
            19.4314091
          ],
          [
            -99.158585,
            19.431368
          ],
          [
            -99.158885,
            19.4313019
          ],
          [
            -99.1590565,
            19.4312367
          ],
          [
            -99.1592139,
            19.4311503
          ],
          [
            -99.1593039,
            19.4310751
          ],
          [
            -99.1594305,
            19.4309843
          ],
          [
            -99.1595651,
            19.4308946
          ]
        ]
      },
      "properties": {
        "line_id": "metrobus-7",
        "line_name": "Línea 7",
        "line_color": "#AD1457"
      }
    },
    {
      "type": "Feature",
      "geometry": {
        "type": "LineString",
        "coordinates": [
          [
            -99.1595651,
            19.4308946
          ],
          [
            -99.1598187,
            19.4307678
          ]
        ]
      },
      "properties": {
        "line_id": "metrobus-7",
        "line_name": "Línea 7",
        "line_color": "#AD1457"
      }
    },
    {
      "type": "Feature",
      "geometry": {
        "type": "LineString",
        "coordinates": [
          [
            -99.1598187,
            19.4307678
          ],
          [
            -99.1600759,
            19.4306415
          ],
          [
            -99.1615898,
            19.4299296
          ],
          [
            -99.1616281,
            19.4299116
          ],
          [
            -99.1626786,
            19.4294176
          ],
          [
            -99.1627137,
            19.4294011
          ],
          [
            -99.1632196,
            19.4291632
          ],
          [
            -99.163284,
            19.4291329
          ],
          [
            -99.1634301,
            19.4290643
          ]
        ]
      },
      "properties": {
        "line_id": "metrobus-7",
        "line_name": "Línea 7",
        "line_color": "#AD1457"
      }
    },
    {
      "type": "Feature",
      "geometry": {
        "type": "LineString",
        "coordinates": [
          [
            -99.1634301,
            19.4290643
          ],
          [
            -99.1634988,
            19.4291301
          ],
          [
            -99.1635841,
            19.4291768
          ],
          [
            -99.1636796,
            19.4292004
          ],
          [
            -99.1637782,
            19.4291994
          ],
          [
            -99.1638775,
            19.4291727
          ]
        ]
      },
      "properties": {
        "line_id": "metrobus-7",
        "line_name": "Línea 7",
        "line_color": "#AD1457"
      }
    },
    {
      "type": "Feature",
      "geometry": {
        "type": "LineString",
        "coordinates": [
          [
            -99.1638775,
            19.4291727
          ],
          [
            -99.1639672,
            19.4291175
          ],
          [
            -99.1640393,
            19.4290372
          ],
          [
            -99.1640826,
            19.4289403
          ],
          [
            -99.1640933,
            19.4288356
          ],
          [
            -99.1640747,
            19.4287528
          ]
        ]
      },
      "properties": {
        "line_id": "metrobus-7",
        "line_name": "Línea 7",
        "line_color": "#AD1457"
      }
    },
    {
      "type": "Feature",
      "geometry": {
        "type": "LineString",
        "coordinates": [
          [
            -99.1640747,
            19.4287528
          ],
          [
            -99.1642566,
            19.4286675
          ],
          [
            -99.1643011,
            19.4286467
          ],
          [
            -99.1649709,
            19.4283327
          ],
          [
            -99.1650107,
            19.428314
          ],
          [
            -99.1650495,
            19.4282957
          ],
          [
            -99.1663415,
            19.4276902
          ],
          [
            -99.1663791,
            19.4276726
          ],
          [
            -99.1670419,
            19.4273619
          ],
          [
            -99.1670836,
            19.4273423
          ],
          [
            -99.1671257,
            19.4273226
          ],
          [
            -99.16728,
            19.4272501
          ]
        ]
      },
      "properties": {
        "line_id": "metrobus-7",
        "line_name": "Línea 7",
        "line_color": "#AD1457"
      }
    },
    {
      "type": "Feature",
      "geometry": {
        "type": "LineString",
        "coordinates": [
          [
            -99.16728,
            19.4272501
          ],
          [
            -99.1672997,
            19.4272748
          ],
          [
            -99.1673447,
            19.4273204
          ],
          [
            -99.1673959,
            19.4273595
          ],
          [
            -99.1674656,
            19.4273976
          ],
          [
            -99.1675411,
            19.4274238
          ],
          [
            -99.1676185,
            19.4274373
          ],
          [
            -99.1677003,
            19.4274383
          ],
          [
            -99.1677682,
            19.4274288
          ],
          [
            -99.1678279,
            19.4274122
          ],
          [
            -99.1678845,
            19.4273884
          ],
          [
            -99.1679437,
            19.4273534
          ],
          [
            -99.1679965,
            19.4273108
          ]
        ]
      },
      "properties": {
        "line_id": "metrobus-7",
        "line_name": "Línea 7",
        "line_color": "#AD1457"
      }
    },
    {
      "type": "Feature",
      "geometry": {
        "type": "LineString",
        "coordinates": [
          [
            -99.1679965,
            19.4273108
          ],
          [
            -99.1680475,
            19.4272543
          ],
          [
            -99.1680783,
            19.4272079
          ],
          [
            -99.1681085,
            19.4271439
          ],
          [
            -99.1681276,
            19.4270761
          ],
          [
            -99.168135,
            19.4270119
          ],
          [
            -99.168131,
            19.4269361
          ],
          [
            -99.1681142,
            19.426865
          ]
        ]
      },
      "properties": {
        "line_id": "metrobus-7",
        "line_name": "Línea 7",
        "line_color": "#AD1457"
      }
    },
    {
      "type": "Feature",
      "geometry": {
        "type": "LineString",
        "coordinates": [
          [
            -99.1681142,
            19.426865
          ],
          [
            -99.1682632,
            19.426794
          ],
          [
            -99.1689792,
            19.4264534
          ],
          [
            -99.1690172,
            19.4264354
          ],
          [
            -99.1703055,
            19.4258224
          ],
          [
            -99.170344,
            19.425804
          ],
          [
            -99.17111,
            19.4254397
          ],
          [
            -99.1711473,
            19.4254219
          ],
          [
            -99.1711992,
            19.4253972
          ],
          [
            -99.1713944,
            19.4253044
          ]
        ]
      },
      "properties": {
        "line_id": "metrobus-7",
        "line_name": "Línea 7",
        "line_color": "#AD1457"
      }
    },
    {
      "type": "Feature",
      "geometry": {
        "type": "LineString",
        "coordinates": [
          [
            -99.1713944,
            19.4253044
          ],
          [
            -99.1714298,
            19.4253453
          ],
          [
            -99.1715119,
            19.4253944
          ],
          [
            -99.1716063,
            19.4254166
          ],
          [
            -99.1716547,
            19.4254132
          ]
        ]
      },
      "properties": {
        "line_id": "metrobus-7",
        "line_name": "Línea 7",
        "line_color": "#AD1457"
      }
    },
    {
      "type": "Feature",
      "geometry": {
        "type": "LineString",
        "coordinates": [
          [
            -99.1716547,
            19.4254132
          ],
          [
            -99.1717032,
            19.4254097
          ],
          [
            -99.171793,
            19.4253744
          ],
          [
            -99.1718392,
            19.4253358
          ],
          [
            -99.1718702,
            19.4253098
          ],
          [
            -99.1719202,
            19.4252246
          ],
          [
            -99.1719372,
            19.4251285
          ],
          [
            -99.1719251,
            19.425064
          ]
        ]
      },
      "properties": {
        "line_id": "metrobus-7",
        "line_name": "Línea 7",
        "line_color": "#AD1457"
      }
    },
    {
      "type": "Feature",
      "geometry": {
        "type": "LineString",
        "coordinates": [
          [
            -99.1719251,
            19.425064
          ],
          [
            -99.1721357,
            19.4249643
          ],
          [
            -99.1729516,
            19.4245777
          ],
          [
            -99.1729915,
            19.4245588
          ],
          [
            -99.1742598,
            19.423958
          ],
          [
            -99.1742998,
            19.4239391
          ],
          [
            -99.1751874,
            19.4235186
          ],
          [
            -99.1753225,
            19.4234722
          ],
          [
            -99.1754665,
            19.4234351
          ],
          [
            -99.1755702,
            19.4234134
          ],
          [
            -99.1756619,
            19.4234016
          ],
          [
            -99.1757967,
            19.4233947
          ],
          [
            -99.1759352,
            19.4233996
          ]
        ]
      },
      "properties": {
        "line_id": "metrobus-7",
        "line_name": "Línea 7",
        "line_color": "#AD1457"
      }
    },
    {
      "type": "Feature",
      "geometry": {
        "type": "LineString",
        "coordinates": [
          [
            -99.1759352,
            19.4233996
          ],
          [
            -99.176309,
            19.4234324
          ]
        ]
      },
      "properties": {
        "line_id": "metrobus-7",
        "line_name": "Línea 7",
        "line_color": "#AD1457"
      }
    },
    {
      "type": "Feature",
      "geometry": {
        "type": "LineString",
        "coordinates": [
          [
            -99.176309,
            19.4234324
          ],
          [
            -99.1767196,
            19.4234858
          ]
        ]
      },
      "properties": {
        "line_id": "metrobus-7",
        "line_name": "Línea 7",
        "line_color": "#AD1457"
      }
    },
    {
      "type": "Feature",
      "geometry": {
        "type": "LineString",
        "coordinates": [
          [
            -99.1767196,
            19.4234858
          ],
          [
            -99.1773851,
            19.423595
          ]
        ]
      },
      "properties": {
        "line_id": "metrobus-7",
        "line_name": "Línea 7",
        "line_color": "#AD1457"
      }
    },
    {
      "type": "Feature",
      "geometry": {
        "type": "LineString",
        "coordinates": [
          [
            -99.1773851,
            19.423595
          ],
          [
            -99.1778288,
            19.4236705
          ]
        ]
      },
      "properties": {
        "line_id": "metrobus-7",
        "line_name": "Línea 7",
        "line_color": "#AD1457"
      }
    },
    {
      "type": "Feature",
      "geometry": {
        "type": "LineString",
        "coordinates": [
          [
            -99.1778288,
            19.4236705
          ],
          [
            -99.1778515,
            19.4236745
          ],
          [
            -99.1785376,
            19.423795
          ]
        ]
      },
      "properties": {
        "line_id": "metrobus-7",
        "line_name": "Línea 7",
        "line_color": "#AD1457"
      }
    },
    {
      "type": "Feature",
      "geometry": {
        "type": "LineString",
        "coordinates": [
          [
            -99.1785376,
            19.423795
          ],
          [
            -99.1793744,
            19.423919
          ]
        ]
      },
      "properties": {
        "line_id": "metrobus-7",
        "line_name": "Línea 7",
        "line_color": "#AD1457"
      }
    },
    {
      "type": "Feature",
      "geometry": {
        "type": "LineString",
        "coordinates": [
          [
            -99.1793744,
            19.423919
          ],
          [
            -99.180285,
            19.4240636
          ],
          [
            -99.1804318,
            19.4240851
          ]
        ]
      },
      "properties": {
        "line_id": "metrobus-7",
        "line_name": "Línea 7",
        "line_color": "#AD1457"
      }
    },
    {
      "type": "Feature",
      "geometry": {
        "type": "LineString",
        "coordinates": [
          [
            -99.1804318,
            19.4240851
          ],
          [
            -99.1806415,
            19.4241158
          ],
          [
            -99.1807221,
            19.4241363
          ],
          [
            -99.1827205,
            19.4244296
          ],
          [
            -99.1837348,
            19.4245886
          ],
          [
            -99.1846038,
            19.4247241
          ],
          [
            -99.1848836,
            19.4247691
          ]
        ]
      },
      "properties": {
        "line_id": "metrobus-7",
        "line_name": "Línea 7",
        "line_color": "#AD1457"
      }
    },
    {
      "type": "Feature",
      "geometry": {
        "type": "LineString",
        "coordinates": [
          [
            -99.1848836,
            19.4247691
          ],
          [
            -99.1851067,
            19.4248034
          ],
          [
            -99.1872013,
            19.4251211
          ],
          [
            -99.1875502,
            19.4251692
          ],
          [
            -99.1876596,
            19.4251844
          ],
          [
            -99.1879266,
            19.4252213
          ],
          [
            -99.1884995,
            19.4253083
          ],
          [
            -99.1899898,
            19.4255446
          ]
        ]
      },
      "properties": {
        "line_id": "metrobus-7",
        "line_name": "Línea 7",
        "line_color": "#AD1457"
      }
    },
    {
      "type": "Feature",
      "geometry": {
        "type": "LineString",
        "coordinates": [
          [
            -99.1899898,
            19.4255446
          ],
          [
            -99.1902028,
            19.4255801
          ]
        ]
      },
      "properties": {
        "line_id": "metrobus-7",
        "line_name": "Línea 7",
        "line_color": "#AD1457"
      }
    },
    {
      "type": "Feature",
      "geometry": {
        "type": "LineString",
        "coordinates": [
          [
            -99.1902028,
            19.4255801
          ],
          [
            -99.1903557,
            19.4256017
          ]
        ]
      },
      "properties": {
        "line_id": "metrobus-7",
        "line_name": "Línea 7",
        "line_color": "#AD1457"
      }
    },
    {
      "type": "Feature",
      "geometry": {
        "type": "LineString",
        "coordinates": [
          [
            -99.1903557,
            19.4256017
          ],
          [
            -99.19101,
            19.4256994
          ],
          [
            -99.1912276,
            19.4257336
          ],
          [
            -99.1912953,
            19.4257442
          ],
          [
            -99.1918168,
            19.4258261
          ],
          [
            -99.1919592,
            19.4258485
          ],
          [
            -99.1920395,
            19.425861
          ],
          [
            -99.1928757,
            19.4259872
          ],
          [
            -99.1956792,
            19.4264103
          ],
          [
            -99.1960489,
            19.4264665
          ],
          [
            -99.1971513,
            19.4266338
          ],
          [
            -99.1975413,
            19.4266937
          ]
        ]
      },
      "properties": {
        "line_id": "metrobus-7",
        "line_name": "Línea 7",
        "line_color": "#AD1457"
      }
    },
    {
      "type": "Feature",
      "geometry": {
        "type": "LineString",
        "coordinates": [
          [
            -99.1975413,
            19.4266937
          ],
          [
            -99.1976326,
            19.4267077
          ],
          [
            -99.1979429,
            19.4267554
          ],
          [
            -99.1983004,
            19.4268101
          ],
          [
            -99.1983352,
            19.4268157
          ],
          [
            -99.1983918,
            19.4268243
          ]
        ]
      },
      "properties": {
        "line_id": "metrobus-7",
        "line_name": "Línea 7",
        "line_color": "#AD1457"
      }
    },
    {
      "type": "Feature",
      "geometry": {
        "type": "LineString",
        "coordinates": [
          [
            -99.1983918,
            19.4268243
          ],
          [
            -99.1984964,
            19.4268409
          ],
          [
            -99.1994716,
            19.4269912
          ]
        ]
      },
      "properties": {
        "line_id": "metrobus-7",
        "line_name": "Línea 7",
        "line_color": "#AD1457"
      }
    },
    {
      "type": "Feature",
      "geometry": {
        "type": "LineString",
        "coordinates": [
          [
            -99.1993297,
            19.4267088
          ],
          [
            -99.1991992,
            19.4266886
          ],
          [
            -99.1990345,
            19.4266778
          ],
          [
            -99.1988008,
            19.4267154
          ]
        ]
      },
      "properties": {
        "line_id": "metrobus-7",
        "line_name": "Línea 7",
        "line_color": "#AD1457"
      }
    },
    {
      "type": "Feature",
      "geometry": {
        "type": "LineString",
        "coordinates": [
          [
            -99.1988008,
            19.4267154
          ],
          [
            -99.1985242,
            19.4266724
          ],
          [
            -99.1984208,
            19.4266563
          ]
        ]
      },
      "properties": {
        "line_id": "metrobus-7",
        "line_name": "Línea 7",
        "line_color": "#AD1457"
      }
    },
    {
      "type": "Feature",
      "geometry": {
        "type": "LineString",
        "coordinates": [
          [
            -99.1984208,
            19.4266563
          ],
          [
            -99.1983273,
            19.4266416
          ],
          [
            -99.1975441,
            19.4265198
          ],
          [
            -99.1974427,
            19.426504
          ]
        ]
      },
      "properties": {
        "line_id": "metrobus-7",
        "line_name": "Línea 7",
        "line_color": "#AD1457"
      }
    },
    {
      "type": "Feature",
      "geometry": {
        "type": "LineString",
        "coordinates": [
          [
            -99.1974427,
            19.426504
          ],
          [
            -99.1960778,
            19.426297
          ],
          [
            -99.1959727,
            19.4262815
          ],
          [
            -99.1957075,
            19.4262432
          ],
          [
            -99.1956698,
            19.4262377
          ],
          [
            -99.1933219,
            19.4258873
          ],
          [
            -99.1929091,
            19.4258215
          ],
          [
            -99.1923483,
            19.425737
          ],
          [
            -99.1920718,
            19.4256922
          ],
          [
            -99.1919888,
            19.4256798
          ],
          [
            -99.1918873,
            19.4256645
          ],
          [
            -99.1912561,
            19.4255696
          ],
          [
            -99.1905886,
            19.4254696
          ],
          [
            -99.1905415,
            19.4254625
          ]
        ]
      },
      "properties": {
        "line_id": "metrobus-7",
        "line_name": "Línea 7",
        "line_color": "#AD1457"
      }
    },
    {
      "type": "Feature",
      "geometry": {
        "type": "LineString",
        "coordinates": [
          [
            -99.1905415,
            19.4254625
          ],
          [
            -99.1903364,
            19.4254316
          ]
        ]
      },
      "properties": {
        "line_id": "metrobus-7",
        "line_name": "Línea 7",
        "line_color": "#AD1457"
      }
    },
    {
      "type": "Feature",
      "geometry": {
        "type": "LineString",
        "coordinates": [
          [
            -99.1903364,
            19.4254316
          ],
          [
            -99.190019,
            19.4253826
          ],
          [
            -99.1879535,
            19.4250621
          ],
          [
            -99.1876852,
            19.4250204
          ],
          [
            -99.1875775,
            19.425006
          ],
          [
            -99.1872292,
            19.4249539
          ],
          [
            -99.1851349,
            19.4246308
          ],
          [
            -99.1849116,
            19.4245967
          ]
        ]
      },
      "properties": {
        "line_id": "metrobus-7",
        "line_name": "Línea 7",
        "line_color": "#AD1457"
      }
    },
    {
      "type": "Feature",
      "geometry": {
        "type": "LineString",
        "coordinates": [
          [
            -99.1849116,
            19.4245967
          ],
          [
            -99.1846336,
            19.4245523
          ],
          [
            -99.1819914,
            19.4241548
          ]
        ]
      },
      "properties": {
        "line_id": "metrobus-7",
        "line_name": "Línea 7",
        "line_color": "#AD1457"
      }
    },
    {
      "type": "Feature",
      "geometry": {
        "type": "LineString",
        "coordinates": [
          [
            -99.1819914,
            19.4241548
          ],
          [
            -99.1806715,
            19.4239443
          ],
          [
            -99.1804601,
            19.4239138
          ]
        ]
      },
      "properties": {
        "line_id": "metrobus-7",
        "line_name": "Línea 7",
        "line_color": "#AD1457"
      }
    },
    {
      "type": "Feature",
      "geometry": {
        "type": "LineString",
        "coordinates": [
          [
            -99.1804601,
            19.4239138
          ],
          [
            -99.1803142,
            19.4238927
          ],
          [
            -99.180134,
            19.4238654
          ],
          [
            -99.1797891,
            19.4238131
          ],
          [
            -99.1785741,
            19.4236332
          ],
          [
            -99.1778834,
            19.4235406
          ]
        ]
      },
      "properties": {
        "line_id": "metrobus-7",
        "line_name": "Línea 7",
        "line_color": "#AD1457"
      }
    },
    {
      "type": "Feature",
      "geometry": {
        "type": "LineString",
        "coordinates": [
          [
            -99.1778834,
            19.4235406
          ],
          [
            -99.1774451,
            19.4234826
          ]
        ]
      },
      "properties": {
        "line_id": "metrobus-7",
        "line_name": "Línea 7",
        "line_color": "#AD1457"
      }
    },
    {
      "type": "Feature",
      "geometry": {
        "type": "LineString",
        "coordinates": [
          [
            -99.1774451,
            19.4234826
          ],
          [
            -99.177104,
            19.4234397
          ],
          [
            -99.1766431,
            19.4233677
          ],
          [
            -99.1763191,
            19.4233179
          ],
          [
            -99.1758647,
            19.4232674
          ]
        ]
      },
      "properties": {
        "line_id": "metrobus-7",
        "line_name": "Línea 7",
        "line_color": "#AD1457"
      }
    },
    {
      "type": "Feature",
      "geometry": {
        "type": "LineString",
        "coordinates": [
          [
            -99.1758647,
            19.4232674
          ],
          [
            -99.1756959,
            19.4232726
          ]
        ]
      },
      "properties": {
        "line_id": "metrobus-7",
        "line_name": "Línea 7",
        "line_color": "#AD1457"
      }
    },
    {
      "type": "Feature",
      "geometry": {
        "type": "LineString",
        "coordinates": [
          [
            -99.1756959,
            19.4232726
          ],
          [
            -99.1755791,
            19.4232876
          ],
          [
            -99.1754571,
            19.4233081
          ],
          [
            -99.175339,
            19.4233401
          ],
          [
            -99.1751654,
            19.4234039
          ],
          [
            -99.1742845,
            19.4238164
          ],
          [
            -99.1742476,
            19.4238337
          ],
          [
            -99.1729775,
            19.4244284
          ],
          [
            -99.1729353,
            19.4244481
          ],
          [
            -99.1721661,
            19.4248084
          ],
          [
            -99.1721248,
            19.4248277
          ],
          [
            -99.1720783,
            19.4248494
          ],
          [
            -99.1718683,
            19.4249478
          ]
        ]
      },
      "properties": {
        "line_id": "metrobus-7",
        "line_name": "Línea 7",
        "line_color": "#AD1457"
      }
    },
    {
      "type": "Feature",
      "geometry": {
        "type": "LineString",
        "coordinates": [
          [
            -99.1718683,
            19.4249478
          ],
          [
            -99.1717903,
            19.4248839
          ],
          [
            -99.1716941,
            19.4248482
          ],
          [
            -99.1715909,
            19.4248449
          ],
          [
            -99.1714924,
            19.4248742
          ],
          [
            -99.1714099,
            19.4249329
          ]
        ]
      },
      "properties": {
        "line_id": "metrobus-7",
        "line_name": "Línea 7",
        "line_color": "#AD1457"
      }
    },
    {
      "type": "Feature",
      "geometry": {
        "type": "LineString",
        "coordinates": [
          [
            -99.1714099,
            19.4249329
          ],
          [
            -99.1713554,
            19.4250088
          ],
          [
            -99.1713291,
            19.4250971
          ],
          [
            -99.1713335,
            19.4251887
          ],
          [
            -99.1713362,
            19.4251954
          ]
        ]
      },
      "properties": {
        "line_id": "metrobus-7",
        "line_name": "Línea 7",
        "line_color": "#AD1457"
      }
    },
    {
      "type": "Feature",
      "geometry": {
        "type": "LineString",
        "coordinates": [
          [
            -99.1713362,
            19.4251954
          ],
          [
            -99.1711415,
            19.4252883
          ],
          [
            -99.1703294,
            19.4256757
          ],
          [
            -99.1702892,
            19.4256948
          ],
          [
            -99.1689998,
            19.42631
          ],
          [
            -99.1689618,
            19.4263282
          ],
          [
            -99.1683071,
            19.4266405
          ],
          [
            -99.1682673,
            19.4266595
          ],
          [
            -99.1682093,
            19.4266872
          ],
          [
            -99.1680614,
            19.4267577
          ]
        ]
      },
      "properties": {
        "line_id": "metrobus-7",
        "line_name": "Línea 7",
        "line_color": "#AD1457"
      }
    },
    {
      "type": "Feature",
      "geometry": {
        "type": "LineString",
        "coordinates": [
          [
            -99.1680614,
            19.4267577
          ],
          [
            -99.1680326,
            19.4267197
          ],
          [
            -99.1679976,
            19.4266828
          ],
          [
            -99.1679438,
            19.4266393
          ],
          [
            -99.1678821,
            19.426603
          ],
          [
            -99.167809,
            19.4265743
          ],
          [
            -99.16774,
            19.4265587
          ],
          [
            -99.1676649,
            19.426553
          ],
          [
            -99.1675898,
            19.4265588
          ],
          [
            -99.1675211,
            19.4265744
          ]
        ]
      },
      "properties": {
        "line_id": "metrobus-7",
        "line_name": "Línea 7",
        "line_color": "#AD1457"
      }
    },
    {
      "type": "Feature",
      "geometry": {
        "type": "LineString",
        "coordinates": [
          [
            -99.1675211,
            19.4265744
          ],
          [
            -99.167461,
            19.4265971
          ],
          [
            -99.1674109,
            19.4266236
          ],
          [
            -99.1673635,
            19.4266565
          ],
          [
            -99.1673266,
            19.4266889
          ],
          [
            -99.1672768,
            19.4267469
          ],
          [
            -99.1672361,
            19.4268156
          ],
          [
            -99.1672101,
            19.4268861
          ],
          [
            -99.1671969,
            19.4269601
          ],
          [
            -99.1671974,
            19.4270383
          ],
          [
            -99.1672126,
            19.4271153
          ],
          [
            -99.1672233,
            19.427147
          ]
        ]
      },
      "properties": {
        "line_id": "metrobus-7",
        "line_name": "Línea 7",
        "line_color": "#AD1457"
      }
    },
    {
      "type": "Feature",
      "geometry": {
        "type": "LineString",
        "coordinates": [
          [
            -99.1672233,
            19.427147
          ],
          [
            -99.1670695,
            19.427219
          ],
          [
            -99.1663665,
            19.4275487
          ],
          [
            -99.1663271,
            19.4275672
          ],
          [
            -99.1650749,
            19.4281544
          ],
          [
            -99.1650364,
            19.4281725
          ],
          [
            -99.1649974,
            19.4281908
          ],
          [
            -99.1642983,
            19.4285186
          ],
          [
            -99.1642563,
            19.4285383
          ],
          [
            -99.1642038,
            19.4285629
          ],
          [
            -99.1640212,
            19.4286486
          ]
        ]
      },
      "properties": {
        "line_id": "metrobus-7",
        "line_name": "Línea 7",
        "line_color": "#AD1457"
      }
    },
    {
      "type": "Feature",
      "geometry": {
        "type": "LineString",
        "coordinates": [
          [
            -99.1640212,
            19.4286486
          ],
          [
            -99.1639373,
            19.4285706
          ],
          [
            -99.1638387,
            19.4285241
          ],
          [
            -99.16373,
            19.4285072
          ],
          [
            -99.1636208,
            19.4285213
          ],
          [
            -99.163554,
            19.4285444
          ]
        ]
      },
      "properties": {
        "line_id": "metrobus-7",
        "line_name": "Línea 7",
        "line_color": "#AD1457"
      }
    },
    {
      "type": "Feature",
      "geometry": {
        "type": "LineString",
        "coordinates": [
          [
            -99.163554,
            19.4285444
          ],
          [
            -99.1635003,
            19.4285781
          ],
          [
            -99.1634392,
            19.4286349
          ],
          [
            -99.163383,
            19.4287242
          ],
          [
            -99.1633573,
            19.4288253
          ],
          [
            -99.163359,
            19.4288796
          ],
          [
            -99.1633732,
            19.4289542
          ]
        ]
      },
      "properties": {
        "line_id": "metrobus-7",
        "line_name": "Línea 7",
        "line_color": "#AD1457"
      }
    },
    {
      "type": "Feature",
      "geometry": {
        "type": "LineString",
        "coordinates": [
          [
            -99.1633732,
            19.4289542
          ],
          [
            -99.1632262,
            19.4290238
          ],
          [
            -99.1631745,
            19.4290483
          ],
          [
            -99.1627011,
            19.4292725
          ],
          [
            -99.162659,
            19.4292925
          ],
          [
            -99.161654,
            19.4297684
          ],
          [
            -99.1616135,
            19.4297875
          ],
          [
            -99.1615763,
            19.4298052
          ],
          [
            -99.1601698,
            19.4304712
          ],
          [
            -99.1601168,
            19.4304963
          ],
          [
            -99.1600764,
            19.4305154
          ],
          [
            -99.1599021,
            19.4305967
          ]
        ]
      },
      "properties": {
        "line_id": "metrobus-7",
        "line_name": "Línea 7",
        "line_color": "#AD1457"
      }
    },
    {
      "type": "Feature",
      "geometry": {
        "type": "LineString",
        "coordinates": [
          [
            -99.1599021,
            19.4305967
          ],
          [
            -99.1596551,
            19.4307162
          ]
        ]
      },
      "properties": {
        "line_id": "metrobus-7",
        "line_name": "Línea 7",
        "line_color": "#AD1457"
      }
    },
    {
      "type": "Feature",
      "geometry": {
        "type": "LineString",
        "coordinates": [
          [
            -99.1596551,
            19.4307162
          ],
          [
            -99.1595276,
            19.4307766
          ],
          [
            -99.1593177,
            19.4308457
          ],
          [
            -99.1591758,
            19.4308751
          ],
          [
            -99.1590308,
            19.4309085
          ],
          [
            -99.1588807,
            19.4309627
          ],
          [
            -99.1587244,
            19.4310572
          ],
          [
            -99.1584921,
            19.431249
          ],
          [
            -99.1583042,
            19.4313607
          ],
          [
            -99.1581903,
            19.4314175
          ]
        ]
      },
      "properties": {
        "line_id": "metrobus-7",
        "line_name": "Línea 7",
        "line_color": "#AD1457"
      }
    },
    {
      "type": "Feature",
      "geometry": {
        "type": "LineString",
        "coordinates": [
          [
            -99.1581903,
            19.4314175
          ],
          [
            -99.1580696,
            19.4314732
          ],
          [
            -99.1568722,
            19.4320344
          ],
          [
            -99.1567802,
            19.4320774
          ],
          [
            -99.1566958,
            19.432117
          ],
          [
            -99.1553121,
            19.4327655
          ],
          [
            -99.1552833,
            19.4327792
          ],
          [
            -99.1551343,
            19.4328138
          ]
        ]
      },
      "properties": {
        "line_id": "metrobus-7",
        "line_name": "Línea 7",
        "line_color": "#AD1457"
      }
    },
    {
      "type": "Feature",
      "geometry": {
        "type": "LineString",
        "coordinates": [
          [
            -99.1551343,
            19.4328138
          ],
          [
            -99.1549999,
            19.4328327
          ],
          [
            -99.1548755,
            19.4328525
          ],
          [
            -99.1547004,
            19.4329038
          ],
          [
            -99.1545713,
            19.432961
          ],
          [
            -99.1544598,
            19.4330389
          ],
          [
            -99.1543706,
            19.4331262
          ],
          [
            -99.1542544,
            19.4332371
          ]
        ]
      },
      "properties": {
        "line_id": "metrobus-7",
        "line_name": "Línea 7",
        "line_color": "#AD1457"
      }
    },
    {
      "type": "Feature",
      "geometry": {
        "type": "LineString",
        "coordinates": [
          [
            -99.1542544,
            19.4332371
          ],
          [
            -99.1541544,
            19.4333041
          ],
          [
            -99.1541236,
            19.4333182
          ],
          [
            -99.1534117,
            19.4336529
          ],
          [
            -99.15332,
            19.4336932
          ]
        ]
      },
      "properties": {
        "line_id": "metrobus-7",
        "line_name": "Línea 7",
        "line_color": "#AD1457"
      }
    },
    {
      "type": "Feature",
      "geometry": {
        "type": "LineString",
        "coordinates": [
          [
            -99.15332,
            19.4336932
          ],
          [
            -99.1532519,
            19.4337246
          ],
          [
            -99.1531244,
            19.4337833
          ],
          [
            -99.1501596,
            19.4351859
          ],
          [
            -99.1500493,
            19.4352251
          ],
          [
            -99.1497924,
            19.4353065
          ]
        ]
      },
      "properties": {
        "line_id": "metrobus-7",
        "line_name": "Línea 7",
        "line_color": "#AD1457"
      }
    },
    {
      "type": "Feature",
      "geometry": {
        "type": "LineString",
        "coordinates": [
          [
            -99.1497924,
            19.4353065
          ],
          [
            -99.1495417,
            19.4353967
          ]
        ]
      },
      "properties": {
        "line_id": "metrobus-7",
        "line_name": "Línea 7",
        "line_color": "#AD1457"
      }
    },
    {
      "type": "Feature",
      "geometry": {
        "type": "LineString",
        "coordinates": [
          [
            -99.1495417,
            19.4353967
          ],
          [
            -99.1494389,
            19.4354334
          ],
          [
            -99.1492045,
            19.4355826
          ],
          [
            -99.1491518,
            19.4356235
          ]
        ]
      },
      "properties": {
        "line_id": "metrobus-7",
        "line_name": "Línea 7",
        "line_color": "#AD1457"
      }
    },
    {
      "type": "Feature",
      "geometry": {
        "type": "LineString",
        "coordinates": [
          [
            -99.1491518,
            19.4356235
          ],
          [
            -99.1490076,
            19.4357282
          ],
          [
            -99.1490015,
            19.4357355
          ],
          [
            -99.1486866,
            19.43598
          ],
          [
            -99.1473793,
            19.4368333
          ],
          [
            -99.1470353,
            19.43706
          ],
          [
            -99.1468448,
            19.4371938
          ],
          [
            -99.1466574,
            19.4373245
          ]
        ]
      },
      "properties": {
        "line_id": "metrobus-7",
        "line_name": "Línea 7",
        "line_color": "#AD1457"
      }
    },
    {
      "type": "Feature",
      "geometry": {
        "type": "LineString",
        "coordinates": [
          [
            -99.1466574,
            19.4373245
          ],
          [
            -99.1464983,
            19.4374421
          ]
        ]
      },
      "properties": {
        "line_id": "metrobus-7",
        "line_name": "Línea 7",
        "line_color": "#AD1457"
      }
    },
    {
      "type": "Feature",
      "geometry": {
        "type": "LineString",
        "coordinates": [
          [
            -99.1464983,
            19.4374421
          ],
          [
            -99.1463371,
            19.4375794
          ]
        ]
      },
      "properties": {
        "line_id": "metrobus-7",
        "line_name": "Línea 7",
        "line_color": "#AD1457"
      }
    },
    {
      "type": "Feature",
      "geometry": {
        "type": "LineString",
        "coordinates": [
          [
            -99.1463371,
            19.4375794
          ],
          [
            -99.1461527,
            19.4377472
          ],
          [
            -99.1437809,
            19.4399061
          ],
          [
            -99.1436073,
            19.4400457
          ]
        ]
      },
      "properties": {
        "line_id": "metrobus-7",
        "line_name": "Línea 7",
        "line_color": "#AD1457"
      }
    },
    {
      "type": "Feature",
      "geometry": {
        "type": "LineString",
        "coordinates": [
          [
            -99.1436073,
            19.4400457
          ],
          [
            -99.1435078,
            19.4400986
          ],
          [
            -99.1434811,
            19.4401133
          ],
          [
            -99.1434056,
            19.4401548
          ],
          [
            -99.1432119,
            19.4402753
          ],
          [
            -99.1430639,
            19.4403922
          ],
          [
            -99.14295,
            19.4405001
          ],
          [
            -99.1428606,
            19.4406206
          ],
          [
            -99.1427446,
            19.4407815
          ],
          [
            -99.1426461,
            19.440906
          ]
        ]
      },
      "properties": {
        "line_id": "metrobus-7",
        "line_name": "Línea 7",
        "line_color": "#AD1457"
      }
    },
    {
      "type": "Feature",
      "geometry": {
        "type": "LineString",
        "coordinates": [
          [
            -99.1426461,
            19.440906
          ],
          [
            -99.1424989,
            19.4410738
          ],
          [
            -99.1424221,
            19.4411566
          ],
          [
            -99.1399828,
            19.4433722
          ],
          [
            -99.1398739,
            19.4434489
          ],
          [
            -99.1397759,
            19.4435053
          ],
          [
            -99.139646,
            19.4435495
          ],
          [
            -99.1395213,
            19.4435832
          ],
          [
            -99.1394182,
            19.4436278
          ],
          [
            -99.1392884,
            19.4437081
          ],
          [
            -99.1391734,
            19.4437944
          ],
          [
            -99.139101,
            19.4438652
          ],
          [
            -99.1390079,
            19.4439816
          ]
        ]
      },
      "properties": {
        "line_id": "metrobus-7",
        "line_name": "Línea 7",
        "line_color": "#AD1457"
      }
    },
    {
      "type": "Feature",
      "geometry": {
        "type": "LineString",
        "coordinates": [
          [
            -99.1390079,
            19.4439816
          ],
          [
            -99.1389279,
            19.4440891
          ],
          [
            -99.1388606,
            19.4442101
          ],
          [
            -99.138771,
            19.4444087
          ],
          [
            -99.1387005,
            19.4445201
          ],
          [
            -99.1385986,
            19.4446315
          ],
          [
            -99.1380564,
            19.4451145
          ],
          [
            -99.1374281,
            19.4456933
          ],
          [
            -99.1367186,
            19.4463469
          ],
          [
            -99.1354228,
            19.4474869
          ],
          [
            -99.1350941,
            19.4476945
          ]
        ]
      },
      "properties": {
        "line_id": "metrobus-7",
        "line_name": "Línea 7",
        "line_color": "#AD1457"
      }
    },
    {
      "type": "Feature",
      "geometry": {
        "type": "LineString",
        "coordinates": [
          [
            -99.1350941,
            19.4476945
          ],
          [
            -99.134969,
            19.4477835
          ],
          [
            -99.1347724,
            19.4479312
          ],
          [
            -99.1346011,
            19.4480773
          ],
          [
            -99.1345042,
            19.4481929
          ],
          [
            -99.1344164,
            19.4483112
          ],
          [
            -99.1343089,
            19.4484952
          ],
          [
            -99.1342968,
            19.4485236
          ],
          [
            -99.1342369,
            19.4486642
          ]
        ]
      },
      "properties": {
        "line_id": "metrobus-7",
        "line_name": "Línea 7",
        "line_color": "#AD1457"
      }
    },
    {
      "type": "Feature",
      "geometry": {
        "type": "LineString",
        "coordinates": [
          [
            -99.1342369,
            19.4486642
          ],
          [
            -99.1341247,
            19.4488374
          ],
          [
            -99.1340631,
            19.4489434
          ],
          [
            -99.133854,
            19.4492211
          ],
          [
            -99.1327033,
            19.4506684
          ],
          [
            -99.1308697,
            19.4529747
          ],
          [
            -99.1307529,
            19.4531216
          ]
        ]
      },
      "properties": {
        "line_id": "metrobus-7",
        "line_name": "Línea 7",
        "line_color": "#AD1457"
      }
    },
    {
      "type": "Feature",
      "geometry": {
        "type": "LineString",
        "coordinates": [
          [
            -99.1307529,
            19.4531216
          ],
          [
            -99.130646,
            19.453196
          ],
          [
            -99.1306354,
            19.4532033
          ],
          [
            -99.1302482,
            19.4536927
          ]
        ]
      },
      "properties": {
        "line_id": "metrobus-7",
        "line_name": "Línea 7",
        "line_color": "#AD1457"
      }
    },
    {
      "type": "Feature",
      "geometry": {
        "type": "LineString",
        "coordinates": [
          [
            -99.1302482,
            19.4536927
          ],
          [
            -99.1302288,
            19.4539283
          ],
          [
            -99.13023,
            19.4539956
          ],
          [
            -99.1302373,
            19.4540408
          ],
          [
            -99.1302595,
            19.454095
          ],
          [
            -99.1302719,
            19.4541538
          ],
          [
            -99.130274,
            19.4541861
          ],
          [
            -99.1302758,
            19.4542631
          ],
          [
            -99.1302734,
            19.4543176
          ],
          [
            -99.1302508,
            19.4544394
          ]
        ]
      },
      "properties": {
        "line_id": "metrobus-7",
        "line_name": "Línea 7",
        "line_color": "#AD1457"
      }
    },
    {
      "type": "Feature",
      "geometry": {
        "type": "LineString",
        "coordinates": [
          [
            -99.1275548,
            19.4613997
          ],
          [
            -99.127572,
            19.4613568
          ],
          [
            -99.1280392,
            19.4601322
          ],
          [
            -99.1283145,
            19.4593864
          ],
          [
            -99.1285235,
            19.4588507
          ],
          [
            -99.1285902,
            19.4586747
          ],
          [
            -99.1291093,
            19.4573481
          ],
          [
            -99.1295112,
            19.4563059
          ],
          [
            -99.1298373,
            19.4554935
          ],
          [
            -99.1301122,
            19.4547841
          ],
          [
            -99.1302508,
            19.4544394
          ]
        ]
      },
      "properties": {
        "line_id": "metrobus-7",
        "line_name": "Línea 7",
        "line_color": "#AD1457"
      }
    },
    {
      "type": "Feature",
      "geometry": {
        "type": "LineString",
        "coordinates": [
          [
            -99.1274495,
            19.4616696
          ],
          [
            -99.1275548,
            19.4613997
          ]
        ]
      },
      "properties": {
        "line_id": "metrobus-7",
        "line_name": "Línea 7",
        "line_color": "#AD1457"
      }
    },
    {
      "type": "Feature",
      "geometry": {
        "type": "LineString",
        "coordinates": [
          [
            -99.1249765,
            19.4682069
          ],
          [
            -99.1253137,
            19.4673372
          ],
          [
            -99.1256821,
            19.4663084
          ],
          [
            -99.1263045,
            19.4646841
          ],
          [
            -99.1263167,
            19.464654
          ],
          [
            -99.1263347,
            19.4646076
          ],
          [
            -99.1263454,
            19.4645778
          ],
          [
            -99.1268226,
            19.4633179
          ],
          [
            -99.1271752,
            19.4623664
          ],
          [
            -99.1273007,
            19.4620446
          ],
          [
            -99.127434,
            19.4617095
          ],
          [
            -99.1274495,
            19.4616696
          ]
        ]
      },
      "properties": {
        "line_id": "metrobus-7",
        "line_name": "Línea 7",
        "line_color": "#AD1457"
      }
    },
    {
      "type": "Feature",
      "geometry": {
        "type": "LineString",
        "coordinates": [
          [
            -99.1249113,
            19.4683254
          ],
          [
            -99.1249765,
            19.4682069
          ]
        ]
      },
      "properties": {
        "line_id": "metrobus-7",
        "line_name": "Línea 7",
        "line_color": "#AD1457"
      }
    },
    {
      "type": "Feature",
      "geometry": {
        "type": "LineString",
        "coordinates": [
          [
            -99.1245714,
            19.4692822
          ],
          [
            -99.124713,
            19.4689093
          ],
          [
            -99.1247829,
            19.4686771
          ],
          [
            -99.1249113,
            19.4683254
          ]
        ]
      },
      "properties": {
        "line_id": "metrobus-7",
        "line_name": "Línea 7",
        "line_color": "#AD1457"
      }
    },
    {
      "type": "Feature",
      "geometry": {
        "type": "LineString",
        "coordinates": [
          [
            -99.1241713,
            19.4703342
          ],
          [
            -99.1245338,
            19.4693847
          ],
          [
            -99.1245714,
            19.4692822
          ]
        ]
      },
      "properties": {
        "line_id": "metrobus-7",
        "line_name": "Línea 7",
        "line_color": "#AD1457"
      }
    },
    {
      "type": "Feature",
      "geometry": {
        "type": "LineString",
        "coordinates": [
          [
            -99.1235201,
            19.472049
          ],
          [
            -99.1241713,
            19.4703342
          ]
        ]
      },
      "properties": {
        "line_id": "metrobus-7",
        "line_name": "Línea 7",
        "line_color": "#AD1457"
      }
    },
    {
      "type": "Feature",
      "geometry": {
        "type": "LineString",
        "coordinates": [
          [
            -99.122893,
            19.4737503
          ],
          [
            -99.1235201,
            19.472049
          ]
        ]
      },
      "properties": {
        "line_id": "metrobus-7",
        "line_name": "Línea 7",
        "line_color": "#AD1457"
      }
    },
    {
      "type": "Feature",
      "geometry": {
        "type": "LineString",
        "coordinates": [
          [
            -99.1189583,
            19.4841825
          ],
          [
            -99.1190685,
            19.4839132
          ],
          [
            -99.1191337,
            19.4836999
          ],
          [
            -99.1193057,
            19.4832285
          ],
          [
            -99.1193583,
            19.4831486
          ],
          [
            -99.119835,
            19.4819112
          ],
          [
            -99.1198593,
            19.4818495
          ],
          [
            -99.1206551,
            19.4796966
          ],
          [
            -99.1210318,
            19.4786746
          ],
          [
            -99.1216432,
            19.4770514
          ],
          [
            -99.122249,
            19.475449
          ],
          [
            -99.1222833,
            19.4753584
          ],
          [
            -99.122309,
            19.4752907
          ],
          [
            -99.122893,
            19.4737503
          ]
        ]
      },
      "properties": {
        "line_id": "metrobus-7",
        "line_name": "Línea 7",
        "line_color": "#AD1457"
      }
    },
    {
      "type": "Feature",
      "geometry": {
        "type": "LineString",
        "coordinates": [
          [
            -99.1189339,
            19.4842437
          ],
          [
            -99.1189583,
            19.4841825
          ]
        ]
      },
      "properties": {
        "line_id": "metrobus-7",
        "line_name": "Línea 7",
        "line_color": "#AD1457"
      }
    },
    {
      "type": "Feature",
      "geometry": {
        "type": "LineString",
        "coordinates": [
          [
            -99.1189339,
            19.4842437
          ],
          [
            -99.1188906,
            19.4842275
          ]
        ]
      },
      "properties": {
        "line_id": "metrobus-7",
        "line_name": "Línea 7",
        "line_color": "#AD1457"
      }
    },
    {
      "type": "Feature",
      "geometry": {
        "type": "LineString",
        "coordinates": [
          [
            -99.1188906,
            19.4842275
          ],
          [
            -99.1177164,
            19.4837889
          ]
        ]
      },
      "properties": {
        "line_id": "metrobus-7",
        "line_name": "Línea 7",
        "line_color": "#AD1457"
      }
    },
    {
      "type": "Feature",
      "geometry": {
        "type": "LineString",
        "coordinates": [
          [
            -99.1177164,
            19.4837889
          ],
          [
            -99.1175245,
            19.4837156
          ],
          [
            -99.1173287,
            19.4836407
          ]
        ]
      },
      "properties": {
        "line_id": "metrobus-7",
        "line_name": "Línea 7",
        "line_color": "#AD1457"
      }
    },
    {
      "type": "Feature",
      "geometry": {
        "type": "LineString",
        "coordinates": [
          [
            -99.1173287,
            19.4836407
          ],
          [
            -99.1160414,
            19.483149
          ],
          [
            -99.1153289,
            19.4828726
          ],
          [
            -99.1151805,
            19.4827904
          ]
        ]
      },
      "properties": {
        "line_id": "metrobus-7",
        "line_name": "Línea 7",
        "line_color": "#AD1457"
      }
    },
    {
      "type": "Feature",
      "geometry": {
        "type": "LineString",
        "coordinates": [
          [
            -99.1151805,
            19.4827904
          ],
          [
            -99.1143657,
            19.4824845
          ]
        ]
      },
      "properties": {
        "line_id": "metrobus-7",
        "line_name": "Línea 7",
        "line_color": "#AD1457"
      }
    },
    {
      "type": "Feature",
      "geometry": {
        "type": "LineString",
        "coordinates": [
          [
            -99.1143657,
            19.4824845
          ],
          [
            -99.114296,
            19.4826535
          ],
          [
            -99.1139247,
            19.4837249
          ],
          [
            -99.113855,
            19.4839753
          ]
        ]
      },
      "properties": {
        "line_id": "metrobus-7",
        "line_name": "Línea 7",
        "line_color": "#AD1457"
      }
    },
    {
      "type": "Feature",
      "geometry": {
        "type": "LineString",
        "coordinates": [
          [
            -99.113855,
            19.4839753
          ],
          [
            -99.1137847,
            19.4840004
          ],
          [
            -99.113753,
            19.4840205
          ],
          [
            -99.1137198,
            19.4840456
          ],
          [
            -99.1136864,
            19.4840665
          ],
          [
            -99.11365,
            19.4840823
          ],
          [
            -99.1136137,
            19.4840921
          ]
        ]
      },
      "properties": {
        "line_id": "metrobus-7",
        "line_name": "Línea 7",
        "line_color": "#AD1457"
      }
    },
    {
      "type": "Feature",
      "geometry": {
        "type": "LineString",
        "coordinates": [
          [
            -99.1136137,
            19.4840921
          ],
          [
            -99.113591,
            19.4841168
          ],
          [
            -99.1135798,
            19.484147
          ],
          [
            -99.1135774,
            19.4841767
          ],
          [
            -99.1135823,
            19.4842093
          ],
          [
            -99.113589,
            19.4842401
          ],
          [
            -99.1135978,
            19.4842695
          ],
          [
            -99.1136238,
            19.4843467
          ]
        ]
      },
      "properties": {
        "line_id": "metrobus-7",
        "line_name": "Línea 7",
        "line_color": "#AD1457"
      }
    },
    {
      "type": "Feature",
      "geometry": {
        "type": "LineString",
        "coordinates": [
          [
            -99.1136238,
            19.4843467
          ],
          [
            -99.1136586,
            19.4843919
          ],
          [
            -99.1136774,
            19.4844364
          ],
          [
            -99.1136881,
            19.4845302
          ]
        ]
      },
      "properties": {
        "line_id": "metrobus-7",
        "line_name": "Línea 7",
        "line_color": "#AD1457"
      }
    },
    {
      "type": "Feature",
      "geometry": {
        "type": "LineString",
        "coordinates": [
          [
            -99.1136881,
            19.4845302
          ],
          [
            -99.1136376,
            19.4846649
          ],
          [
            -99.113479,
            19.4851164
          ],
          [
            -99.1133321,
            19.485546
          ],
          [
            -99.1132358,
            19.4857966
          ],
          [
            -99.1130447,
            19.4863615
          ],
          [
            -99.1128251,
            19.4870255
          ]
        ]
      },
      "properties": {
        "line_id": "metrobus-7",
        "line_name": "Línea 7",
        "line_color": "#AD1457"
      }
    },
    {
      "type": "Feature",
      "geometry": {
        "type": "LineString",
        "coordinates": [
          [
            -99.1128251,
            19.4870255
          ],
          [
            -99.1127451,
            19.4872517
          ],
          [
            -99.1127355,
            19.4872923
          ],
          [
            -99.1127421,
            19.4873596
          ]
        ]
      },
      "properties": {
        "line_id": "metrobus-7",
        "line_name": "Línea 7",
        "line_color": "#AD1457"
      }
    },
    {
      "type": "Feature",
      "geometry": {
        "type": "LineString",
        "coordinates": [
          [
            -99.1127421,
            19.4873596
          ],
          [
            -99.1128179,
            19.487422
          ],
          [
            -99.1134278,
            19.4876052
          ]
        ]
      },
      "properties": {
        "line_id": "metrobus-7",
        "line_name": "Línea 7",
        "line_color": "#AD1457"
      }
    },
    {
      "type": "Feature",
      "geometry": {
        "type": "LineString",
        "coordinates": [
          [
            -99.1134278,
            19.4876052
          ],
          [
            -99.1134737,
            19.4876093
          ],
          [
            -99.1135184,
            19.4876051
          ],
          [
            -99.113548,
            19.4876026
          ],
          [
            -99.1136009,
            19.4875624
          ],
          [
            -99.1139097,
            19.4867798
          ],
          [
            -99.1139424,
            19.486749
          ],
          [
            -99.1139886,
            19.4867487
          ],
          [
            -99.1140288,
            19.4867689
          ],
          [
            -99.1140475,
            19.4867997
          ],
          [
            -99.1140611,
            19.4868323
          ],
          [
            -99.1140545,
            19.4868811
          ],
          [
            -99.1139246,
            19.4870427
          ],
          [
            -99.1137237,
            19.4874632
          ],
          [
            -99.1136972,
            19.4875471
          ],
          [
            -99.1137084,
            19.4876219
          ],
          [
            -99.113715,
            19.4876904
          ]
        ]
      },
      "properties": {
        "line_id": "metrobus-7",
        "line_name": "Línea 7",
        "line_color": "#AD1457"
      }
    },
    {
      "type": "Feature",
      "geometry": {
        "type": "LineString",
        "coordinates": [
          [
            -99.113715,
            19.4876904
          ],
          [
            -99.1137774,
            19.4877134
          ],
          [
            -99.1142187,
            19.4878616
          ],
          [
            -99.1142803,
            19.4878793
          ],
          [
            -99.1156529,
            19.488325
          ],
          [
            -99.1168478,
            19.4887206
          ]
        ]
      },
      "properties": {
        "line_id": "metrobus-7",
        "line_name": "Línea 7",
        "line_color": "#AD1457"
      }
    },
    {
      "type": "Feature",
      "geometry": {
        "type": "LineString",
        "coordinates": [
          [
            -99.1168478,
            19.4887206
          ],
          [
            -99.1169603,
            19.4888168
          ],
          [
            -99.1171038,
            19.4889417
          ],
          [
            -99.1171361,
            19.4890239
          ]
        ]
      },
      "properties": {
        "line_id": "metrobus-7",
        "line_name": "Línea 7",
        "line_color": "#AD1457"
      }
    },
    {
      "type": "Feature",
      "geometry": {
        "type": "LineString",
        "coordinates": [
          [
            -99.1171361,
            19.4890239
          ],
          [
            -99.1173314,
            19.4892137
          ],
          [
            -99.1174641,
            19.4893379
          ],
          [
            -99.1177116,
            19.4895579
          ],
          [
            -99.1181809,
            19.4899835
          ],
          [
            -99.1186581,
            19.4904183
          ],
          [
            -99.1187951,
            19.4905499
          ],
          [
            -99.1195736,
            19.491246
          ],
          [
            -99.1197323,
            19.4913876
          ]
        ]
      },
      "properties": {
        "line_id": "metrobus-7",
        "line_name": "Línea 7",
        "line_color": "#AD1457"
      }
    },
    {
      "type": "Feature",
      "geometry": {
        "type": "LineString",
        "coordinates": [
          [
            -99.1197323,
            19.4913876
          ],
          [
            -99.1197865,
            19.4914628
          ],
          [
            -99.120022,
            19.4918129
          ]
        ]
      },
      "properties": {
        "line_id": "metrobus-7",
        "line_name": "Línea 7",
        "line_color": "#AD1457"
      }
    },
    {
      "type": "Feature",
      "geometry": {
        "type": "LineString",
        "coordinates": [
          [
            -99.120022,
            19.4918129
          ],
          [
            -99.1205156,
            19.492491
          ]
        ]
      },
      "properties": {
        "line_id": "metrobus-7",
        "line_name": "Línea 7",
        "line_color": "#AD1457"
      }
    },
    {
      "type": "Feature",
      "geometry": {
        "type": "LineString",
        "coordinates": [
          [
            -99.1205156,
            19.492491
          ],
          [
            -99.1207765,
            19.4928376
          ],
          [
            -99.1210887,
            19.4932542
          ]
        ]
      },
      "properties": {
        "line_id": "metrobus-7",
        "line_name": "Línea 7",
        "line_color": "#AD1457"
      }
    },
    {
      "type": "Feature",
      "geometry": {
        "type": "LineString",
        "coordinates": [
          [
            -99.1196248,
            19.4975053
          ],
          [
            -99.1195915,
            19.4975687
          ],
          [
            -99.1195846,
            19.4975865
          ],
          [
            -99.1195708,
            19.4976309
          ],
          [
            -99.1195662,
            19.4977119
          ],
          [
            -99.1195679,
            19.4977585
          ],
          [
            -99.1195619,
            19.497799
          ],
          [
            -99.1194694,
            19.4982007
          ]
        ]
      },
      "properties": {
        "line_id": "metrobus-1",
        "line_name": "Línea 1",
        "line_color": "#E53935"
      }
    },
    {
      "type": "Feature",
      "geometry": {
        "type": "LineString",
        "coordinates": [
          [
            -99.1194694,
            19.4982007
          ],
          [
            -99.1194016,
            19.4985102
          ],
          [
            -99.1193882,
            19.4985533
          ],
          [
            -99.1193657,
            19.4986023
          ],
          [
            -99.1193227,
            19.4986607
          ],
          [
            -99.1192796,
            19.498692
          ],
          [
            -99.1192383,
            19.4987148
          ],
          [
            -99.1191791,
            19.4987267
          ],
          [
            -99.1191329,
            19.4987284
          ],
          [
            -99.1190849,
            19.4987226
          ],
          [
            -99.1190394,
            19.4987098
          ],
          [
            -99.1189939,
            19.4986912
          ],
          [
            -99.118952,
            19.4986553
          ],
          [
            -99.1189163,
            19.49861
          ],
          [
            -99.1188917,
            19.498559
          ],
          [
            -99.1188794,
            19.4984998
          ],
          [
            -99.1188843,
            19.4984151
          ],
          [
            -99.1190937,
            19.4975536
          ]
        ]
      },
      "properties": {
        "line_id": "metrobus-1",
        "line_name": "Línea 1",
        "line_color": "#E53935"
      }
    },
    {
      "type": "Feature",
      "geometry": {
        "type": "LineString",
        "coordinates": [
          [
            -99.1190937,
            19.4975536
          ],
          [
            -99.1191503,
            19.4973219
          ],
          [
            -99.1193069,
            19.4970802
          ]
        ]
      },
      "properties": {
        "line_id": "metrobus-1",
        "line_name": "Línea 1",
        "line_color": "#E53935"
      }
    },
    {
      "type": "Feature",
      "geometry": {
        "type": "LineString",
        "coordinates": [
          [
            -99.1193069,
            19.4970802
          ],
          [
            -99.1195341,
            19.4962377
          ],
          [
            -99.1199112,
            19.4946615
          ]
        ]
      },
      "properties": {
        "line_id": "metrobus-1",
        "line_name": "Línea 1",
        "line_color": "#E53935"
      }
    },
    {
      "type": "Feature",
      "geometry": {
        "type": "LineString",
        "coordinates": [
          [
            -99.1199112,
            19.4946615
          ],
          [
            -99.1199255,
            19.494595
          ],
          [
            -99.1199363,
            19.4945449
          ],
          [
            -99.1200519,
            19.4937944
          ],
          [
            -99.1201169,
            19.4934672
          ],
          [
            -99.120141,
            19.4933562
          ],
          [
            -99.1202464,
            19.4930104
          ]
        ]
      },
      "properties": {
        "line_id": "metrobus-1",
        "line_name": "Línea 1",
        "line_color": "#E53935"
      }
    },
    {
      "type": "Feature",
      "geometry": {
        "type": "LineString",
        "coordinates": [
          [
            -99.1202464,
            19.4930104
          ],
          [
            -99.1205315,
            19.492029
          ],
          [
            -99.1206959,
            19.4915952
          ],
          [
            -99.120862,
            19.4912275
          ],
          [
            -99.1210263,
            19.490917
          ],
          [
            -99.1212852,
            19.490496
          ],
          [
            -99.1214729,
            19.4902265
          ],
          [
            -99.1221736,
            19.4893832
          ]
        ]
      },
      "properties": {
        "line_id": "metrobus-1",
        "line_name": "Línea 1",
        "line_color": "#E53935"
      }
    },
    {
      "type": "Feature",
      "geometry": {
        "type": "LineString",
        "coordinates": [
          [
            -99.1221736,
            19.4893832
          ],
          [
            -99.122789,
            19.4886278
          ]
        ]
      },
      "properties": {
        "line_id": "metrobus-1",
        "line_name": "Línea 1",
        "line_color": "#E53935"
      }
    },
    {
      "type": "Feature",
      "geometry": {
        "type": "LineString",
        "coordinates": [
          [
            -99.122789,
            19.4886278
          ],
          [
            -99.1238356,
            19.4873525
          ]
        ]
      },
      "properties": {
        "line_id": "metrobus-1",
        "line_name": "Línea 1",
        "line_color": "#E53935"
      }
    },
    {
      "type": "Feature",
      "geometry": {
        "type": "LineString",
        "coordinates": [
          [
            -99.1238356,
            19.4873525
          ],
          [
            -99.1240316,
            19.4871286
          ]
        ]
      },
      "properties": {
        "line_id": "metrobus-1",
        "line_name": "Línea 1",
        "line_color": "#E53935"
      }
    },
    {
      "type": "Feature",
      "geometry": {
        "type": "LineString",
        "coordinates": [
          [
            -99.1240316,
            19.4871286
          ],
          [
            -99.1240796,
            19.4870732
          ],
          [
            -99.1251468,
            19.4858413
          ],
          [
            -99.1254699,
            19.4854554
          ],
          [
            -99.1264879,
            19.4841657
          ],
          [
            -99.1269305,
            19.483605
          ]
        ]
      },
      "properties": {
        "line_id": "metrobus-1",
        "line_name": "Línea 1",
        "line_color": "#E53935"
      }
    },
    {
      "type": "Feature",
      "geometry": {
        "type": "LineString",
        "coordinates": [
          [
            -99.1269305,
            19.483605
          ],
          [
            -99.1272077,
            19.4832677
          ],
          [
            -99.1281043,
            19.4821767
          ],
          [
            -99.1284849,
            19.4817136
          ]
        ]
      },
      "properties": {
        "line_id": "metrobus-1",
        "line_name": "Línea 1",
        "line_color": "#E53935"
      }
    },
    {
      "type": "Feature",
      "geometry": {
        "type": "LineString",
        "coordinates": [
          [
            -99.1284849,
            19.4817136
          ],
          [
            -99.1286554,
            19.4815015
          ]
        ]
      },
      "properties": {
        "line_id": "metrobus-1",
        "line_name": "Línea 1",
        "line_color": "#E53935"
      }
    },
    {
      "type": "Feature",
      "geometry": {
        "type": "LineString",
        "coordinates": [
          [
            -99.1286554,
            19.4815015
          ],
          [
            -99.1300481,
            19.4798116
          ],
          [
            -99.1315051,
            19.4780733
          ]
        ]
      },
      "properties": {
        "line_id": "metrobus-1",
        "line_name": "Línea 1",
        "line_color": "#E53935"
      }
    },
    {
      "type": "Feature",
      "geometry": {
        "type": "LineString",
        "coordinates": [
          [
            -99.1315051,
            19.4780733
          ],
          [
            -99.132331,
            19.4771077
          ]
        ]
      },
      "properties": {
        "line_id": "metrobus-1",
        "line_name": "Línea 1",
        "line_color": "#E53935"
      }
    },
    {
      "type": "Feature",
      "geometry": {
        "type": "LineString",
        "coordinates": [
          [
            -99.132331,
            19.4771077
          ],
          [
            -99.1333168,
            19.4758342
          ],
          [
            -99.1346526,
            19.4742253
          ]
        ]
      },
      "properties": {
        "line_id": "metrobus-1",
        "line_name": "Línea 1",
        "line_color": "#E53935"
      }
    },
    {
      "type": "Feature",
      "geometry": {
        "type": "LineString",
        "coordinates": [
          [
            -99.1346526,
            19.4742253
          ],
          [
            -99.1353356,
            19.4733298
          ]
        ]
      },
      "properties": {
        "line_id": "metrobus-1",
        "line_name": "Línea 1",
        "line_color": "#E53935"
      }
    },
    {
      "type": "Feature",
      "geometry": {
        "type": "LineString",
        "coordinates": [
          [
            -99.1353356,
            19.4733298
          ],
          [
            -99.1358526,
            19.4726888
          ],
          [
            -99.1360063,
            19.4724964
          ],
          [
            -99.1363761,
            19.4720755
          ]
        ]
      },
      "properties": {
        "line_id": "metrobus-1",
        "line_name": "Línea 1",
        "line_color": "#E53935"
      }
    },
    {
      "type": "Feature",
      "geometry": {
        "type": "LineString",
        "coordinates": [
          [
            -99.1363761,
            19.4720755
          ],
          [
            -99.1368937,
            19.4715075
          ]
        ]
      },
      "properties": {
        "line_id": "metrobus-1",
        "line_name": "Línea 1",
        "line_color": "#E53935"
      }
    },
    {
      "type": "Feature",
      "geometry": {
        "type": "LineString",
        "coordinates": [
          [
            -99.1368937,
            19.4715075
          ],
          [
            -99.1371569,
            19.4712134
          ],
          [
            -99.1373599,
            19.4709044
          ]
        ]
      },
      "properties": {
        "line_id": "metrobus-1",
        "line_name": "Línea 1",
        "line_color": "#E53935"
      }
    },
    {
      "type": "Feature",
      "geometry": {
        "type": "LineString",
        "coordinates": [
          [
            -99.1373599,
            19.4709044
          ],
          [
            -99.137532,
            19.470635
          ]
        ]
      },
      "properties": {
        "line_id": "metrobus-1",
        "line_name": "Línea 1",
        "line_color": "#E53935"
      }
    },
    {
      "type": "Feature",
      "geometry": {
        "type": "LineString",
        "coordinates": [
          [
            -99.137532,
            19.470635
          ],
          [
            -99.137724,
            19.4703795
          ],
          [
            -99.1379098,
            19.4701385
          ],
          [
            -99.1381147,
            19.4698919
          ]
        ]
      },
      "properties": {
        "line_id": "metrobus-1",
        "line_name": "Línea 1",
        "line_color": "#E53935"
      }
    },
    {
      "type": "Feature",
      "geometry": {
        "type": "LineString",
        "coordinates": [
          [
            -99.1381147,
            19.4698919
          ],
          [
            -99.139092,
            19.4687181
          ]
        ]
      },
      "properties": {
        "line_id": "metrobus-1",
        "line_name": "Línea 1",
        "line_color": "#E53935"
      }
    },
    {
      "type": "Feature",
      "geometry": {
        "type": "LineString",
        "coordinates": [
          [
            -99.139092,
            19.4687181
          ],
          [
            -99.1405817,
            19.4668978
          ],
          [
            -99.1406104,
            19.4668712
          ],
          [
            -99.1409526,
            19.4665529
          ],
          [
            -99.1411319,
            19.4663861
          ],
          [
            -99.1414953,
            19.4660219
          ],
          [
            -99.141617,
            19.4658756
          ]
        ]
      },
      "properties": {
        "line_id": "metrobus-1",
        "line_name": "Línea 1",
        "line_color": "#E53935"
      }
    },
    {
      "type": "Feature",
      "geometry": {
        "type": "LineString",
        "coordinates": [
          [
            -99.141617,
            19.4658756
          ],
          [
            -99.1417351,
            19.4657308
          ]
        ]
      },
      "properties": {
        "line_id": "metrobus-1",
        "line_name": "Línea 1",
        "line_color": "#E53935"
      }
    },
    {
      "type": "Feature",
      "geometry": {
        "type": "LineString",
        "coordinates": [
          [
            -99.1417351,
            19.4657308
          ],
          [
            -99.1428838,
            19.464346
          ]
        ]
      },
      "properties": {
        "line_id": "metrobus-1",
        "line_name": "Línea 1",
        "line_color": "#E53935"
      }
    },
    {
      "type": "Feature",
      "geometry": {
        "type": "LineString",
        "coordinates": [
          [
            -99.1428838,
            19.464346
          ],
          [
            -99.1431742,
            19.4639784
          ]
        ]
      },
      "properties": {
        "line_id": "metrobus-1",
        "line_name": "Línea 1",
        "line_color": "#E53935"
      }
    },
    {
      "type": "Feature",
      "geometry": {
        "type": "LineString",
        "coordinates": [
          [
            -99.1431742,
            19.4639784
          ],
          [
            -99.1432871,
            19.4638372
          ]
        ]
      },
      "properties": {
        "line_id": "metrobus-1",
        "line_name": "Línea 1",
        "line_color": "#E53935"
      }
    },
    {
      "type": "Feature",
      "geometry": {
        "type": "LineString",
        "coordinates": [
          [
            -99.1432871,
            19.4638372
          ],
          [
            -99.1435051,
            19.4635501
          ],
          [
            -99.1439136,
            19.4629563
          ],
          [
            -99.1446089,
            19.4620175
          ]
        ]
      },
      "properties": {
        "line_id": "metrobus-1",
        "line_name": "Línea 1",
        "line_color": "#E53935"
      }
    },
    {
      "type": "Feature",
      "geometry": {
        "type": "LineString",
        "coordinates": [
          [
            -99.1446089,
            19.4620175
          ],
          [
            -99.1448414,
            19.4617274
          ]
        ]
      },
      "properties": {
        "line_id": "metrobus-1",
        "line_name": "Línea 1",
        "line_color": "#E53935"
      }
    },
    {
      "type": "Feature",
      "geometry": {
        "type": "LineString",
        "coordinates": [
          [
            -99.1448414,
            19.4617274
          ],
          [
            -99.1451729,
            19.4613266
          ]
        ]
      },
      "properties": {
        "line_id": "metrobus-1",
        "line_name": "Línea 1",
        "line_color": "#E53935"
      }
    },
    {
      "type": "Feature",
      "geometry": {
        "type": "LineString",
        "coordinates": [
          [
            -99.1451729,
            19.4613266
          ],
          [
            -99.1462577,
            19.4599935
          ]
        ]
      },
      "properties": {
        "line_id": "metrobus-1",
        "line_name": "Línea 1",
        "line_color": "#E53935"
      }
    },
    {
      "type": "Feature",
      "geometry": {
        "type": "LineString",
        "coordinates": [
          [
            -99.1462577,
            19.4599935
          ],
          [
            -99.1465994,
            19.4595238
          ]
        ]
      },
      "properties": {
        "line_id": "metrobus-1",
        "line_name": "Línea 1",
        "line_color": "#E53935"
      }
    },
    {
      "type": "Feature",
      "geometry": {
        "type": "LineString",
        "coordinates": [
          [
            -99.1465994,
            19.4595238
          ],
          [
            -99.1467317,
            19.4593436
          ],
          [
            -99.1467556,
            19.4593113
          ]
        ]
      },
      "properties": {
        "line_id": "metrobus-1",
        "line_name": "Línea 1",
        "line_color": "#E53935"
      }
    },
    {
      "type": "Feature",
      "geometry": {
        "type": "LineString",
        "coordinates": [
          [
            -99.1467556,
            19.4593113
          ],
          [
            -99.1471407,
            19.4587673
          ]
        ]
      },
      "properties": {
        "line_id": "metrobus-1",
        "line_name": "Línea 1",
        "line_color": "#E53935"
      }
    },
    {
      "type": "Feature",
      "geometry": {
        "type": "LineString",
        "coordinates": [
          [
            -99.1471407,
            19.4587673
          ],
          [
            -99.1472442,
            19.4586157
          ],
          [
            -99.1474963,
            19.4582366
          ]
        ]
      },
      "properties": {
        "line_id": "metrobus-1",
        "line_name": "Línea 1",
        "line_color": "#E53935"
      }
    },
    {
      "type": "Feature",
      "geometry": {
        "type": "LineString",
        "coordinates": [
          [
            -99.1474963,
            19.4582366
          ],
          [
            -99.1475374,
            19.4581898
          ],
          [
            -99.1475892,
            19.458143
          ],
          [
            -99.1480143,
            19.4578371
          ],
          [
            -99.1483588,
            19.4575971
          ]
        ]
      },
      "properties": {
        "line_id": "metrobus-1",
        "line_name": "Línea 1",
        "line_color": "#E53935"
      }
    },
    {
      "type": "Feature",
      "geometry": {
        "type": "LineString",
        "coordinates": [
          [
            -99.1483588,
            19.4575971
          ],
          [
            -99.1487348,
            19.4573358
          ],
          [
            -99.1488967,
            19.4572233
          ]
        ]
      },
      "properties": {
        "line_id": "metrobus-1",
        "line_name": "Línea 1",
        "line_color": "#E53935"
      }
    },
    {
      "type": "Feature",
      "geometry": {
        "type": "LineString",
        "coordinates": [
          [
            -99.1488967,
            19.4572233
          ],
          [
            -99.1490418,
            19.4570812
          ],
          [
            -99.1504463,
            19.4560948
          ]
        ]
      },
      "properties": {
        "line_id": "metrobus-1",
        "line_name": "Línea 1",
        "line_color": "#E53935"
      }
    },
    {
      "type": "Feature",
      "geometry": {
        "type": "LineString",
        "coordinates": [
          [
            -99.1504463,
            19.4560948
          ],
          [
            -99.1513227,
            19.4554732
          ]
        ]
      },
      "properties": {
        "line_id": "metrobus-1",
        "line_name": "Línea 1",
        "line_color": "#E53935"
      }
    },
    {
      "type": "Feature",
      "geometry": {
        "type": "LineString",
        "coordinates": [
          [
            -99.1513227,
            19.4554732
          ],
          [
            -99.1514132,
            19.4554002
          ],
          [
            -99.1514867,
            19.4553208
          ],
          [
            -99.1515505,
            19.4552432
          ],
          [
            -99.1516025,
            19.4551604
          ],
          [
            -99.1516538,
            19.4550654
          ],
          [
            -99.1516854,
            19.4549813
          ],
          [
            -99.1517128,
            19.4548835
          ],
          [
            -99.1517317,
            19.4547812
          ],
          [
            -99.1522262,
            19.4520782
          ]
        ]
      },
      "properties": {
        "line_id": "metrobus-1",
        "line_name": "Línea 1",
        "line_color": "#E53935"
      }
    },
    {
      "type": "Feature",
      "geometry": {
        "type": "LineString",
        "coordinates": [
          [
            -99.1522262,
            19.4520782
          ],
          [
            -99.1522714,
            19.4518399
          ]
        ]
      },
      "properties": {
        "line_id": "metrobus-1",
        "line_name": "Línea 1",
        "line_color": "#E53935"
      }
    },
    {
      "type": "Feature",
      "geometry": {
        "type": "LineString",
        "coordinates": [
          [
            -99.1522714,
            19.4518399
          ],
          [
            -99.1522927,
            19.4517273
          ]
        ]
      },
      "properties": {
        "line_id": "metrobus-1",
        "line_name": "Línea 1",
        "line_color": "#E53935"
      }
    },
    {
      "type": "Feature",
      "geometry": {
        "type": "LineString",
        "coordinates": [
          [
            -99.1522927,
            19.4517273
          ],
          [
            -99.152318,
            19.451617
          ],
          [
            -99.1525018,
            19.4507604
          ],
          [
            -99.1526596,
            19.4499044
          ],
          [
            -99.15269,
            19.4497356
          ],
          [
            -99.1529054,
            19.4485415
          ]
        ]
      },
      "properties": {
        "line_id": "metrobus-1",
        "line_name": "Línea 1",
        "line_color": "#E53935"
      }
    },
    {
      "type": "Feature",
      "geometry": {
        "type": "LineString",
        "coordinates": [
          [
            -99.1529054,
            19.4485415
          ],
          [
            -99.1529923,
            19.448077
          ]
        ]
      },
      "properties": {
        "line_id": "metrobus-1",
        "line_name": "Línea 1",
        "line_color": "#E53935"
      }
    },
    {
      "type": "Feature",
      "geometry": {
        "type": "LineString",
        "coordinates": [
          [
            -99.1529923,
            19.448077
          ],
          [
            -99.1530916,
            19.4475292
          ],
          [
            -99.1530993,
            19.4474865
          ],
          [
            -99.1532149,
            19.4468487
          ]
        ]
      },
      "properties": {
        "line_id": "metrobus-1",
        "line_name": "Línea 1",
        "line_color": "#E53935"
      }
    },
    {
      "type": "Feature",
      "geometry": {
        "type": "LineString",
        "coordinates": [
          [
            -99.1532149,
            19.4468487
          ],
          [
            -99.1532341,
            19.4467426
          ],
          [
            -99.1532654,
            19.4465698
          ],
          [
            -99.1532728,
            19.446529
          ],
          [
            -99.1532843,
            19.4464655
          ],
          [
            -99.153308,
            19.4463348
          ]
        ]
      },
      "properties": {
        "line_id": "metrobus-1",
        "line_name": "Línea 1",
        "line_color": "#E53935"
      }
    },
    {
      "type": "Feature",
      "geometry": {
        "type": "LineString",
        "coordinates": [
          [
            -99.153308,
            19.4463348
          ],
          [
            -99.1533311,
            19.4462048
          ],
          [
            -99.1533417,
            19.4461439
          ],
          [
            -99.1533624,
            19.4460266
          ],
          [
            -99.1533873,
            19.4459329
          ],
          [
            -99.1534154,
            19.4458524
          ],
          [
            -99.1534727,
            19.445724
          ],
          [
            -99.1537025,
            19.4452117
          ],
          [
            -99.1538553,
            19.4448648
          ]
        ]
      },
      "properties": {
        "line_id": "metrobus-1",
        "line_name": "Línea 1",
        "line_color": "#E53935"
      }
    },
    {
      "type": "Feature",
      "geometry": {
        "type": "LineString",
        "coordinates": [
          [
            -99.1538553,
            19.4448648
          ],
          [
            -99.1538809,
            19.4448092
          ],
          [
            -99.1539868,
            19.4445797
          ],
          [
            -99.1540265,
            19.4444935
          ]
        ]
      },
      "properties": {
        "line_id": "metrobus-1",
        "line_name": "Línea 1",
        "line_color": "#E53935"
      }
    },
    {
      "type": "Feature",
      "geometry": {
        "type": "LineString",
        "coordinates": [
          [
            -99.1540265,
            19.4444935
          ],
          [
            -99.1544024,
            19.4436559
          ],
          [
            -99.1544403,
            19.4435576
          ],
          [
            -99.1544728,
            19.4434668
          ],
          [
            -99.1544999,
            19.443379
          ],
          [
            -99.154522,
            19.4432904
          ],
          [
            -99.1545446,
            19.4431842
          ]
        ]
      },
      "properties": {
        "line_id": "metrobus-1",
        "line_name": "Línea 1",
        "line_color": "#E53935"
      }
    },
    {
      "type": "Feature",
      "geometry": {
        "type": "LineString",
        "coordinates": [
          [
            -99.1545446,
            19.4431842
          ],
          [
            -99.1546159,
            19.4428235
          ],
          [
            -99.1546239,
            19.4427812
          ],
          [
            -99.1546375,
            19.4427144
          ]
        ]
      },
      "properties": {
        "line_id": "metrobus-1",
        "line_name": "Línea 1",
        "line_color": "#E53935"
      }
    },
    {
      "type": "Feature",
      "geometry": {
        "type": "LineString",
        "coordinates": [
          [
            -99.1546375,
            19.4427144
          ],
          [
            -99.1546545,
            19.4426324
          ],
          [
            -99.1547099,
            19.4423651
          ],
          [
            -99.154752,
            19.442179
          ],
          [
            -99.1547828,
            19.44205
          ],
          [
            -99.1548062,
            19.441974
          ]
        ]
      },
      "properties": {
        "line_id": "metrobus-1",
        "line_name": "Línea 1",
        "line_color": "#E53935"
      }
    },
    {
      "type": "Feature",
      "geometry": {
        "type": "LineString",
        "coordinates": [
          [
            -99.1548062,
            19.441974
          ],
          [
            -99.154836,
            19.4418943
          ],
          [
            -99.1549515,
            19.4416228
          ],
          [
            -99.1549913,
            19.4415292
          ]
        ]
      },
      "properties": {
        "line_id": "metrobus-1",
        "line_name": "Línea 1",
        "line_color": "#E53935"
      }
    },
    {
      "type": "Feature",
      "geometry": {
        "type": "LineString",
        "coordinates": [
          [
            -99.1549913,
            19.4415292
          ],
          [
            -99.1552898,
            19.4408458
          ],
          [
            -99.1555255,
            19.4403274
          ]
        ]
      },
      "properties": {
        "line_id": "metrobus-1",
        "line_name": "Línea 1",
        "line_color": "#E53935"
      }
    },
    {
      "type": "Feature",
      "geometry": {
        "type": "LineString",
        "coordinates": [
          [
            -99.1555255,
            19.4403274
          ],
          [
            -99.155633,
            19.4400874
          ],
          [
            -99.1556658,
            19.4400142
          ],
          [
            -99.1556808,
            19.4399808
          ],
          [
            -99.1557126,
            19.439909
          ]
        ]
      },
      "properties": {
        "line_id": "metrobus-1",
        "line_name": "Línea 1",
        "line_color": "#E53935"
      }
    },
    {
      "type": "Feature",
      "geometry": {
        "type": "LineString",
        "coordinates": [
          [
            -99.1557126,
            19.439909
          ],
          [
            -99.155771,
            19.4397772
          ]
        ]
      },
      "properties": {
        "line_id": "metrobus-1",
        "line_name": "Línea 1",
        "line_color": "#E53935"
      }
    },
    {
      "type": "Feature",
      "geometry": {
        "type": "LineString",
        "coordinates": [
          [
            -99.155771,
            19.4397772
          ],
          [
            -99.1558157,
            19.4396773
          ],
          [
            -99.1559729,
            19.4393235
          ],
          [
            -99.1562686,
            19.4386406
          ],
          [
            -99.1562991,
            19.4385693
          ]
        ]
      },
      "properties": {
        "line_id": "metrobus-1",
        "line_name": "Línea 1",
        "line_color": "#E53935"
      }
    },
    {
      "type": "Feature",
      "geometry": {
        "type": "LineString",
        "coordinates": [
          [
            -99.1562991,
            19.4385693
          ],
          [
            -99.1564169,
            19.4383006
          ],
          [
            -99.1564327,
            19.4382647
          ],
          [
            -99.1564751,
            19.438168
          ]
        ]
      },
      "properties": {
        "line_id": "metrobus-1",
        "line_name": "Línea 1",
        "line_color": "#E53935"
      }
    },
    {
      "type": "Feature",
      "geometry": {
        "type": "LineString",
        "coordinates": [
          [
            -99.1564751,
            19.438168
          ],
          [
            -99.1569488,
            19.4371031
          ]
        ]
      },
      "properties": {
        "line_id": "metrobus-1",
        "line_name": "Línea 1",
        "line_color": "#E53935"
      }
    },
    {
      "type": "Feature",
      "geometry": {
        "type": "LineString",
        "coordinates": [
          [
            -99.1569488,
            19.4371031
          ],
          [
            -99.1570813,
            19.4368058
          ],
          [
            -99.1570987,
            19.4367666
          ],
          [
            -99.1571538,
            19.4366426
          ]
        ]
      },
      "properties": {
        "line_id": "metrobus-1",
        "line_name": "Línea 1",
        "line_color": "#E53935"
      }
    },
    {
      "type": "Feature",
      "geometry": {
        "type": "LineString",
        "coordinates": [
          [
            -99.1571538,
            19.4366426
          ],
          [
            -99.1575824,
            19.4356593
          ]
        ]
      },
      "properties": {
        "line_id": "metrobus-1",
        "line_name": "Línea 1",
        "line_color": "#E53935"
      }
    },
    {
      "type": "Feature",
      "geometry": {
        "type": "LineString",
        "coordinates": [
          [
            -99.1575824,
            19.4356593
          ],
          [
            -99.1577096,
            19.4353675
          ],
          [
            -99.1577851,
            19.4351943
          ]
        ]
      },
      "properties": {
        "line_id": "metrobus-1",
        "line_name": "Línea 1",
        "line_color": "#E53935"
      }
    },
    {
      "type": "Feature",
      "geometry": {
        "type": "LineString",
        "coordinates": [
          [
            -99.1577851,
            19.4351943
          ],
          [
            -99.1579657,
            19.4347799
          ]
        ]
      },
      "properties": {
        "line_id": "metrobus-1",
        "line_name": "Línea 1",
        "line_color": "#E53935"
      }
    },
    {
      "type": "Feature",
      "geometry": {
        "type": "LineString",
        "coordinates": [
          [
            -99.1579657,
            19.4347799
          ],
          [
            -99.1580823,
            19.4345125
          ],
          [
            -99.1580972,
            19.4344788
          ],
          [
            -99.158134,
            19.4343951
          ]
        ]
      },
      "properties": {
        "line_id": "metrobus-1",
        "line_name": "Línea 1",
        "line_color": "#E53935"
      }
    },
    {
      "type": "Feature",
      "geometry": {
        "type": "LineString",
        "coordinates": [
          [
            -99.158134,
            19.4343951
          ],
          [
            -99.1581723,
            19.4343081
          ],
          [
            -99.1581892,
            19.4342698
          ],
          [
            -99.1588351,
            19.4328176
          ]
        ]
      },
      "properties": {
        "line_id": "metrobus-1",
        "line_name": "Línea 1",
        "line_color": "#E53935"
      }
    },
    {
      "type": "Feature",
      "geometry": {
        "type": "LineString",
        "coordinates": [
          [
            -99.1588351,
            19.4328176
          ],
          [
            -99.1589603,
            19.4325363
          ],
          [
            -99.1589897,
            19.4324701
          ],
          [
            -99.1590453,
            19.4323451
          ]
        ]
      },
      "properties": {
        "line_id": "metrobus-1",
        "line_name": "Línea 1",
        "line_color": "#E53935"
      }
    },
    {
      "type": "Feature",
      "geometry": {
        "type": "LineString",
        "coordinates": [
          [
            -99.1590453,
            19.4323451
          ],
          [
            -99.1590875,
            19.4322575
          ],
          [
            -99.1591267,
            19.4321762
          ]
        ]
      },
      "properties": {
        "line_id": "metrobus-1",
        "line_name": "Línea 1",
        "line_color": "#E53935"
      }
    },
    {
      "type": "Feature",
      "geometry": {
        "type": "LineString",
        "coordinates": [
          [
            -99.1591267,
            19.4321762
          ],
          [
            -99.1592611,
            19.4318972
          ],
          [
            -99.1592796,
            19.4318588
          ],
          [
            -99.1593027,
            19.4318106
          ],
          [
            -99.1593345,
            19.4317447
          ]
        ]
      },
      "properties": {
        "line_id": "metrobus-1",
        "line_name": "Línea 1",
        "line_color": "#E53935"
      }
    },
    {
      "type": "Feature",
      "geometry": {
        "type": "LineString",
        "coordinates": [
          [
            -99.1593345,
            19.4317447
          ],
          [
            -99.1593749,
            19.4316607
          ],
          [
            -99.1594855,
            19.4314307
          ],
          [
            -99.1595083,
            19.4313833
          ],
          [
            -99.1595383,
            19.431321
          ],
          [
            -99.159592,
            19.4312161
          ]
        ]
      },
      "properties": {
        "line_id": "metrobus-1",
        "line_name": "Línea 1",
        "line_color": "#E53935"
      }
    },
    {
      "type": "Feature",
      "geometry": {
        "type": "LineString",
        "coordinates": [
          [
            -99.159592,
            19.4312161
          ],
          [
            -99.1596994,
            19.4310037
          ],
          [
            -99.1598187,
            19.4307678
          ]
        ]
      },
      "properties": {
        "line_id": "metrobus-1",
        "line_name": "Línea 1",
        "line_color": "#E53935"
      }
    },
    {
      "type": "Feature",
      "geometry": {
        "type": "LineString",
        "coordinates": [
          [
            -99.1598187,
            19.4307678
          ],
          [
            -99.1599021,
            19.4305967
          ]
        ]
      },
      "properties": {
        "line_id": "metrobus-1",
        "line_name": "Línea 1",
        "line_color": "#E53935"
      }
    },
    {
      "type": "Feature",
      "geometry": {
        "type": "LineString",
        "coordinates": [
          [
            -99.1599021,
            19.4305967
          ],
          [
            -99.1599478,
            19.430506
          ],
          [
            -99.1601011,
            19.4301957
          ],
          [
            -99.1601443,
            19.4301084
          ]
        ]
      },
      "properties": {
        "line_id": "metrobus-1",
        "line_name": "Línea 1",
        "line_color": "#E53935"
      }
    },
    {
      "type": "Feature",
      "geometry": {
        "type": "LineString",
        "coordinates": [
          [
            -99.1601443,
            19.4301084
          ],
          [
            -99.1602201,
            19.429942
          ],
          [
            -99.1606901,
            19.4289096
          ]
        ]
      },
      "properties": {
        "line_id": "metrobus-1",
        "line_name": "Línea 1",
        "line_color": "#E53935"
      }
    },
    {
      "type": "Feature",
      "geometry": {
        "type": "LineString",
        "coordinates": [
          [
            -99.1606901,
            19.4289096
          ],
          [
            -99.1608059,
            19.428655
          ],
          [
            -99.1608232,
            19.4286171
          ],
          [
            -99.1608328,
            19.4285959
          ],
          [
            -99.1608838,
            19.4284839
          ]
        ]
      },
      "properties": {
        "line_id": "metrobus-1",
        "line_name": "Línea 1",
        "line_color": "#E53935"
      }
    },
    {
      "type": "Feature",
      "geometry": {
        "type": "LineString",
        "coordinates": [
          [
            -99.1608838,
            19.4284839
          ],
          [
            -99.161137,
            19.4279278
          ]
        ]
      },
      "properties": {
        "line_id": "metrobus-1",
        "line_name": "Línea 1",
        "line_color": "#E53935"
      }
    },
    {
      "type": "Feature",
      "geometry": {
        "type": "LineString",
        "coordinates": [
          [
            -99.161137,
            19.4279278
          ],
          [
            -99.1613233,
            19.4275169
          ]
        ]
      },
      "properties": {
        "line_id": "metrobus-1",
        "line_name": "Línea 1",
        "line_color": "#E53935"
      }
    },
    {
      "type": "Feature",
      "geometry": {
        "type": "LineString",
        "coordinates": [
          [
            -99.1613233,
            19.4275169
          ],
          [
            -99.1614227,
            19.4272978
          ],
          [
            -99.1614443,
            19.4272502
          ],
          [
            -99.1614688,
            19.4271962
          ],
          [
            -99.1614952,
            19.427138
          ]
        ]
      },
      "properties": {
        "line_id": "metrobus-1",
        "line_name": "Línea 1",
        "line_color": "#E53935"
      }
    },
    {
      "type": "Feature",
      "geometry": {
        "type": "LineString",
        "coordinates": [
          [
            -99.1614952,
            19.427138
          ],
          [
            -99.1615308,
            19.427052
          ],
          [
            -99.1616599,
            19.4267395
          ],
          [
            -99.1616827,
            19.4266843
          ],
          [
            -99.161712,
            19.4266144
          ],
          [
            -99.1617498,
            19.4265244
          ]
        ]
      },
      "properties": {
        "line_id": "metrobus-1",
        "line_name": "Línea 1",
        "line_color": "#E53935"
      }
    },
    {
      "type": "Feature",
      "geometry": {
        "type": "LineString",
        "coordinates": [
          [
            -99.1617498,
            19.4265244
          ],
          [
            -99.161791,
            19.4264334
          ],
          [
            -99.161892,
            19.4262099
          ]
        ]
      },
      "properties": {
        "line_id": "metrobus-1",
        "line_name": "Línea 1",
        "line_color": "#E53935"
      }
    },
    {
      "type": "Feature",
      "geometry": {
        "type": "LineString",
        "coordinates": [
          [
            -99.161892,
            19.4262099
          ],
          [
            -99.1620062,
            19.425961
          ],
          [
            -99.162028,
            19.4259133
          ],
          [
            -99.1620957,
            19.4257681
          ]
        ]
      },
      "properties": {
        "line_id": "metrobus-1",
        "line_name": "Línea 1",
        "line_color": "#E53935"
      }
    },
    {
      "type": "Feature",
      "geometry": {
        "type": "LineString",
        "coordinates": [
          [
            -99.1620957,
            19.4257681
          ],
          [
            -99.1622106,
            19.4255108
          ]
        ]
      },
      "properties": {
        "line_id": "metrobus-1",
        "line_name": "Línea 1",
        "line_color": "#E53935"
      }
    },
    {
      "type": "Feature",
      "geometry": {
        "type": "LineString",
        "coordinates": [
          [
            -99.1622106,
            19.4255108
          ],
          [
            -99.1622982,
            19.4253168
          ],
          [
            -99.1623211,
            19.425266
          ],
          [
            -99.1623824,
            19.4251246
          ]
        ]
      },
      "properties": {
        "line_id": "metrobus-1",
        "line_name": "Línea 1",
        "line_color": "#E53935"
      }
    },
    {
      "type": "Feature",
      "geometry": {
        "type": "LineString",
        "coordinates": [
          [
            -99.1623824,
            19.4251246
          ],
          [
            -99.1625635,
            19.4247296
          ],
          [
            -99.1625691,
            19.4247172
          ]
        ]
      },
      "properties": {
        "line_id": "metrobus-1",
        "line_name": "Línea 1",
        "line_color": "#E53935"
      }
    },
    {
      "type": "Feature",
      "geometry": {
        "type": "LineString",
        "coordinates": [
          [
            -99.1625691,
            19.4247172
          ],
          [
            -99.1627078,
            19.4244098
          ],
          [
            -99.1627552,
            19.4243455
          ]
        ]
      },
      "properties": {
        "line_id": "metrobus-1",
        "line_name": "Línea 1",
        "line_color": "#E53935"
      }
    },
    {
      "type": "Feature",
      "geometry": {
        "type": "LineString",
        "coordinates": [
          [
            -99.1627552,
            19.4243455
          ],
          [
            -99.1628169,
            19.424311
          ],
          [
            -99.1628816,
            19.4242896
          ],
          [
            -99.162966,
            19.4242845
          ],
          [
            -99.1630948,
            19.4242694
          ],
          [
            -99.1632211,
            19.4242383
          ],
          [
            -99.1632995,
            19.4242016
          ],
          [
            -99.1633369,
            19.4241841
          ],
          [
            -99.1634249,
            19.424117
          ],
          [
            -99.163502,
            19.4240366
          ],
          [
            -99.1635688,
            19.4239457
          ],
          [
            -99.1636101,
            19.4238543
          ],
          [
            -99.1636339,
            19.4237795
          ],
          [
            -99.1636432,
            19.4236607
          ],
          [
            -99.1636289,
            19.4235547
          ],
          [
            -99.1635881,
            19.4234242
          ],
          [
            -99.1635335,
            19.4233292
          ],
          [
            -99.163482,
            19.423259
          ],
          [
            -99.1633876,
            19.4231755
          ],
          [
            -99.1632696,
            19.4230868
          ],
          [
            -99.1632414,
            19.4230469
          ],
          [
            -99.1632292,
            19.4229971
          ]
        ]
      },
      "properties": {
        "line_id": "metrobus-1",
        "line_name": "Línea 1",
        "line_color": "#E53935"
      }
    },
    {
      "type": "Feature",
      "geometry": {
        "type": "LineString",
        "coordinates": [
          [
            -99.1632292,
            19.4229971
          ],
          [
            -99.1632381,
            19.4229474
          ],
          [
            -99.1632951,
            19.4227713
          ]
        ]
      },
      "properties": {
        "line_id": "metrobus-1",
        "line_name": "Línea 1",
        "line_color": "#E53935"
      }
    },
    {
      "type": "Feature",
      "geometry": {
        "type": "LineString",
        "coordinates": [
          [
            -99.1632951,
            19.4227713
          ],
          [
            -99.1633602,
            19.4225508
          ]
        ]
      },
      "properties": {
        "line_id": "metrobus-1",
        "line_name": "Línea 1",
        "line_color": "#E53935"
      }
    },
    {
      "type": "Feature",
      "geometry": {
        "type": "LineString",
        "coordinates": [
          [
            -99.1633602,
            19.4225508
          ],
          [
            -99.1634303,
            19.4223131
          ],
          [
            -99.1634607,
            19.4222102
          ]
        ]
      },
      "properties": {
        "line_id": "metrobus-1",
        "line_name": "Línea 1",
        "line_color": "#E53935"
      }
    },
    {
      "type": "Feature",
      "geometry": {
        "type": "LineString",
        "coordinates": [
          [
            -99.1634607,
            19.4222102
          ],
          [
            -99.1636493,
            19.4215686
          ]
        ]
      },
      "properties": {
        "line_id": "metrobus-1",
        "line_name": "Línea 1",
        "line_color": "#E53935"
      }
    },
    {
      "type": "Feature",
      "geometry": {
        "type": "LineString",
        "coordinates": [
          [
            -99.1636493,
            19.4215686
          ],
          [
            -99.1638218,
            19.4209594
          ]
        ]
      },
      "properties": {
        "line_id": "metrobus-1",
        "line_name": "Línea 1",
        "line_color": "#E53935"
      }
    },
    {
      "type": "Feature",
      "geometry": {
        "type": "LineString",
        "coordinates": [
          [
            -99.1638218,
            19.4209594
          ],
          [
            -99.1638982,
            19.4206923
          ]
        ]
      },
      "properties": {
        "line_id": "metrobus-1",
        "line_name": "Línea 1",
        "line_color": "#E53935"
      }
    },
    {
      "type": "Feature",
      "geometry": {
        "type": "LineString",
        "coordinates": [
          [
            -99.1638982,
            19.4206923
          ],
          [
            -99.1639699,
            19.4204535
          ],
          [
            -99.1640119,
            19.4203136
          ]
        ]
      },
      "properties": {
        "line_id": "metrobus-1",
        "line_name": "Línea 1",
        "line_color": "#E53935"
      }
    },
    {
      "type": "Feature",
      "geometry": {
        "type": "LineString",
        "coordinates": [
          [
            -99.1640119,
            19.4203136
          ],
          [
            -99.1643168,
            19.4192976
          ]
        ]
      },
      "properties": {
        "line_id": "metrobus-1",
        "line_name": "Línea 1",
        "line_color": "#E53935"
      }
    },
    {
      "type": "Feature",
      "geometry": {
        "type": "LineString",
        "coordinates": [
          [
            -99.1643168,
            19.4192976
          ],
          [
            -99.1643953,
            19.4190364
          ],
          [
            -99.1644731,
            19.4187771
          ]
        ]
      },
      "properties": {
        "line_id": "metrobus-1",
        "line_name": "Línea 1",
        "line_color": "#E53935"
      }
    },
    {
      "type": "Feature",
      "geometry": {
        "type": "LineString",
        "coordinates": [
          [
            -99.1644731,
            19.4187771
          ],
          [
            -99.1645782,
            19.4184254
          ],
          [
            -99.1645927,
            19.4183769
          ]
        ]
      },
      "properties": {
        "line_id": "metrobus-1",
        "line_name": "Línea 1",
        "line_color": "#E53935"
      }
    },
    {
      "type": "Feature",
      "geometry": {
        "type": "LineString",
        "coordinates": [
          [
            -99.1645927,
            19.4183769
          ],
          [
            -99.1646616,
            19.4181436
          ],
          [
            -99.1647741,
            19.4177629
          ]
        ]
      },
      "properties": {
        "line_id": "metrobus-1",
        "line_name": "Línea 1",
        "line_color": "#E53935"
      }
    },
    {
      "type": "Feature",
      "geometry": {
        "type": "LineString",
        "coordinates": [
          [
            -99.1647741,
            19.4177629
          ],
          [
            -99.1648456,
            19.4175207
          ],
          [
            -99.1648817,
            19.4173986
          ]
        ]
      },
      "properties": {
        "line_id": "metrobus-1",
        "line_name": "Línea 1",
        "line_color": "#E53935"
      }
    },
    {
      "type": "Feature",
      "geometry": {
        "type": "LineString",
        "coordinates": [
          [
            -99.1648817,
            19.4173986
          ],
          [
            -99.1649416,
            19.417175
          ]
        ]
      },
      "properties": {
        "line_id": "metrobus-1",
        "line_name": "Línea 1",
        "line_color": "#E53935"
      }
    },
    {
      "type": "Feature",
      "geometry": {
        "type": "LineString",
        "coordinates": [
          [
            -99.1649416,
            19.417175
          ],
          [
            -99.1651851,
            19.4164165
          ]
        ]
      },
      "properties": {
        "line_id": "metrobus-1",
        "line_name": "Línea 1",
        "line_color": "#E53935"
      }
    },
    {
      "type": "Feature",
      "geometry": {
        "type": "LineString",
        "coordinates": [
          [
            -99.1651851,
            19.4164165
          ],
          [
            -99.1652857,
            19.4161033
          ]
        ]
      },
      "properties": {
        "line_id": "metrobus-1",
        "line_name": "Línea 1",
        "line_color": "#E53935"
      }
    },
    {
      "type": "Feature",
      "geometry": {
        "type": "LineString",
        "coordinates": [
          [
            -99.1652857,
            19.4161033
          ],
          [
            -99.1653752,
            19.4158432
          ],
          [
            -99.1654123,
            19.4157355
          ],
          [
            -99.1654274,
            19.4156918
          ],
          [
            -99.1654656,
            19.4155807
          ]
        ]
      },
      "properties": {
        "line_id": "metrobus-1",
        "line_name": "Línea 1",
        "line_color": "#E53935"
      }
    },
    {
      "type": "Feature",
      "geometry": {
        "type": "LineString",
        "coordinates": [
          [
            -99.1654656,
            19.4155807
          ],
          [
            -99.1655448,
            19.4153391
          ]
        ]
      },
      "properties": {
        "line_id": "metrobus-1",
        "line_name": "Línea 1",
        "line_color": "#E53935"
      }
    },
    {
      "type": "Feature",
      "geometry": {
        "type": "LineString",
        "coordinates": [
          [
            -99.1655448,
            19.4153391
          ],
          [
            -99.1655735,
            19.4152568
          ],
          [
            -99.1656054,
            19.4151693
          ],
          [
            -99.165652,
            19.4150211
          ],
          [
            -99.1658822,
            19.414304
          ]
        ]
      },
      "properties": {
        "line_id": "metrobus-1",
        "line_name": "Línea 1",
        "line_color": "#E53935"
      }
    },
    {
      "type": "Feature",
      "geometry": {
        "type": "LineString",
        "coordinates": [
          [
            -99.1658822,
            19.414304
          ],
          [
            -99.166054,
            19.4137691
          ]
        ]
      },
      "properties": {
        "line_id": "metrobus-1",
        "line_name": "Línea 1",
        "line_color": "#E53935"
      }
    },
    {
      "type": "Feature",
      "geometry": {
        "type": "LineString",
        "coordinates": [
          [
            -99.166054,
            19.4137691
          ],
          [
            -99.1662343,
            19.4132001
          ]
        ]
      },
      "properties": {
        "line_id": "metrobus-1",
        "line_name": "Línea 1",
        "line_color": "#E53935"
      }
    },
    {
      "type": "Feature",
      "geometry": {
        "type": "LineString",
        "coordinates": [
          [
            -99.1662343,
            19.4132001
          ],
          [
            -99.1663424,
            19.4128759
          ],
          [
            -99.1663761,
            19.4127746
          ]
        ]
      },
      "properties": {
        "line_id": "metrobus-1",
        "line_name": "Línea 1",
        "line_color": "#E53935"
      }
    },
    {
      "type": "Feature",
      "geometry": {
        "type": "LineString",
        "coordinates": [
          [
            -99.1663761,
            19.4127746
          ],
          [
            -99.1663876,
            19.4127405
          ]
        ]
      },
      "properties": {
        "line_id": "metrobus-1",
        "line_name": "Línea 1",
        "line_color": "#E53935"
      }
    },
    {
      "type": "Feature",
      "geometry": {
        "type": "LineString",
        "coordinates": [
          [
            -99.1663876,
            19.4127405
          ],
          [
            -99.1664168,
            19.4126482
          ],
          [
            -99.1667491,
            19.4115991
          ],
          [
            -99.1669426,
            19.4110003
          ]
        ]
      },
      "properties": {
        "line_id": "metrobus-1",
        "line_name": "Línea 1",
        "line_color": "#E53935"
      }
    },
    {
      "type": "Feature",
      "geometry": {
        "type": "LineString",
        "coordinates": [
          [
            -99.1663876,
            19.4127405
          ],
          [
            -99.1664168,
            19.4126482
          ],
          [
            -99.1667491,
            19.4115991
          ],
          [
            -99.1669426,
            19.4110003
          ]
        ]
      },
      "properties": {
        "line_id": "metrobus-1",
        "line_name": "Línea 1",
        "line_color": "#E53935"
      }
    },
    {
      "type": "Feature",
      "geometry": {
        "type": "LineString",
        "coordinates": [
          [
            -99.1669426,
            19.4110003
          ],
          [
            -99.167051,
            19.4106649
          ],
          [
            -99.167068,
            19.4106149
          ],
          [
            -99.1670885,
            19.4105545
          ]
        ]
      },
      "properties": {
        "line_id": "metrobus-1",
        "line_name": "Línea 1",
        "line_color": "#E53935"
      }
    },
    {
      "type": "Feature",
      "geometry": {
        "type": "LineString",
        "coordinates": [
          [
            -99.1670885,
            19.4105545
          ],
          [
            -99.1671104,
            19.4104872
          ],
          [
            -99.1673156,
            19.4098564
          ]
        ]
      },
      "properties": {
        "line_id": "metrobus-1",
        "line_name": "Línea 1",
        "line_color": "#E53935"
      }
    },
    {
      "type": "Feature",
      "geometry": {
        "type": "LineString",
        "coordinates": [
          [
            -99.1673156,
            19.4098564
          ],
          [
            -99.1674608,
            19.4094102
          ],
          [
            -99.1674867,
            19.4093305
          ],
          [
            -99.1675122,
            19.4092522
          ]
        ]
      },
      "properties": {
        "line_id": "metrobus-1",
        "line_name": "Línea 1",
        "line_color": "#E53935"
      }
    },
    {
      "type": "Feature",
      "geometry": {
        "type": "LineString",
        "coordinates": [
          [
            -99.1675122,
            19.4092522
          ],
          [
            -99.1675454,
            19.4091505
          ],
          [
            -99.1676235,
            19.4089111
          ],
          [
            -99.167646,
            19.4088421
          ],
          [
            -99.1677036,
            19.4086656
          ]
        ]
      },
      "properties": {
        "line_id": "metrobus-1",
        "line_name": "Línea 1",
        "line_color": "#E53935"
      }
    },
    {
      "type": "Feature",
      "geometry": {
        "type": "LineString",
        "coordinates": [
          [
            -99.1675122,
            19.4092522
          ],
          [
            -99.1675454,
            19.4091505
          ],
          [
            -99.1676235,
            19.4089111
          ],
          [
            -99.167646,
            19.4088421
          ],
          [
            -99.1677036,
            19.4086656
          ]
        ]
      },
      "properties": {
        "line_id": "metrobus-1",
        "line_name": "Línea 1",
        "line_color": "#E53935"
      }
    },
    {
      "type": "Feature",
      "geometry": {
        "type": "LineString",
        "coordinates": [
          [
            -99.1673156,
            19.4098564
          ],
          [
            -99.1674608,
            19.4094102
          ],
          [
            -99.1674867,
            19.4093305
          ],
          [
            -99.1675122,
            19.4092522
          ]
        ]
      },
      "properties": {
        "line_id": "metrobus-1",
        "line_name": "Línea 1",
        "line_color": "#E53935"
      }
    },
    {
      "type": "Feature",
      "geometry": {
        "type": "LineString",
        "coordinates": [
          [
            -99.1673156,
            19.4098564
          ],
          [
            -99.1674608,
            19.4094102
          ],
          [
            -99.1674867,
            19.4093305
          ],
          [
            -99.1675122,
            19.4092522
          ]
        ]
      },
      "properties": {
        "line_id": "metrobus-1",
        "line_name": "Línea 1",
        "line_color": "#E53935"
      }
    },
    {
      "type": "Feature",
      "geometry": {
        "type": "LineString",
        "coordinates": [
          [
            -99.1675122,
            19.4092522
          ],
          [
            -99.1675454,
            19.4091505
          ],
          [
            -99.1676235,
            19.4089111
          ],
          [
            -99.167646,
            19.4088421
          ],
          [
            -99.1677036,
            19.4086656
          ]
        ]
      },
      "properties": {
        "line_id": "metrobus-1",
        "line_name": "Línea 1",
        "line_color": "#E53935"
      }
    },
    {
      "type": "Feature",
      "geometry": {
        "type": "LineString",
        "coordinates": [
          [
            -99.1677036,
            19.4086656
          ],
          [
            -99.1678114,
            19.4083353
          ],
          [
            -99.167865,
            19.4081712
          ]
        ]
      },
      "properties": {
        "line_id": "metrobus-1",
        "line_name": "Línea 1",
        "line_color": "#E53935"
      }
    },
    {
      "type": "Feature",
      "geometry": {
        "type": "LineString",
        "coordinates": [
          [
            -99.167865,
            19.4081712
          ],
          [
            -99.1678892,
            19.4080975
          ],
          [
            -99.1681041,
            19.4074436
          ]
        ]
      },
      "properties": {
        "line_id": "metrobus-1",
        "line_name": "Línea 1",
        "line_color": "#E53935"
      }
    },
    {
      "type": "Feature",
      "geometry": {
        "type": "LineString",
        "coordinates": [
          [
            -99.167865,
            19.4081712
          ],
          [
            -99.1678892,
            19.4080975
          ],
          [
            -99.1681041,
            19.4074436
          ]
        ]
      },
      "properties": {
        "line_id": "metrobus-1",
        "line_name": "Línea 1",
        "line_color": "#E53935"
      }
    },
    {
      "type": "Feature",
      "geometry": {
        "type": "LineString",
        "coordinates": [
          [
            -99.1677036,
            19.4086656
          ],
          [
            -99.1678114,
            19.4083353
          ],
          [
            -99.167865,
            19.4081712
          ]
        ]
      },
      "properties": {
        "line_id": "metrobus-1",
        "line_name": "Línea 1",
        "line_color": "#E53935"
      }
    },
    {
      "type": "Feature",
      "geometry": {
        "type": "LineString",
        "coordinates": [
          [
            -99.1675122,
            19.4092522
          ],
          [
            -99.1675454,
            19.4091505
          ],
          [
            -99.1676235,
            19.4089111
          ],
          [
            -99.167646,
            19.4088421
          ],
          [
            -99.1677036,
            19.4086656
          ]
        ]
      },
      "properties": {
        "line_id": "metrobus-1",
        "line_name": "Línea 1",
        "line_color": "#E53935"
      }
    },
    {
      "type": "Feature",
      "geometry": {
        "type": "LineString",
        "coordinates": [
          [
            -99.1673156,
            19.4098564
          ],
          [
            -99.1674608,
            19.4094102
          ],
          [
            -99.1674867,
            19.4093305
          ],
          [
            -99.1675122,
            19.4092522
          ]
        ]
      },
      "properties": {
        "line_id": "metrobus-1",
        "line_name": "Línea 1",
        "line_color": "#E53935"
      }
    },
    {
      "type": "Feature",
      "geometry": {
        "type": "LineString",
        "coordinates": [
          [
            -99.1677036,
            19.4086656
          ],
          [
            -99.1678114,
            19.4083353
          ],
          [
            -99.167865,
            19.4081712
          ]
        ]
      },
      "properties": {
        "line_id": "metrobus-1",
        "line_name": "Línea 1",
        "line_color": "#E53935"
      }
    },
    {
      "type": "Feature",
      "geometry": {
        "type": "LineString",
        "coordinates": [
          [
            -99.167865,
            19.4081712
          ],
          [
            -99.1678892,
            19.4080975
          ],
          [
            -99.1681041,
            19.4074436
          ]
        ]
      },
      "properties": {
        "line_id": "metrobus-1",
        "line_name": "Línea 1",
        "line_color": "#E53935"
      }
    },
    {
      "type": "Feature",
      "geometry": {
        "type": "LineString",
        "coordinates": [
          [
            -99.1681041,
            19.4074436
          ],
          [
            -99.1682013,
            19.4071476
          ],
          [
            -99.1682254,
            19.4070743
          ],
          [
            -99.1682421,
            19.4070234
          ]
        ]
      },
      "properties": {
        "line_id": "metrobus-1",
        "line_name": "Línea 1",
        "line_color": "#E53935"
      }
    },
    {
      "type": "Feature",
      "geometry": {
        "type": "LineString",
        "coordinates": [
          [
            -99.1682421,
            19.4070234
          ],
          [
            -99.1684445,
            19.4064109
          ]
        ]
      },
      "properties": {
        "line_id": "metrobus-1",
        "line_name": "Línea 1",
        "line_color": "#E53935"
      }
    },
    {
      "type": "Feature",
      "geometry": {
        "type": "LineString",
        "coordinates": [
          [
            -99.1682421,
            19.4070234
          ],
          [
            -99.1684445,
            19.4064109
          ]
        ]
      },
      "properties": {
        "line_id": "metrobus-1",
        "line_name": "Línea 1",
        "line_color": "#E53935"
      }
    },
    {
      "type": "Feature",
      "geometry": {
        "type": "LineString",
        "coordinates": [
          [
            -99.1681041,
            19.4074436
          ],
          [
            -99.1682013,
            19.4071476
          ],
          [
            -99.1682254,
            19.4070743
          ],
          [
            -99.1682421,
            19.4070234
          ]
        ]
      },
      "properties": {
        "line_id": "metrobus-1",
        "line_name": "Línea 1",
        "line_color": "#E53935"
      }
    },
    {
      "type": "Feature",
      "geometry": {
        "type": "LineString",
        "coordinates": [
          [
            -99.1684445,
            19.4064109
          ],
          [
            -99.1685467,
            19.4061013
          ],
          [
            -99.168573,
            19.4060218
          ],
          [
            -99.1686097,
            19.4059099
          ]
        ]
      },
      "properties": {
        "line_id": "metrobus-1",
        "line_name": "Línea 1",
        "line_color": "#E53935"
      }
    },
    {
      "type": "Feature",
      "geometry": {
        "type": "LineString",
        "coordinates": [
          [
            -99.1686097,
            19.4059099
          ],
          [
            -99.1686439,
            19.405805
          ],
          [
            -99.1688506,
            19.4051716
          ],
          [
            -99.1689564,
            19.4048472
          ],
          [
            -99.169193,
            19.4041221
          ],
          [
            -99.1692072,
            19.4040785
          ]
        ]
      },
      "properties": {
        "line_id": "metrobus-1",
        "line_name": "Línea 1",
        "line_color": "#E53935"
      }
    },
    {
      "type": "Feature",
      "geometry": {
        "type": "LineString",
        "coordinates": [
          [
            -99.1692072,
            19.4040785
          ],
          [
            -99.1692599,
            19.4039176
          ],
          [
            -99.1693298,
            19.4037046
          ],
          [
            -99.169341,
            19.4036704
          ]
        ]
      },
      "properties": {
        "line_id": "metrobus-1",
        "line_name": "Línea 1",
        "line_color": "#E53935"
      }
    },
    {
      "type": "Feature",
      "geometry": {
        "type": "LineString",
        "coordinates": [
          [
            -99.169341,
            19.4036704
          ],
          [
            -99.1693594,
            19.4036045
          ],
          [
            -99.169384,
            19.4035295
          ]
        ]
      },
      "properties": {
        "line_id": "metrobus-1",
        "line_name": "Línea 1",
        "line_color": "#E53935"
      }
    },
    {
      "type": "Feature",
      "geometry": {
        "type": "LineString",
        "coordinates": [
          [
            -99.169341,
            19.4036704
          ],
          [
            -99.1693594,
            19.4036045
          ],
          [
            -99.169384,
            19.4035295
          ]
        ]
      },
      "properties": {
        "line_id": "metrobus-1",
        "line_name": "Línea 1",
        "line_color": "#E53935"
      }
    },
    {
      "type": "Feature",
      "geometry": {
        "type": "LineString",
        "coordinates": [
          [
            -99.1692072,
            19.4040785
          ],
          [
            -99.1692599,
            19.4039176
          ],
          [
            -99.1693298,
            19.4037046
          ],
          [
            -99.169341,
            19.4036704
          ]
        ]
      },
      "properties": {
        "line_id": "metrobus-1",
        "line_name": "Línea 1",
        "line_color": "#E53935"
      }
    },
    {
      "type": "Feature",
      "geometry": {
        "type": "LineString",
        "coordinates": [
          [
            -99.1692072,
            19.4040785
          ],
          [
            -99.1692599,
            19.4039176
          ],
          [
            -99.1693298,
            19.4037046
          ],
          [
            -99.169341,
            19.4036704
          ]
        ]
      },
      "properties": {
        "line_id": "metrobus-1",
        "line_name": "Línea 1",
        "line_color": "#E53935"
      }
    },
    {
      "type": "Feature",
      "geometry": {
        "type": "LineString",
        "coordinates": [
          [
            -99.169341,
            19.4036704
          ],
          [
            -99.1693594,
            19.4036045
          ],
          [
            -99.169384,
            19.4035295
          ]
        ]
      },
      "properties": {
        "line_id": "metrobus-1",
        "line_name": "Línea 1",
        "line_color": "#E53935"
      }
    },
    {
      "type": "Feature",
      "geometry": {
        "type": "LineString",
        "coordinates": [
          [
            -99.169384,
            19.4035295
          ],
          [
            -99.169409,
            19.403455
          ],
          [
            -99.1695162,
            19.4031354
          ],
          [
            -99.1695967,
            19.4028979
          ]
        ]
      },
      "properties": {
        "line_id": "metrobus-1",
        "line_name": "Línea 1",
        "line_color": "#E53935"
      }
    },
    {
      "type": "Feature",
      "geometry": {
        "type": "LineString",
        "coordinates": [
          [
            -99.169384,
            19.4035295
          ],
          [
            -99.169409,
            19.403455
          ],
          [
            -99.1695162,
            19.4031354
          ],
          [
            -99.1695967,
            19.4028979
          ]
        ]
      },
      "properties": {
        "line_id": "metrobus-1",
        "line_name": "Línea 1",
        "line_color": "#E53935"
      }
    },
    {
      "type": "Feature",
      "geometry": {
        "type": "LineString",
        "coordinates": [
          [
            -99.1695967,
            19.4028979
          ],
          [
            -99.1697009,
            19.4025811
          ],
          [
            -99.1697291,
            19.4024955
          ]
        ]
      },
      "properties": {
        "line_id": "metrobus-1",
        "line_name": "Línea 1",
        "line_color": "#E53935"
      }
    },
    {
      "type": "Feature",
      "geometry": {
        "type": "LineString",
        "coordinates": [
          [
            -99.1697291,
            19.4024955
          ],
          [
            -99.1697516,
            19.4024269
          ],
          [
            -99.1698033,
            19.4022695
          ]
        ]
      },
      "properties": {
        "line_id": "metrobus-1",
        "line_name": "Línea 1",
        "line_color": "#E53935"
      }
    },
    {
      "type": "Feature",
      "geometry": {
        "type": "LineString",
        "coordinates": [
          [
            -99.1698033,
            19.4022695
          ],
          [
            -99.1701912,
            19.4010877
          ]
        ]
      },
      "properties": {
        "line_id": "metrobus-1",
        "line_name": "Línea 1",
        "line_color": "#E53935"
      }
    },
    {
      "type": "Feature",
      "geometry": {
        "type": "LineString",
        "coordinates": [
          [
            -99.1698033,
            19.4022695
          ],
          [
            -99.1701912,
            19.4010877
          ]
        ]
      },
      "properties": {
        "line_id": "metrobus-1",
        "line_name": "Línea 1",
        "line_color": "#E53935"
      }
    },
    {
      "type": "Feature",
      "geometry": {
        "type": "LineString",
        "coordinates": [
          [
            -99.1698033,
            19.4022695
          ],
          [
            -99.1701912,
            19.4010877
          ]
        ]
      },
      "properties": {
        "line_id": "metrobus-1",
        "line_name": "Línea 1",
        "line_color": "#E53935"
      }
    },
    {
      "type": "Feature",
      "geometry": {
        "type": "LineString",
        "coordinates": [
          [
            -99.1701912,
            19.4010877
          ],
          [
            -99.1702273,
            19.4009775
          ],
          [
            -99.1703226,
            19.4006872
          ],
          [
            -99.1703626,
            19.4005654
          ]
        ]
      },
      "properties": {
        "line_id": "metrobus-1",
        "line_name": "Línea 1",
        "line_color": "#E53935"
      }
    },
    {
      "type": "Feature",
      "geometry": {
        "type": "LineString",
        "coordinates": [
          [
            -99.1703626,
            19.4005654
          ],
          [
            -99.1704021,
            19.4004357
          ],
          [
            -99.1704318,
            19.4003382
          ]
        ]
      },
      "properties": {
        "line_id": "metrobus-1",
        "line_name": "Línea 1",
        "line_color": "#E53935"
      }
    },
    {
      "type": "Feature",
      "geometry": {
        "type": "LineString",
        "coordinates": [
          [
            -99.1703626,
            19.4005654
          ],
          [
            -99.1704021,
            19.4004357
          ],
          [
            -99.1704318,
            19.4003382
          ]
        ]
      },
      "properties": {
        "line_id": "metrobus-1",
        "line_name": "Línea 1",
        "line_color": "#E53935"
      }
    },
    {
      "type": "Feature",
      "geometry": {
        "type": "LineString",
        "coordinates": [
          [
            -99.1701912,
            19.4010877
          ],
          [
            -99.1702273,
            19.4009775
          ],
          [
            -99.1703226,
            19.4006872
          ],
          [
            -99.1703626,
            19.4005654
          ]
        ]
      },
      "properties": {
        "line_id": "metrobus-1",
        "line_name": "Línea 1",
        "line_color": "#E53935"
      }
    },
    {
      "type": "Feature",
      "geometry": {
        "type": "LineString",
        "coordinates": [
          [
            -99.1698033,
            19.4022695
          ],
          [
            -99.1701912,
            19.4010877
          ]
        ]
      },
      "properties": {
        "line_id": "metrobus-1",
        "line_name": "Línea 1",
        "line_color": "#E53935"
      }
    },
    {
      "type": "Feature",
      "geometry": {
        "type": "LineString",
        "coordinates": [
          [
            -99.1698033,
            19.4022695
          ],
          [
            -99.1701912,
            19.4010877
          ]
        ]
      },
      "properties": {
        "line_id": "metrobus-1",
        "line_name": "Línea 1",
        "line_color": "#E53935"
      }
    },
    {
      "type": "Feature",
      "geometry": {
        "type": "LineString",
        "coordinates": [
          [
            -99.1701912,
            19.4010877
          ],
          [
            -99.1702273,
            19.4009775
          ],
          [
            -99.1703226,
            19.4006872
          ],
          [
            -99.1703626,
            19.4005654
          ]
        ]
      },
      "properties": {
        "line_id": "metrobus-1",
        "line_name": "Línea 1",
        "line_color": "#E53935"
      }
    },
    {
      "type": "Feature",
      "geometry": {
        "type": "LineString",
        "coordinates": [
          [
            -99.1703626,
            19.4005654
          ],
          [
            -99.1704021,
            19.4004357
          ],
          [
            -99.1704318,
            19.4003382
          ]
        ]
      },
      "properties": {
        "line_id": "metrobus-1",
        "line_name": "Línea 1",
        "line_color": "#E53935"
      }
    },
    {
      "type": "Feature",
      "geometry": {
        "type": "LineString",
        "coordinates": [
          [
            -99.1704318,
            19.4003382
          ],
          [
            -99.1705368,
            19.3999998
          ],
          [
            -99.1705553,
            19.3999406
          ]
        ]
      },
      "properties": {
        "line_id": "metrobus-1",
        "line_name": "Línea 1",
        "line_color": "#E53935"
      }
    },
    {
      "type": "Feature",
      "geometry": {
        "type": "LineString",
        "coordinates": [
          [
            -99.1705553,
            19.3999406
          ],
          [
            -99.1705719,
            19.3998895
          ]
        ]
      },
      "properties": {
        "line_id": "metrobus-1",
        "line_name": "Línea 1",
        "line_color": "#E53935"
      }
    },
    {
      "type": "Feature",
      "geometry": {
        "type": "LineString",
        "coordinates": [
          [
            -99.1705719,
            19.3998895
          ],
          [
            -99.1705896,
            19.3998358
          ],
          [
            -99.1706801,
            19.3995618
          ]
        ]
      },
      "properties": {
        "line_id": "metrobus-1",
        "line_name": "Línea 1",
        "line_color": "#E53935"
      }
    },
    {
      "type": "Feature",
      "geometry": {
        "type": "LineString",
        "coordinates": [
          [
            -99.1706801,
            19.3995618
          ],
          [
            -99.1707328,
            19.3994024
          ]
        ]
      },
      "properties": {
        "line_id": "metrobus-1",
        "line_name": "Línea 1",
        "line_color": "#E53935"
      }
    },
    {
      "type": "Feature",
      "geometry": {
        "type": "LineString",
        "coordinates": [
          [
            -99.1706801,
            19.3995618
          ],
          [
            -99.1707328,
            19.3994024
          ]
        ]
      },
      "properties": {
        "line_id": "metrobus-1",
        "line_name": "Línea 1",
        "line_color": "#E53935"
      }
    },
    {
      "type": "Feature",
      "geometry": {
        "type": "LineString",
        "coordinates": [
          [
            -99.1705719,
            19.3998895
          ],
          [
            -99.1705896,
            19.3998358
          ],
          [
            -99.1706801,
            19.3995618
          ]
        ]
      },
      "properties": {
        "line_id": "metrobus-1",
        "line_name": "Línea 1",
        "line_color": "#E53935"
      }
    },
    {
      "type": "Feature",
      "geometry": {
        "type": "LineString",
        "coordinates": [
          [
            -99.1705553,
            19.3999406
          ],
          [
            -99.1705719,
            19.3998895
          ]
        ]
      },
      "properties": {
        "line_id": "metrobus-1",
        "line_name": "Línea 1",
        "line_color": "#E53935"
      }
    },
    {
      "type": "Feature",
      "geometry": {
        "type": "LineString",
        "coordinates": [
          [
            -99.1704318,
            19.4003382
          ],
          [
            -99.1705368,
            19.3999998
          ],
          [
            -99.1705553,
            19.3999406
          ]
        ]
      },
      "properties": {
        "line_id": "metrobus-1",
        "line_name": "Línea 1",
        "line_color": "#E53935"
      }
    },
    {
      "type": "Feature",
      "geometry": {
        "type": "LineString",
        "coordinates": [
          [
            -99.1703626,
            19.4005654
          ],
          [
            -99.1704021,
            19.4004357
          ],
          [
            -99.1704318,
            19.4003382
          ]
        ]
      },
      "properties": {
        "line_id": "metrobus-1",
        "line_name": "Línea 1",
        "line_color": "#E53935"
      }
    },
    {
      "type": "Feature",
      "geometry": {
        "type": "LineString",
        "coordinates": [
          [
            -99.1701912,
            19.4010877
          ],
          [
            -99.1702273,
            19.4009775
          ],
          [
            -99.1703226,
            19.4006872
          ],
          [
            -99.1703626,
            19.4005654
          ]
        ]
      },
      "properties": {
        "line_id": "metrobus-1",
        "line_name": "Línea 1",
        "line_color": "#E53935"
      }
    },
    {
      "type": "Feature",
      "geometry": {
        "type": "LineString",
        "coordinates": [
          [
            -99.1704318,
            19.4003382
          ],
          [
            -99.1705368,
            19.3999998
          ],
          [
            -99.1705553,
            19.3999406
          ]
        ]
      },
      "properties": {
        "line_id": "metrobus-1",
        "line_name": "Línea 1",
        "line_color": "#E53935"
      }
    },
    {
      "type": "Feature",
      "geometry": {
        "type": "LineString",
        "coordinates": [
          [
            -99.1705553,
            19.3999406
          ],
          [
            -99.1705719,
            19.3998895
          ]
        ]
      },
      "properties": {
        "line_id": "metrobus-1",
        "line_name": "Línea 1",
        "line_color": "#E53935"
      }
    },
    {
      "type": "Feature",
      "geometry": {
        "type": "LineString",
        "coordinates": [
          [
            -99.1705719,
            19.3998895
          ],
          [
            -99.1705896,
            19.3998358
          ],
          [
            -99.1706801,
            19.3995618
          ]
        ]
      },
      "properties": {
        "line_id": "metrobus-1",
        "line_name": "Línea 1",
        "line_color": "#E53935"
      }
    },
    {
      "type": "Feature",
      "geometry": {
        "type": "LineString",
        "coordinates": [
          [
            -99.1706801,
            19.3995618
          ],
          [
            -99.1707328,
            19.3994024
          ]
        ]
      },
      "properties": {
        "line_id": "metrobus-1",
        "line_name": "Línea 1",
        "line_color": "#E53935"
      }
    },
    {
      "type": "Feature",
      "geometry": {
        "type": "LineString",
        "coordinates": [
          [
            -99.1707328,
            19.3994024
          ],
          [
            -99.1708958,
            19.3989105
          ]
        ]
      },
      "properties": {
        "line_id": "metrobus-1",
        "line_name": "Línea 1",
        "line_color": "#E53935"
      }
    },
    {
      "type": "Feature",
      "geometry": {
        "type": "LineString",
        "coordinates": [
          [
            -99.1708958,
            19.3989105
          ],
          [
            -99.1710323,
            19.3984983
          ],
          [
            -99.1710543,
            19.3984318
          ]
        ]
      },
      "properties": {
        "line_id": "metrobus-1",
        "line_name": "Línea 1",
        "line_color": "#E53935"
      }
    },
    {
      "type": "Feature",
      "geometry": {
        "type": "LineString",
        "coordinates": [
          [
            -99.1708958,
            19.3989105
          ],
          [
            -99.1710323,
            19.3984983
          ],
          [
            -99.1710543,
            19.3984318
          ]
        ]
      },
      "properties": {
        "line_id": "metrobus-1",
        "line_name": "Línea 1",
        "line_color": "#E53935"
      }
    },
    {
      "type": "Feature",
      "geometry": {
        "type": "LineString",
        "coordinates": [
          [
            -99.1707328,
            19.3994024
          ],
          [
            -99.1708958,
            19.3989105
          ]
        ]
      },
      "properties": {
        "line_id": "metrobus-1",
        "line_name": "Línea 1",
        "line_color": "#E53935"
      }
    },
    {
      "type": "Feature",
      "geometry": {
        "type": "LineString",
        "coordinates": [
          [
            -99.1710543,
            19.3984318
          ],
          [
            -99.1710864,
            19.3983325
          ],
          [
            -99.1710915,
            19.3983168
          ],
          [
            -99.1715649,
            19.3968531
          ],
          [
            -99.1716702,
            19.3965276
          ]
        ]
      },
      "properties": {
        "line_id": "metrobus-1",
        "line_name": "Línea 1",
        "line_color": "#E53935"
      }
    },
    {
      "type": "Feature",
      "geometry": {
        "type": "LineString",
        "coordinates": [
          [
            -99.1710543,
            19.3984318
          ],
          [
            -99.1710864,
            19.3983325
          ],
          [
            -99.1710915,
            19.3983168
          ],
          [
            -99.1715649,
            19.3968531
          ],
          [
            -99.1716702,
            19.3965276
          ]
        ]
      },
      "properties": {
        "line_id": "metrobus-1",
        "line_name": "Línea 1",
        "line_color": "#E53935"
      }
    },
    {
      "type": "Feature",
      "geometry": {
        "type": "LineString",
        "coordinates": [
          [
            -99.1716702,
            19.3965276
          ],
          [
            -99.1717749,
            19.3962039
          ],
          [
            -99.1717925,
            19.3961494
          ]
        ]
      },
      "properties": {
        "line_id": "metrobus-1",
        "line_name": "Línea 1",
        "line_color": "#E53935"
      }
    },
    {
      "type": "Feature",
      "geometry": {
        "type": "LineString",
        "coordinates": [
          [
            -99.1717925,
            19.3961494
          ],
          [
            -99.1718196,
            19.396067
          ],
          [
            -99.1719574,
            19.3956475
          ],
          [
            -99.1721212,
            19.3951533
          ],
          [
            -99.1722769,
            19.394677
          ],
          [
            -99.1723818,
            19.3943399
          ]
        ]
      },
      "properties": {
        "line_id": "metrobus-1",
        "line_name": "Línea 1",
        "line_color": "#E53935"
      }
    },
    {
      "type": "Feature",
      "geometry": {
        "type": "LineString",
        "coordinates": [
          [
            -99.1717925,
            19.3961494
          ],
          [
            -99.1718196,
            19.396067
          ],
          [
            -99.1719574,
            19.3956475
          ],
          [
            -99.1721212,
            19.3951533
          ],
          [
            -99.1722769,
            19.394677
          ],
          [
            -99.1723818,
            19.3943399
          ]
        ]
      },
      "properties": {
        "line_id": "metrobus-1",
        "line_name": "Línea 1",
        "line_color": "#E53935"
      }
    },
    {
      "type": "Feature",
      "geometry": {
        "type": "LineString",
        "coordinates": [
          [
            -99.1717925,
            19.3961494
          ],
          [
            -99.1718196,
            19.396067
          ],
          [
            -99.1719574,
            19.3956475
          ],
          [
            -99.1721212,
            19.3951533
          ],
          [
            -99.1722769,
            19.394677
          ],
          [
            -99.1723818,
            19.3943399
          ]
        ]
      },
      "properties": {
        "line_id": "metrobus-1",
        "line_name": "Línea 1",
        "line_color": "#E53935"
      }
    },
    {
      "type": "Feature",
      "geometry": {
        "type": "LineString",
        "coordinates": [
          [
            -99.1723818,
            19.3943399
          ],
          [
            -99.1724666,
            19.3940672
          ],
          [
            -99.172497,
            19.3939768
          ]
        ]
      },
      "properties": {
        "line_id": "metrobus-1",
        "line_name": "Línea 1",
        "line_color": "#E53935"
      }
    },
    {
      "type": "Feature",
      "geometry": {
        "type": "LineString",
        "coordinates": [
          [
            -99.172497,
            19.3939768
          ],
          [
            -99.1724976,
            19.3939749
          ],
          [
            -99.1726523,
            19.3935012
          ],
          [
            -99.1727729,
            19.3931288
          ]
        ]
      },
      "properties": {
        "line_id": "metrobus-1",
        "line_name": "Línea 1",
        "line_color": "#E53935"
      }
    },
    {
      "type": "Feature",
      "geometry": {
        "type": "LineString",
        "coordinates": [
          [
            -99.172497,
            19.3939768
          ],
          [
            -99.1724976,
            19.3939749
          ],
          [
            -99.1726523,
            19.3935012
          ],
          [
            -99.1727729,
            19.3931288
          ]
        ]
      },
      "properties": {
        "line_id": "metrobus-1",
        "line_name": "Línea 1",
        "line_color": "#E53935"
      }
    },
    {
      "type": "Feature",
      "geometry": {
        "type": "LineString",
        "coordinates": [
          [
            -99.1723818,
            19.3943399
          ],
          [
            -99.1724666,
            19.3940672
          ],
          [
            -99.172497,
            19.3939768
          ]
        ]
      },
      "properties": {
        "line_id": "metrobus-1",
        "line_name": "Línea 1",
        "line_color": "#E53935"
      }
    },
    {
      "type": "Feature",
      "geometry": {
        "type": "LineString",
        "coordinates": [
          [
            -99.1717925,
            19.3961494
          ],
          [
            -99.1718196,
            19.396067
          ],
          [
            -99.1719574,
            19.3956475
          ],
          [
            -99.1721212,
            19.3951533
          ],
          [
            -99.1722769,
            19.394677
          ],
          [
            -99.1723818,
            19.3943399
          ]
        ]
      },
      "properties": {
        "line_id": "metrobus-1",
        "line_name": "Línea 1",
        "line_color": "#E53935"
      }
    },
    {
      "type": "Feature",
      "geometry": {
        "type": "LineString",
        "coordinates": [
          [
            -99.1727729,
            19.3931288
          ],
          [
            -99.1728471,
            19.3928972
          ],
          [
            -99.1728677,
            19.3928322
          ],
          [
            -99.1728934,
            19.3927511
          ]
        ]
      },
      "properties": {
        "line_id": "metrobus-1",
        "line_name": "Línea 1",
        "line_color": "#E53935"
      }
    },
    {
      "type": "Feature",
      "geometry": {
        "type": "LineString",
        "coordinates": [
          [
            -99.1728934,
            19.3927511
          ],
          [
            -99.172923,
            19.3926589
          ],
          [
            -99.173029,
            19.3923282
          ],
          [
            -99.1732462,
            19.3916514
          ],
          [
            -99.1734985,
            19.3908651
          ],
          [
            -99.1736831,
            19.3902897
          ],
          [
            -99.1737241,
            19.3901619
          ]
        ]
      },
      "properties": {
        "line_id": "metrobus-1",
        "line_name": "Línea 1",
        "line_color": "#E53935"
      }
    },
    {
      "type": "Feature",
      "geometry": {
        "type": "LineString",
        "coordinates": [
          [
            -99.1728934,
            19.3927511
          ],
          [
            -99.172923,
            19.3926589
          ],
          [
            -99.173029,
            19.3923282
          ],
          [
            -99.1732462,
            19.3916514
          ],
          [
            -99.1734985,
            19.3908651
          ],
          [
            -99.1736831,
            19.3902897
          ],
          [
            -99.1737241,
            19.3901619
          ]
        ]
      },
      "properties": {
        "line_id": "metrobus-1",
        "line_name": "Línea 1",
        "line_color": "#E53935"
      }
    },
    {
      "type": "Feature",
      "geometry": {
        "type": "LineString",
        "coordinates": [
          [
            -99.1727729,
            19.3931288
          ],
          [
            -99.1728471,
            19.3928972
          ],
          [
            -99.1728677,
            19.3928322
          ],
          [
            -99.1728934,
            19.3927511
          ]
        ]
      },
      "properties": {
        "line_id": "metrobus-1",
        "line_name": "Línea 1",
        "line_color": "#E53935"
      }
    },
    {
      "type": "Feature",
      "geometry": {
        "type": "LineString",
        "coordinates": [
          [
            -99.172497,
            19.3939768
          ],
          [
            -99.1724976,
            19.3939749
          ],
          [
            -99.1726523,
            19.3935012
          ],
          [
            -99.1727729,
            19.3931288
          ]
        ]
      },
      "properties": {
        "line_id": "metrobus-1",
        "line_name": "Línea 1",
        "line_color": "#E53935"
      }
    },
    {
      "type": "Feature",
      "geometry": {
        "type": "LineString",
        "coordinates": [
          [
            -99.1723818,
            19.3943399
          ],
          [
            -99.1724666,
            19.3940672
          ],
          [
            -99.172497,
            19.3939768
          ]
        ]
      },
      "properties": {
        "line_id": "metrobus-1",
        "line_name": "Línea 1",
        "line_color": "#E53935"
      }
    },
    {
      "type": "Feature",
      "geometry": {
        "type": "LineString",
        "coordinates": [
          [
            -99.1737241,
            19.3901619
          ],
          [
            -99.1737268,
            19.3901536
          ],
          [
            -99.1737652,
            19.390036
          ],
          [
            -99.1741311,
            19.3889159
          ],
          [
            -99.174285,
            19.3884448
          ],
          [
            -99.174847,
            19.3867097
          ]
        ]
      },
      "properties": {
        "line_id": "metrobus-1",
        "line_name": "Línea 1",
        "line_color": "#E53935"
      }
    },
    {
      "type": "Feature",
      "geometry": {
        "type": "LineString",
        "coordinates": [
          [
            -99.1737241,
            19.3901619
          ],
          [
            -99.1737268,
            19.3901536
          ],
          [
            -99.1737652,
            19.390036
          ],
          [
            -99.1741311,
            19.3889159
          ],
          [
            -99.174285,
            19.3884448
          ],
          [
            -99.174847,
            19.3867097
          ]
        ]
      },
      "properties": {
        "line_id": "metrobus-1",
        "line_name": "Línea 1",
        "line_color": "#E53935"
      }
    },
    {
      "type": "Feature",
      "geometry": {
        "type": "LineString",
        "coordinates": [
          [
            -99.174847,
            19.3867097
          ],
          [
            -99.1749358,
            19.3864395
          ],
          [
            -99.1749733,
            19.3863252
          ],
          [
            -99.1750043,
            19.3862262
          ]
        ]
      },
      "properties": {
        "line_id": "metrobus-1",
        "line_name": "Línea 1",
        "line_color": "#E53935"
      }
    },
    {
      "type": "Feature",
      "geometry": {
        "type": "LineString",
        "coordinates": [
          [
            -99.1750043,
            19.3862262
          ],
          [
            -99.1750474,
            19.386091
          ]
        ]
      },
      "properties": {
        "line_id": "metrobus-1",
        "line_name": "Línea 1",
        "line_color": "#E53935"
      }
    },
    {
      "type": "Feature",
      "geometry": {
        "type": "LineString",
        "coordinates": [
          [
            -99.1750474,
            19.386091
          ],
          [
            -99.1750845,
            19.385976
          ],
          [
            -99.1756194,
            19.3843198
          ]
        ]
      },
      "properties": {
        "line_id": "metrobus-1",
        "line_name": "Línea 1",
        "line_color": "#E53935"
      }
    },
    {
      "type": "Feature",
      "geometry": {
        "type": "LineString",
        "coordinates": [
          [
            -99.1756194,
            19.3843198
          ],
          [
            -99.1757696,
            19.3838474
          ]
        ]
      },
      "properties": {
        "line_id": "metrobus-1",
        "line_name": "Línea 1",
        "line_color": "#E53935"
      }
    },
    {
      "type": "Feature",
      "geometry": {
        "type": "LineString",
        "coordinates": [
          [
            -99.1757696,
            19.3838474
          ],
          [
            -99.1759197,
            19.383375
          ]
        ]
      },
      "properties": {
        "line_id": "metrobus-1",
        "line_name": "Línea 1",
        "line_color": "#E53935"
      }
    },
    {
      "type": "Feature",
      "geometry": {
        "type": "LineString",
        "coordinates": [
          [
            -99.1757696,
            19.3838474
          ],
          [
            -99.1759197,
            19.383375
          ]
        ]
      },
      "properties": {
        "line_id": "metrobus-1",
        "line_name": "Línea 1",
        "line_color": "#E53935"
      }
    },
    {
      "type": "Feature",
      "geometry": {
        "type": "LineString",
        "coordinates": [
          [
            -99.1757696,
            19.3838474
          ],
          [
            -99.1759197,
            19.383375
          ]
        ]
      },
      "properties": {
        "line_id": "metrobus-1",
        "line_name": "Línea 1",
        "line_color": "#E53935"
      }
    },
    {
      "type": "Feature",
      "geometry": {
        "type": "LineString",
        "coordinates": [
          [
            -99.1759197,
            19.383375
          ],
          [
            -99.1759719,
            19.383215
          ],
          [
            -99.1760404,
            19.3830051
          ]
        ]
      },
      "properties": {
        "line_id": "metrobus-1",
        "line_name": "Línea 1",
        "line_color": "#E53935"
      }
    },
    {
      "type": "Feature",
      "geometry": {
        "type": "LineString",
        "coordinates": [
          [
            -99.1759197,
            19.383375
          ],
          [
            -99.1759719,
            19.383215
          ],
          [
            -99.1760404,
            19.3830051
          ]
        ]
      },
      "properties": {
        "line_id": "metrobus-1",
        "line_name": "Línea 1",
        "line_color": "#E53935"
      }
    },
    {
      "type": "Feature",
      "geometry": {
        "type": "LineString",
        "coordinates": [
          [
            -99.1760404,
            19.3830051
          ],
          [
            -99.1761012,
            19.382816
          ],
          [
            -99.1761727,
            19.382585
          ],
          [
            -99.1762751,
            19.3822742
          ],
          [
            -99.1764422,
            19.3817263
          ],
          [
            -99.1767772,
            19.3807102
          ],
          [
            -99.1767834,
            19.3806906
          ],
          [
            -99.1768319,
            19.3805395
          ]
        ]
      },
      "properties": {
        "line_id": "metrobus-1",
        "line_name": "Línea 1",
        "line_color": "#E53935"
      }
    },
    {
      "type": "Feature",
      "geometry": {
        "type": "LineString",
        "coordinates": [
          [
            -99.1768319,
            19.3805395
          ],
          [
            -99.1769323,
            19.380227
          ],
          [
            -99.1769548,
            19.3801502
          ]
        ]
      },
      "properties": {
        "line_id": "metrobus-1",
        "line_name": "Línea 1",
        "line_color": "#E53935"
      }
    },
    {
      "type": "Feature",
      "geometry": {
        "type": "LineString",
        "coordinates": [
          [
            -99.1769548,
            19.3801502
          ],
          [
            -99.1769801,
            19.3800698
          ]
        ]
      },
      "properties": {
        "line_id": "metrobus-1",
        "line_name": "Línea 1",
        "line_color": "#E53935"
      }
    },
    {
      "type": "Feature",
      "geometry": {
        "type": "LineString",
        "coordinates": [
          [
            -99.1769801,
            19.3800698
          ],
          [
            -99.177011,
            19.3799853
          ],
          [
            -99.1770138,
            19.3799769
          ],
          [
            -99.1773564,
            19.3789366
          ],
          [
            -99.1775047,
            19.3784862
          ],
          [
            -99.1776229,
            19.3781274
          ],
          [
            -99.1776803,
            19.3779531
          ],
          [
            -99.1778161,
            19.3775405
          ],
          [
            -99.1780064,
            19.3769627
          ]
        ]
      },
      "properties": {
        "line_id": "metrobus-1",
        "line_name": "Línea 1",
        "line_color": "#E53935"
      }
    },
    {
      "type": "Feature",
      "geometry": {
        "type": "LineString",
        "coordinates": [
          [
            -99.1769548,
            19.3801502
          ],
          [
            -99.1769801,
            19.3800698
          ]
        ]
      },
      "properties": {
        "line_id": "metrobus-1",
        "line_name": "Línea 1",
        "line_color": "#E53935"
      }
    },
    {
      "type": "Feature",
      "geometry": {
        "type": "LineString",
        "coordinates": [
          [
            -99.1769801,
            19.3800698
          ],
          [
            -99.177011,
            19.3799853
          ],
          [
            -99.1770138,
            19.3799769
          ],
          [
            -99.1773564,
            19.3789366
          ],
          [
            -99.1775047,
            19.3784862
          ],
          [
            -99.1776229,
            19.3781274
          ],
          [
            -99.1776803,
            19.3779531
          ],
          [
            -99.1778161,
            19.3775405
          ],
          [
            -99.1780064,
            19.3769627
          ]
        ]
      },
      "properties": {
        "line_id": "metrobus-1",
        "line_name": "Línea 1",
        "line_color": "#E53935"
      }
    },
    {
      "type": "Feature",
      "geometry": {
        "type": "LineString",
        "coordinates": [
          [
            -99.1768319,
            19.3805395
          ],
          [
            -99.1769323,
            19.380227
          ],
          [
            -99.1769548,
            19.3801502
          ]
        ]
      },
      "properties": {
        "line_id": "metrobus-1",
        "line_name": "Línea 1",
        "line_color": "#E53935"
      }
    },
    {
      "type": "Feature",
      "geometry": {
        "type": "LineString",
        "coordinates": [
          [
            -99.1780064,
            19.3769627
          ],
          [
            -99.1780481,
            19.3768359
          ],
          [
            -99.1780874,
            19.3766955
          ],
          [
            -99.178094,
            19.376672
          ],
          [
            -99.1781129,
            19.3766172
          ]
        ]
      },
      "properties": {
        "line_id": "metrobus-1",
        "line_name": "Línea 1",
        "line_color": "#E53935"
      }
    },
    {
      "type": "Feature",
      "geometry": {
        "type": "LineString",
        "coordinates": [
          [
            -99.1781129,
            19.3766172
          ],
          [
            -99.17813,
            19.376565
          ],
          [
            -99.1786431,
            19.3749956
          ],
          [
            -99.1788854,
            19.3742295
          ]
        ]
      },
      "properties": {
        "line_id": "metrobus-1",
        "line_name": "Línea 1",
        "line_color": "#E53935"
      }
    },
    {
      "type": "Feature",
      "geometry": {
        "type": "LineString",
        "coordinates": [
          [
            -99.1788854,
            19.3742295
          ],
          [
            -99.1790149,
            19.3738587
          ],
          [
            -99.1790486,
            19.3737387
          ]
        ]
      },
      "properties": {
        "line_id": "metrobus-1",
        "line_name": "Línea 1",
        "line_color": "#E53935"
      }
    },
    {
      "type": "Feature",
      "geometry": {
        "type": "LineString",
        "coordinates": [
          [
            -99.1790486,
            19.3737387
          ],
          [
            -99.1790891,
            19.3736138
          ],
          [
            -99.1794602,
            19.3724787
          ],
          [
            -99.1796046,
            19.3720529
          ]
        ]
      },
      "properties": {
        "line_id": "metrobus-1",
        "line_name": "Línea 1",
        "line_color": "#E53935"
      }
    },
    {
      "type": "Feature",
      "geometry": {
        "type": "LineString",
        "coordinates": [
          [
            -99.1790486,
            19.3737387
          ],
          [
            -99.1790891,
            19.3736138
          ],
          [
            -99.1794602,
            19.3724787
          ],
          [
            -99.1796046,
            19.3720529
          ]
        ]
      },
      "properties": {
        "line_id": "metrobus-1",
        "line_name": "Línea 1",
        "line_color": "#E53935"
      }
    },
    {
      "type": "Feature",
      "geometry": {
        "type": "LineString",
        "coordinates": [
          [
            -99.1788854,
            19.3742295
          ],
          [
            -99.1790149,
            19.3738587
          ],
          [
            -99.1790486,
            19.3737387
          ]
        ]
      },
      "properties": {
        "line_id": "metrobus-1",
        "line_name": "Línea 1",
        "line_color": "#E53935"
      }
    },
    {
      "type": "Feature",
      "geometry": {
        "type": "LineString",
        "coordinates": [
          [
            -99.1796046,
            19.3720529
          ],
          [
            -99.179724,
            19.3716949
          ],
          [
            -99.1797463,
            19.3716283
          ]
        ]
      },
      "properties": {
        "line_id": "metrobus-1",
        "line_name": "Línea 1",
        "line_color": "#E53935"
      }
    },
    {
      "type": "Feature",
      "geometry": {
        "type": "LineString",
        "coordinates": [
          [
            -99.1797463,
            19.3716283
          ],
          [
            -99.1797627,
            19.3715759
          ],
          [
            -99.1798629,
            19.3712565
          ],
          [
            -99.1800766,
            19.370575
          ]
        ]
      },
      "properties": {
        "line_id": "metrobus-1",
        "line_name": "Línea 1",
        "line_color": "#E53935"
      }
    },
    {
      "type": "Feature",
      "geometry": {
        "type": "LineString",
        "coordinates": [
          [
            -99.1800766,
            19.370575
          ],
          [
            -99.1801867,
            19.3702413
          ],
          [
            -99.1802069,
            19.3701801
          ]
        ]
      },
      "properties": {
        "line_id": "metrobus-1",
        "line_name": "Línea 1",
        "line_color": "#E53935"
      }
    },
    {
      "type": "Feature",
      "geometry": {
        "type": "LineString",
        "coordinates": [
          [
            -99.1802069,
            19.3701801
          ],
          [
            -99.1802261,
            19.3701212
          ],
          [
            -99.1804205,
            19.3695252
          ],
          [
            -99.1805626,
            19.3691091
          ],
          [
            -99.1807299,
            19.3685853
          ]
        ]
      },
      "properties": {
        "line_id": "metrobus-1",
        "line_name": "Línea 1",
        "line_color": "#E53935"
      }
    },
    {
      "type": "Feature",
      "geometry": {
        "type": "LineString",
        "coordinates": [
          [
            -99.1807299,
            19.3685853
          ],
          [
            -99.1808363,
            19.3682641
          ],
          [
            -99.1808704,
            19.3681613
          ]
        ]
      },
      "properties": {
        "line_id": "metrobus-1",
        "line_name": "Línea 1",
        "line_color": "#E53935"
      }
    },
    {
      "type": "Feature",
      "geometry": {
        "type": "LineString",
        "coordinates": [
          [
            -99.1808704,
            19.3681613
          ],
          [
            -99.1810442,
            19.3676427
          ]
        ]
      },
      "properties": {
        "line_id": "metrobus-1",
        "line_name": "Línea 1",
        "line_color": "#E53935"
      }
    },
    {
      "type": "Feature",
      "geometry": {
        "type": "LineString",
        "coordinates": [
          [
            -99.1810442,
            19.3676427
          ],
          [
            -99.1810749,
            19.3675432
          ],
          [
            -99.1811524,
            19.3672916
          ],
          [
            -99.1811813,
            19.3672008
          ],
          [
            -99.1812988,
            19.3668317
          ],
          [
            -99.1813106,
            19.3667947
          ],
          [
            -99.181322,
            19.3667588
          ],
          [
            -99.1813897,
            19.366546
          ],
          [
            -99.1814688,
            19.3662973
          ]
        ]
      },
      "properties": {
        "line_id": "metrobus-1",
        "line_name": "Línea 1",
        "line_color": "#E53935"
      }
    },
    {
      "type": "Feature",
      "geometry": {
        "type": "LineString",
        "coordinates": [
          [
            -99.1814688,
            19.3662973
          ],
          [
            -99.1815282,
            19.3661104
          ],
          [
            -99.1816027,
            19.3658763
          ]
        ]
      },
      "properties": {
        "line_id": "metrobus-1",
        "line_name": "Línea 1",
        "line_color": "#E53935"
      }
    },
    {
      "type": "Feature",
      "geometry": {
        "type": "LineString",
        "coordinates": [
          [
            -99.1816027,
            19.3658763
          ],
          [
            -99.1819358,
            19.3648981
          ]
        ]
      },
      "properties": {
        "line_id": "metrobus-1",
        "line_name": "Línea 1",
        "line_color": "#E53935"
      }
    },
    {
      "type": "Feature",
      "geometry": {
        "type": "LineString",
        "coordinates": [
          [
            -99.1819358,
            19.3648981
          ],
          [
            -99.18209,
            19.3644145
          ]
        ]
      },
      "properties": {
        "line_id": "metrobus-1",
        "line_name": "Línea 1",
        "line_color": "#E53935"
      }
    },
    {
      "type": "Feature",
      "geometry": {
        "type": "LineString",
        "coordinates": [
          [
            -99.18209,
            19.3644145
          ],
          [
            -99.1821155,
            19.3643329
          ]
        ]
      },
      "properties": {
        "line_id": "metrobus-1",
        "line_name": "Línea 1",
        "line_color": "#E53935"
      }
    },
    {
      "type": "Feature",
      "geometry": {
        "type": "LineString",
        "coordinates": [
          [
            -99.1821155,
            19.3643329
          ],
          [
            -99.1825233,
            19.3630499
          ]
        ]
      },
      "properties": {
        "line_id": "metrobus-1",
        "line_name": "Línea 1",
        "line_color": "#E53935"
      }
    },
    {
      "type": "Feature",
      "geometry": {
        "type": "LineString",
        "coordinates": [
          [
            -99.1825233,
            19.3630499
          ],
          [
            -99.1826066,
            19.3627332
          ],
          [
            -99.1826563,
            19.3626062
          ]
        ]
      },
      "properties": {
        "line_id": "metrobus-1",
        "line_name": "Línea 1",
        "line_color": "#E53935"
      }
    },
    {
      "type": "Feature",
      "geometry": {
        "type": "LineString",
        "coordinates": [
          [
            -99.1826563,
            19.3626062
          ],
          [
            -99.1827084,
            19.3624551
          ]
        ]
      },
      "properties": {
        "line_id": "metrobus-1",
        "line_name": "Línea 1",
        "line_color": "#E53935"
      }
    },
    {
      "type": "Feature",
      "geometry": {
        "type": "LineString",
        "coordinates": [
          [
            -99.1827084,
            19.3624551
          ],
          [
            -99.1827618,
            19.3623157
          ]
        ]
      },
      "properties": {
        "line_id": "metrobus-1",
        "line_name": "Línea 1",
        "line_color": "#E53935"
      }
    },
    {
      "type": "Feature",
      "geometry": {
        "type": "LineString",
        "coordinates": [
          [
            -99.1827618,
            19.3623157
          ],
          [
            -99.1827932,
            19.3622211
          ],
          [
            -99.1828066,
            19.3621818
          ]
        ]
      },
      "properties": {
        "line_id": "metrobus-1",
        "line_name": "Línea 1",
        "line_color": "#E53935"
      }
    },
    {
      "type": "Feature",
      "geometry": {
        "type": "LineString",
        "coordinates": [
          [
            -99.1828066,
            19.3621818
          ],
          [
            -99.1828608,
            19.3620242
          ],
          [
            -99.1834507,
            19.3602044
          ],
          [
            -99.1835265,
            19.3599656
          ],
          [
            -99.1836245,
            19.359657
          ],
          [
            -99.1836838,
            19.3594704
          ]
        ]
      },
      "properties": {
        "line_id": "metrobus-1",
        "line_name": "Línea 1",
        "line_color": "#E53935"
      }
    },
    {
      "type": "Feature",
      "geometry": {
        "type": "LineString",
        "coordinates": [
          [
            -99.1836838,
            19.3594704
          ],
          [
            -99.1838594,
            19.3589177
          ]
        ]
      },
      "properties": {
        "line_id": "metrobus-1",
        "line_name": "Línea 1",
        "line_color": "#E53935"
      }
    },
    {
      "type": "Feature",
      "geometry": {
        "type": "LineString",
        "coordinates": [
          [
            -99.1838594,
            19.3589177
          ],
          [
            -99.1843333,
            19.3574476
          ],
          [
            -99.1846527,
            19.3564669
          ]
        ]
      },
      "properties": {
        "line_id": "metrobus-1",
        "line_name": "Línea 1",
        "line_color": "#E53935"
      }
    },
    {
      "type": "Feature",
      "geometry": {
        "type": "LineString",
        "coordinates": [
          [
            -99.1838594,
            19.3589177
          ],
          [
            -99.1843333,
            19.3574476
          ],
          [
            -99.1846527,
            19.3564669
          ]
        ]
      },
      "properties": {
        "line_id": "metrobus-1",
        "line_name": "Línea 1",
        "line_color": "#E53935"
      }
    },
    {
      "type": "Feature",
      "geometry": {
        "type": "LineString",
        "coordinates": [
          [
            -99.1836838,
            19.3594704
          ],
          [
            -99.1838594,
            19.3589177
          ]
        ]
      },
      "properties": {
        "line_id": "metrobus-1",
        "line_name": "Línea 1",
        "line_color": "#E53935"
      }
    },
    {
      "type": "Feature",
      "geometry": {
        "type": "LineString",
        "coordinates": [
          [
            -99.1846527,
            19.3564669
          ],
          [
            -99.1847954,
            19.3560289
          ]
        ]
      },
      "properties": {
        "line_id": "metrobus-1",
        "line_name": "Línea 1",
        "line_color": "#E53935"
      }
    },
    {
      "type": "Feature",
      "geometry": {
        "type": "LineString",
        "coordinates": [
          [
            -99.1847954,
            19.3560289
          ],
          [
            -99.1850182,
            19.3553335
          ]
        ]
      },
      "properties": {
        "line_id": "metrobus-1",
        "line_name": "Línea 1",
        "line_color": "#E53935"
      }
    },
    {
      "type": "Feature",
      "geometry": {
        "type": "LineString",
        "coordinates": [
          [
            -99.1850182,
            19.3553335
          ],
          [
            -99.1851222,
            19.355009
          ]
        ]
      },
      "properties": {
        "line_id": "metrobus-1",
        "line_name": "Línea 1",
        "line_color": "#E53935"
      }
    },
    {
      "type": "Feature",
      "geometry": {
        "type": "LineString",
        "coordinates": [
          [
            -99.1851222,
            19.355009
          ],
          [
            -99.1852521,
            19.3546097
          ],
          [
            -99.1857208,
            19.3531692
          ],
          [
            -99.1858451,
            19.3527873
          ]
        ]
      },
      "properties": {
        "line_id": "metrobus-1",
        "line_name": "Línea 1",
        "line_color": "#E53935"
      }
    },
    {
      "type": "Feature",
      "geometry": {
        "type": "LineString",
        "coordinates": [
          [
            -99.1851222,
            19.355009
          ],
          [
            -99.1852521,
            19.3546097
          ],
          [
            -99.1857208,
            19.3531692
          ],
          [
            -99.1858451,
            19.3527873
          ]
        ]
      },
      "properties": {
        "line_id": "metrobus-1",
        "line_name": "Línea 1",
        "line_color": "#E53935"
      }
    },
    {
      "type": "Feature",
      "geometry": {
        "type": "LineString",
        "coordinates": [
          [
            -99.1850182,
            19.3553335
          ],
          [
            -99.1851222,
            19.355009
          ]
        ]
      },
      "properties": {
        "line_id": "metrobus-1",
        "line_name": "Línea 1",
        "line_color": "#E53935"
      }
    },
    {
      "type": "Feature",
      "geometry": {
        "type": "LineString",
        "coordinates": [
          [
            -99.1850182,
            19.3553335
          ],
          [
            -99.1851222,
            19.355009
          ]
        ]
      },
      "properties": {
        "line_id": "metrobus-1",
        "line_name": "Línea 1",
        "line_color": "#E53935"
      }
    },
    {
      "type": "Feature",
      "geometry": {
        "type": "LineString",
        "coordinates": [
          [
            -99.1851222,
            19.355009
          ],
          [
            -99.1852521,
            19.3546097
          ],
          [
            -99.1857208,
            19.3531692
          ],
          [
            -99.1858451,
            19.3527873
          ]
        ]
      },
      "properties": {
        "line_id": "metrobus-1",
        "line_name": "Línea 1",
        "line_color": "#E53935"
      }
    },
    {
      "type": "Feature",
      "geometry": {
        "type": "LineString",
        "coordinates": [
          [
            -99.1858451,
            19.3527873
          ],
          [
            -99.1859261,
            19.3525381
          ],
          [
            -99.1859705,
            19.3524017
          ]
        ]
      },
      "properties": {
        "line_id": "metrobus-1",
        "line_name": "Línea 1",
        "line_color": "#E53935"
      }
    },
    {
      "type": "Feature",
      "geometry": {
        "type": "LineString",
        "coordinates": [
          [
            -99.1859705,
            19.3524017
          ],
          [
            -99.1860436,
            19.352175
          ],
          [
            -99.1861028,
            19.3519913
          ]
        ]
      },
      "properties": {
        "line_id": "metrobus-1",
        "line_name": "Línea 1",
        "line_color": "#E53935"
      }
    },
    {
      "type": "Feature",
      "geometry": {
        "type": "LineString",
        "coordinates": [
          [
            -99.1861028,
            19.3519913
          ],
          [
            -99.1862899,
            19.3514112
          ]
        ]
      },
      "properties": {
        "line_id": "metrobus-1",
        "line_name": "Línea 1",
        "line_color": "#E53935"
      }
    },
    {
      "type": "Feature",
      "geometry": {
        "type": "LineString",
        "coordinates": [
          [
            -99.1861028,
            19.3519913
          ],
          [
            -99.1862899,
            19.3514112
          ]
        ]
      },
      "properties": {
        "line_id": "metrobus-1",
        "line_name": "Línea 1",
        "line_color": "#E53935"
      }
    },
    {
      "type": "Feature",
      "geometry": {
        "type": "LineString",
        "coordinates": [
          [
            -99.1859705,
            19.3524017
          ],
          [
            -99.1860436,
            19.352175
          ],
          [
            -99.1861028,
            19.3519913
          ]
        ]
      },
      "properties": {
        "line_id": "metrobus-1",
        "line_name": "Línea 1",
        "line_color": "#E53935"
      }
    },
    {
      "type": "Feature",
      "geometry": {
        "type": "LineString",
        "coordinates": [
          [
            -99.1858451,
            19.3527873
          ],
          [
            -99.1859261,
            19.3525381
          ],
          [
            -99.1859705,
            19.3524017
          ]
        ]
      },
      "properties": {
        "line_id": "metrobus-1",
        "line_name": "Línea 1",
        "line_color": "#E53935"
      }
    },
    {
      "type": "Feature",
      "geometry": {
        "type": "LineString",
        "coordinates": [
          [
            -99.1862899,
            19.3514112
          ],
          [
            -99.1863458,
            19.3512405
          ],
          [
            -99.1864631,
            19.3508676
          ]
        ]
      },
      "properties": {
        "line_id": "metrobus-1",
        "line_name": "Línea 1",
        "line_color": "#E53935"
      }
    },
    {
      "type": "Feature",
      "geometry": {
        "type": "LineString",
        "coordinates": [
          [
            -99.1864631,
            19.3508676
          ],
          [
            -99.1865886,
            19.3504864
          ],
          [
            -99.1866228,
            19.3503826
          ]
        ]
      },
      "properties": {
        "line_id": "metrobus-1",
        "line_name": "Línea 1",
        "line_color": "#E53935"
      }
    },
    {
      "type": "Feature",
      "geometry": {
        "type": "LineString",
        "coordinates": [
          [
            -99.1866228,
            19.3503826
          ],
          [
            -99.1866579,
            19.350258
          ]
        ]
      },
      "properties": {
        "line_id": "metrobus-1",
        "line_name": "Línea 1",
        "line_color": "#E53935"
      }
    },
    {
      "type": "Feature",
      "geometry": {
        "type": "LineString",
        "coordinates": [
          [
            -99.1866579,
            19.350258
          ],
          [
            -99.1866872,
            19.3501714
          ],
          [
            -99.1868489,
            19.349694
          ]
        ]
      },
      "properties": {
        "line_id": "metrobus-1",
        "line_name": "Línea 1",
        "line_color": "#E53935"
      }
    },
    {
      "type": "Feature",
      "geometry": {
        "type": "LineString",
        "coordinates": [
          [
            -99.1866579,
            19.350258
          ],
          [
            -99.1866872,
            19.3501714
          ],
          [
            -99.1868489,
            19.349694
          ]
        ]
      },
      "properties": {
        "line_id": "metrobus-1",
        "line_name": "Línea 1",
        "line_color": "#E53935"
      }
    },
    {
      "type": "Feature",
      "geometry": {
        "type": "LineString",
        "coordinates": [
          [
            -99.1866228,
            19.3503826
          ],
          [
            -99.1866579,
            19.350258
          ]
        ]
      },
      "properties": {
        "line_id": "metrobus-1",
        "line_name": "Línea 1",
        "line_color": "#E53935"
      }
    },
    {
      "type": "Feature",
      "geometry": {
        "type": "LineString",
        "coordinates": [
          [
            -99.1866228,
            19.3503826
          ],
          [
            -99.1866579,
            19.350258
          ]
        ]
      },
      "properties": {
        "line_id": "metrobus-1",
        "line_name": "Línea 1",
        "line_color": "#E53935"
      }
    },
    {
      "type": "Feature",
      "geometry": {
        "type": "LineString",
        "coordinates": [
          [
            -99.1866579,
            19.350258
          ],
          [
            -99.1866872,
            19.3501714
          ],
          [
            -99.1868489,
            19.349694
          ]
        ]
      },
      "properties": {
        "line_id": "metrobus-1",
        "line_name": "Línea 1",
        "line_color": "#E53935"
      }
    },
    {
      "type": "Feature",
      "geometry": {
        "type": "LineString",
        "coordinates": [
          [
            -99.1868489,
            19.349694
          ],
          [
            -99.1869896,
            19.349279
          ]
        ]
      },
      "properties": {
        "line_id": "metrobus-1",
        "line_name": "Línea 1",
        "line_color": "#E53935"
      }
    },
    {
      "type": "Feature",
      "geometry": {
        "type": "LineString",
        "coordinates": [
          [
            -99.1869896,
            19.349279
          ],
          [
            -99.1870236,
            19.3491755
          ]
        ]
      },
      "properties": {
        "line_id": "metrobus-1",
        "line_name": "Línea 1",
        "line_color": "#E53935"
      }
    },
    {
      "type": "Feature",
      "geometry": {
        "type": "LineString",
        "coordinates": [
          [
            -99.1870236,
            19.3491755
          ],
          [
            -99.1872076,
            19.3486126
          ]
        ]
      },
      "properties": {
        "line_id": "metrobus-1",
        "line_name": "Línea 1",
        "line_color": "#E53935"
      }
    },
    {
      "type": "Feature",
      "geometry": {
        "type": "LineString",
        "coordinates": [
          [
            -99.1870236,
            19.3491755
          ],
          [
            -99.1872076,
            19.3486126
          ]
        ]
      },
      "properties": {
        "line_id": "metrobus-1",
        "line_name": "Línea 1",
        "line_color": "#E53935"
      }
    },
    {
      "type": "Feature",
      "geometry": {
        "type": "LineString",
        "coordinates": [
          [
            -99.1869896,
            19.349279
          ],
          [
            -99.1870236,
            19.3491755
          ]
        ]
      },
      "properties": {
        "line_id": "metrobus-1",
        "line_name": "Línea 1",
        "line_color": "#E53935"
      }
    },
    {
      "type": "Feature",
      "geometry": {
        "type": "LineString",
        "coordinates": [
          [
            -99.1868489,
            19.349694
          ],
          [
            -99.1869896,
            19.349279
          ]
        ]
      },
      "properties": {
        "line_id": "metrobus-1",
        "line_name": "Línea 1",
        "line_color": "#E53935"
      }
    },
    {
      "type": "Feature",
      "geometry": {
        "type": "LineString",
        "coordinates": [
          [
            -99.1872076,
            19.3486126
          ],
          [
            -99.1872923,
            19.3483536
          ],
          [
            -99.1873977,
            19.348031
          ]
        ]
      },
      "properties": {
        "line_id": "metrobus-1",
        "line_name": "Línea 1",
        "line_color": "#E53935"
      }
    },
    {
      "type": "Feature",
      "geometry": {
        "type": "LineString",
        "coordinates": [
          [
            -99.1873977,
            19.348031
          ],
          [
            -99.1875296,
            19.3476278
          ]
        ]
      },
      "properties": {
        "line_id": "metrobus-1",
        "line_name": "Línea 1",
        "line_color": "#E53935"
      }
    },
    {
      "type": "Feature",
      "geometry": {
        "type": "LineString",
        "coordinates": [
          [
            -99.1875296,
            19.3476278
          ],
          [
            -99.1875832,
            19.3474794
          ],
          [
            -99.1876266,
            19.3473593
          ]
        ]
      },
      "properties": {
        "line_id": "metrobus-1",
        "line_name": "Línea 1",
        "line_color": "#E53935"
      }
    },
    {
      "type": "Feature",
      "geometry": {
        "type": "LineString",
        "coordinates": [
          [
            -99.1876266,
            19.3473593
          ],
          [
            -99.1876717,
            19.3472452
          ],
          [
            -99.1877032,
            19.3471648
          ],
          [
            -99.1879302,
            19.3465594
          ],
          [
            -99.1884934,
            19.3450568
          ],
          [
            -99.1888204,
            19.3442181
          ],
          [
            -99.1890005,
            19.3437221
          ],
          [
            -99.1892476,
            19.3430717
          ],
          [
            -99.1892685,
            19.3430136
          ]
        ]
      },
      "properties": {
        "line_id": "metrobus-1",
        "line_name": "Línea 1",
        "line_color": "#E53935"
      }
    },
    {
      "type": "Feature",
      "geometry": {
        "type": "LineString",
        "coordinates": [
          [
            -99.1892685,
            19.3430136
          ],
          [
            -99.1894246,
            19.3426028
          ]
        ]
      },
      "properties": {
        "line_id": "metrobus-1",
        "line_name": "Línea 1",
        "line_color": "#E53935"
      }
    },
    {
      "type": "Feature",
      "geometry": {
        "type": "LineString",
        "coordinates": [
          [
            -99.1894246,
            19.3426028
          ],
          [
            -99.1897256,
            19.3418112
          ]
        ]
      },
      "properties": {
        "line_id": "metrobus-1",
        "line_name": "Línea 1",
        "line_color": "#E53935"
      }
    },
    {
      "type": "Feature",
      "geometry": {
        "type": "LineString",
        "coordinates": [
          [
            -99.1897256,
            19.3418112
          ],
          [
            -99.1898341,
            19.3415275
          ]
        ]
      },
      "properties": {
        "line_id": "metrobus-1",
        "line_name": "Línea 1",
        "line_color": "#E53935"
      }
    },
    {
      "type": "Feature",
      "geometry": {
        "type": "LineString",
        "coordinates": [
          [
            -99.1898341,
            19.3415275
          ],
          [
            -99.1903544,
            19.3401472
          ]
        ]
      },
      "properties": {
        "line_id": "metrobus-1",
        "line_name": "Línea 1",
        "line_color": "#E53935"
      }
    },
    {
      "type": "Feature",
      "geometry": {
        "type": "LineString",
        "coordinates": [
          [
            -99.1903544,
            19.3401472
          ],
          [
            -99.1904537,
            19.3398666
          ]
        ]
      },
      "properties": {
        "line_id": "metrobus-1",
        "line_name": "Línea 1",
        "line_color": "#E53935"
      }
    },
    {
      "type": "Feature",
      "geometry": {
        "type": "LineString",
        "coordinates": [
          [
            -99.1904537,
            19.3398666
          ],
          [
            -99.1904992,
            19.3396727
          ]
        ]
      },
      "properties": {
        "line_id": "metrobus-1",
        "line_name": "Línea 1",
        "line_color": "#E53935"
      }
    },
    {
      "type": "Feature",
      "geometry": {
        "type": "LineString",
        "coordinates": [
          [
            -99.1904992,
            19.3396727
          ],
          [
            -99.1905081,
            19.3396278
          ],
          [
            -99.1905251,
            19.339524
          ],
          [
            -99.1905348,
            19.3394249
          ]
        ]
      },
      "properties": {
        "line_id": "metrobus-1",
        "line_name": "Línea 1",
        "line_color": "#E53935"
      }
    },
    {
      "type": "Feature",
      "geometry": {
        "type": "LineString",
        "coordinates": [
          [
            -99.1905348,
            19.3394249
          ],
          [
            -99.1905332,
            19.339351
          ],
          [
            -99.1905246,
            19.3391244
          ]
        ]
      },
      "properties": {
        "line_id": "metrobus-1",
        "line_name": "Línea 1",
        "line_color": "#E53935"
      }
    },
    {
      "type": "Feature",
      "geometry": {
        "type": "LineString",
        "coordinates": [
          [
            -99.1905246,
            19.3391244
          ],
          [
            -99.1905063,
            19.3389437
          ]
        ]
      },
      "properties": {
        "line_id": "metrobus-1",
        "line_name": "Línea 1",
        "line_color": "#E53935"
      }
    },
    {
      "type": "Feature",
      "geometry": {
        "type": "LineString",
        "coordinates": [
          [
            -99.1905063,
            19.3389437
          ],
          [
            -99.1904866,
            19.3388221
          ],
          [
            -99.1904706,
            19.3387239
          ]
        ]
      },
      "properties": {
        "line_id": "metrobus-1",
        "line_name": "Línea 1",
        "line_color": "#E53935"
      }
    },
    {
      "type": "Feature",
      "geometry": {
        "type": "LineString",
        "coordinates": [
          [
            -99.1904706,
            19.3387239
          ],
          [
            -99.1904372,
            19.3386097
          ],
          [
            -99.1903963,
            19.3384194
          ]
        ]
      },
      "properties": {
        "line_id": "metrobus-1",
        "line_name": "Línea 1",
        "line_color": "#E53935"
      }
    },
    {
      "type": "Feature",
      "geometry": {
        "type": "LineString",
        "coordinates": [
          [
            -99.1903963,
            19.3384194
          ],
          [
            -99.190375,
            19.3382762
          ],
          [
            -99.1903526,
            19.3380908
          ],
          [
            -99.1903297,
            19.3378843
          ]
        ]
      },
      "properties": {
        "line_id": "metrobus-1",
        "line_name": "Línea 1",
        "line_color": "#E53935"
      }
    },
    {
      "type": "Feature",
      "geometry": {
        "type": "LineString",
        "coordinates": [
          [
            -99.1903297,
            19.3378843
          ],
          [
            -99.1902902,
            19.3374969
          ]
        ]
      },
      "properties": {
        "line_id": "metrobus-1",
        "line_name": "Línea 1",
        "line_color": "#E53935"
      }
    },
    {
      "type": "Feature",
      "geometry": {
        "type": "LineString",
        "coordinates": [
          [
            -99.1902902,
            19.3374969
          ],
          [
            -99.1902732,
            19.3373366
          ]
        ]
      },
      "properties": {
        "line_id": "metrobus-1",
        "line_name": "Línea 1",
        "line_color": "#E53935"
      }
    },
    {
      "type": "Feature",
      "geometry": {
        "type": "LineString",
        "coordinates": [
          [
            -99.1902732,
            19.3373366
          ],
          [
            -99.1901999,
            19.3367766
          ]
        ]
      },
      "properties": {
        "line_id": "metrobus-1",
        "line_name": "Línea 1",
        "line_color": "#E53935"
      }
    },
    {
      "type": "Feature",
      "geometry": {
        "type": "LineString",
        "coordinates": [
          [
            -99.1901999,
            19.3367766
          ],
          [
            -99.1901655,
            19.3365022
          ]
        ]
      },
      "properties": {
        "line_id": "metrobus-1",
        "line_name": "Línea 1",
        "line_color": "#E53935"
      }
    },
    {
      "type": "Feature",
      "geometry": {
        "type": "LineString",
        "coordinates": [
          [
            -99.1901655,
            19.3365022
          ],
          [
            -99.1901048,
            19.3360113
          ],
          [
            -99.1900775,
            19.3356858
          ]
        ]
      },
      "properties": {
        "line_id": "metrobus-1",
        "line_name": "Línea 1",
        "line_color": "#E53935"
      }
    },
    {
      "type": "Feature",
      "geometry": {
        "type": "LineString",
        "coordinates": [
          [
            -99.1900775,
            19.3356858
          ],
          [
            -99.1900416,
            19.3351892
          ],
          [
            -99.1900302,
            19.3345696
          ],
          [
            -99.1900218,
            19.3342597
          ],
          [
            -99.1900066,
            19.3340083
          ],
          [
            -99.1899882,
            19.333754
          ],
          [
            -99.189958,
            19.333451
          ],
          [
            -99.1899006,
            19.3330315
          ]
        ]
      },
      "properties": {
        "line_id": "metrobus-1",
        "line_name": "Línea 1",
        "line_color": "#E53935"
      }
    },
    {
      "type": "Feature",
      "geometry": {
        "type": "LineString",
        "coordinates": [
          [
            -99.1899006,
            19.3330315
          ],
          [
            -99.1897106,
            19.3313595
          ]
        ]
      },
      "properties": {
        "line_id": "metrobus-1",
        "line_name": "Línea 1",
        "line_color": "#E53935"
      }
    },
    {
      "type": "Feature",
      "geometry": {
        "type": "LineString",
        "coordinates": [
          [
            -99.1897106,
            19.3313595
          ],
          [
            -99.1896627,
            19.3309246
          ]
        ]
      },
      "properties": {
        "line_id": "metrobus-1",
        "line_name": "Línea 1",
        "line_color": "#E53935"
      }
    },
    {
      "type": "Feature",
      "geometry": {
        "type": "LineString",
        "coordinates": [
          [
            -99.1896627,
            19.3309246
          ],
          [
            -99.1896107,
            19.3305363
          ],
          [
            -99.1895831,
            19.3303511
          ],
          [
            -99.1895571,
            19.3302014
          ],
          [
            -99.1895139,
            19.3299777
          ],
          [
            -99.1894381,
            19.3296456
          ],
          [
            -99.1893308,
            19.3291919
          ],
          [
            -99.1892609,
            19.3288346
          ],
          [
            -99.1892323,
            19.3286978
          ],
          [
            -99.1891881,
            19.3284513
          ],
          [
            -99.1891506,
            19.3282218
          ],
          [
            -99.1891281,
            19.3280299
          ],
          [
            -99.189065,
            19.3275122
          ]
        ]
      },
      "properties": {
        "line_id": "metrobus-1",
        "line_name": "Línea 1",
        "line_color": "#E53935"
      }
    },
    {
      "type": "Feature",
      "geometry": {
        "type": "LineString",
        "coordinates": [
          [
            -99.189065,
            19.3275122
          ],
          [
            -99.189027,
            19.3272159
          ]
        ]
      },
      "properties": {
        "line_id": "metrobus-1",
        "line_name": "Línea 1",
        "line_color": "#E53935"
      }
    },
    {
      "type": "Feature",
      "geometry": {
        "type": "LineString",
        "coordinates": [
          [
            -99.189027,
            19.3272159
          ],
          [
            -99.1889859,
            19.3268472
          ],
          [
            -99.1888898,
            19.326081
          ]
        ]
      },
      "properties": {
        "line_id": "metrobus-1",
        "line_name": "Línea 1",
        "line_color": "#E53935"
      }
    },
    {
      "type": "Feature",
      "geometry": {
        "type": "LineString",
        "coordinates": [
          [
            -99.1888898,
            19.326081
          ],
          [
            -99.1888474,
            19.325707
          ],
          [
            -99.1888289,
            19.3255497
          ],
          [
            -99.1887902,
            19.3252443
          ]
        ]
      },
      "properties": {
        "line_id": "metrobus-1",
        "line_name": "Línea 1",
        "line_color": "#E53935"
      }
    },
    {
      "type": "Feature",
      "geometry": {
        "type": "LineString",
        "coordinates": [
          [
            -99.1887902,
            19.3252443
          ],
          [
            -99.1887676,
            19.3250562
          ]
        ]
      },
      "properties": {
        "line_id": "metrobus-1",
        "line_name": "Línea 1",
        "line_color": "#E53935"
      }
    },
    {
      "type": "Feature",
      "geometry": {
        "type": "LineString",
        "coordinates": [
          [
            -99.1887676,
            19.3250562
          ],
          [
            -99.1887417,
            19.3248253
          ],
          [
            -99.1887386,
            19.3247222
          ]
        ]
      },
      "properties": {
        "line_id": "metrobus-1",
        "line_name": "Línea 1",
        "line_color": "#E53935"
      }
    },
    {
      "type": "Feature",
      "geometry": {
        "type": "LineString",
        "coordinates": [
          [
            -99.1887386,
            19.3247222
          ],
          [
            -99.1886802,
            19.3239168
          ],
          [
            -99.1886569,
            19.3236184
          ],
          [
            -99.1886209,
            19.3233195
          ],
          [
            -99.1884972,
            19.3223043
          ]
        ]
      },
      "properties": {
        "line_id": "metrobus-1",
        "line_name": "Línea 1",
        "line_color": "#E53935"
      }
    },
    {
      "type": "Feature",
      "geometry": {
        "type": "LineString",
        "coordinates": [
          [
            -99.1884972,
            19.3223043
          ],
          [
            -99.1881353,
            19.3193338
          ]
        ]
      },
      "properties": {
        "line_id": "metrobus-1",
        "line_name": "Línea 1",
        "line_color": "#E53935"
      }
    },
    {
      "type": "Feature",
      "geometry": {
        "type": "LineString",
        "coordinates": [
          [
            -99.1881353,
            19.3193338
          ],
          [
            -99.1880155,
            19.3183108
          ],
          [
            -99.1880059,
            19.3182309
          ]
        ]
      },
      "properties": {
        "line_id": "metrobus-1",
        "line_name": "Línea 1",
        "line_color": "#E53935"
      }
    },
    {
      "type": "Feature",
      "geometry": {
        "type": "LineString",
        "coordinates": [
          [
            -99.1880059,
            19.3182309
          ],
          [
            -99.1879705,
            19.3179238
          ]
        ]
      },
      "properties": {
        "line_id": "metrobus-1",
        "line_name": "Línea 1",
        "line_color": "#E53935"
      }
    },
    {
      "type": "Feature",
      "geometry": {
        "type": "LineString",
        "coordinates": [
          [
            -99.1879705,
            19.3179238
          ],
          [
            -99.1879376,
            19.317638
          ]
        ]
      },
      "properties": {
        "line_id": "metrobus-1",
        "line_name": "Línea 1",
        "line_color": "#E53935"
      }
    },
    {
      "type": "Feature",
      "geometry": {
        "type": "LineString",
        "coordinates": [
          [
            -99.1879376,
            19.317638
          ],
          [
            -99.1879098,
            19.3173967
          ]
        ]
      },
      "properties": {
        "line_id": "metrobus-1",
        "line_name": "Línea 1",
        "line_color": "#E53935"
      }
    },
    {
      "type": "Feature",
      "geometry": {
        "type": "LineString",
        "coordinates": [
          [
            -99.1879098,
            19.3173967
          ],
          [
            -99.1877829,
            19.3164854
          ],
          [
            -99.187731,
            19.3161158
          ]
        ]
      },
      "properties": {
        "line_id": "metrobus-1",
        "line_name": "Línea 1",
        "line_color": "#E53935"
      }
    },
    {
      "type": "Feature",
      "geometry": {
        "type": "LineString",
        "coordinates": [
          [
            -99.187731,
            19.3161158
          ],
          [
            -99.1876651,
            19.3155753
          ],
          [
            -99.1875595,
            19.314741
          ],
          [
            -99.1875013,
            19.3142225
          ],
          [
            -99.1874779,
            19.3140303
          ]
        ]
      },
      "properties": {
        "line_id": "metrobus-1",
        "line_name": "Línea 1",
        "line_color": "#E53935"
      }
    },
    {
      "type": "Feature",
      "geometry": {
        "type": "LineString",
        "coordinates": [
          [
            -99.1874779,
            19.3140303
          ],
          [
            -99.1873129,
            19.3126741
          ],
          [
            -99.1870577,
            19.3105648
          ],
          [
            -99.1870244,
            19.3102542
          ],
          [
            -99.1870211,
            19.3102099
          ],
          [
            -99.1870142,
            19.3101427
          ],
          [
            -99.1870024,
            19.3100281
          ],
          [
            -99.186985,
            19.3098934
          ],
          [
            -99.1869751,
            19.3098168
          ],
          [
            -99.1868934,
            19.3092327
          ],
          [
            -99.1868257,
            19.3087499
          ]
        ]
      },
      "properties": {
        "line_id": "metrobus-1",
        "line_name": "Línea 1",
        "line_color": "#E53935"
      }
    },
    {
      "type": "Feature",
      "geometry": {
        "type": "LineString",
        "coordinates": [
          [
            -99.1868257,
            19.3087499
          ],
          [
            -99.186723,
            19.308367
          ],
          [
            -99.1864272,
            19.305901
          ],
          [
            -99.1864477,
            19.305717
          ]
        ]
      },
      "properties": {
        "line_id": "metrobus-1",
        "line_name": "Línea 1",
        "line_color": "#E53935"
      }
    },
    {
      "type": "Feature",
      "geometry": {
        "type": "LineString",
        "coordinates": [
          [
            -99.1864477,
            19.305717
          ],
          [
            -99.1864108,
            19.3054278
          ],
          [
            -99.1863948,
            19.3052913
          ],
          [
            -99.186369,
            19.3050602
          ]
        ]
      },
      "properties": {
        "line_id": "metrobus-1",
        "line_name": "Línea 1",
        "line_color": "#E53935"
      }
    },
    {
      "type": "Feature",
      "geometry": {
        "type": "LineString",
        "coordinates": [
          [
            -99.186369,
            19.3050602
          ],
          [
            -99.1863588,
            19.3049851
          ],
          [
            -99.1863379,
            19.3048306
          ],
          [
            -99.1863182,
            19.3046855
          ]
        ]
      },
      "properties": {
        "line_id": "metrobus-1",
        "line_name": "Línea 1",
        "line_color": "#E53935"
      }
    },
    {
      "type": "Feature",
      "geometry": {
        "type": "LineString",
        "coordinates": [
          [
            -99.1863182,
            19.3046855
          ],
          [
            -99.1861618,
            19.3034463
          ]
        ]
      },
      "properties": {
        "line_id": "metrobus-1",
        "line_name": "Línea 1",
        "line_color": "#E53935"
      }
    },
    {
      "type": "Feature",
      "geometry": {
        "type": "LineString",
        "coordinates": [
          [
            -99.1861618,
            19.3034463
          ],
          [
            -99.1860905,
            19.3032576
          ],
          [
            -99.1859771,
            19.3022127
          ],
          [
            -99.1859791,
            19.3020595
          ]
        ]
      },
      "properties": {
        "line_id": "metrobus-1",
        "line_name": "Línea 1",
        "line_color": "#E53935"
      }
    },
    {
      "type": "Feature",
      "geometry": {
        "type": "LineString",
        "coordinates": [
          [
            -99.1859791,
            19.3020595
          ],
          [
            -99.1859181,
            19.3015566
          ],
          [
            -99.1858274,
            19.300809
          ],
          [
            -99.1857992,
            19.3004929
          ],
          [
            -99.1857859,
            19.3003674
          ],
          [
            -99.1857301,
            19.2998658
          ],
          [
            -99.1856842,
            19.2994419
          ],
          [
            -99.1856644,
            19.2992589
          ],
          [
            -99.1856326,
            19.2990209
          ]
        ]
      },
      "properties": {
        "line_id": "metrobus-1",
        "line_name": "Línea 1",
        "line_color": "#E53935"
      }
    },
    {
      "type": "Feature",
      "geometry": {
        "type": "LineString",
        "coordinates": [
          [
            -99.1856326,
            19.2990209
          ],
          [
            -99.1855762,
            19.2985952
          ],
          [
            -99.1855039,
            19.2981198
          ]
        ]
      },
      "properties": {
        "line_id": "metrobus-1",
        "line_name": "Línea 1",
        "line_color": "#E53935"
      }
    },
    {
      "type": "Feature",
      "geometry": {
        "type": "LineString",
        "coordinates": [
          [
            -99.1855039,
            19.2981198
          ],
          [
            -99.1854799,
            19.2979538
          ],
          [
            -99.1854359,
            19.2976616
          ]
        ]
      },
      "properties": {
        "line_id": "metrobus-1",
        "line_name": "Línea 1",
        "line_color": "#E53935"
      }
    },
    {
      "type": "Feature",
      "geometry": {
        "type": "LineString",
        "coordinates": [
          [
            -99.1854359,
            19.2976616
          ],
          [
            -99.1854246,
            19.2975592
          ],
          [
            -99.1854158,
            19.2974804
          ]
        ]
      },
      "properties": {
        "line_id": "metrobus-1",
        "line_name": "Línea 1",
        "line_color": "#E53935"
      }
    },
    {
      "type": "Feature",
      "geometry": {
        "type": "LineString",
        "coordinates": [
          [
            -99.1854158,
            19.2974804
          ],
          [
            -99.1854104,
            19.2974314
          ],
          [
            -99.1853947,
            19.2972893
          ],
          [
            -99.1853044,
            19.2965529
          ],
          [
            -99.1852789,
            19.2964208
          ],
          [
            -99.1852342,
            19.2962854
          ],
          [
            -99.1851774,
            19.2961607
          ],
          [
            -99.1851202,
            19.2960436
          ]
        ]
      },
      "properties": {
        "line_id": "metrobus-1",
        "line_name": "Línea 1",
        "line_color": "#E53935"
      }
    },
    {
      "type": "Feature",
      "geometry": {
        "type": "LineString",
        "coordinates": [
          [
            -99.1851202,
            19.2960436
          ],
          [
            -99.1850566,
            19.2959396
          ],
          [
            -99.1850296,
            19.2958973
          ],
          [
            -99.185005,
            19.2958587
          ],
          [
            -99.18495,
            19.2957886
          ],
          [
            -99.1848412,
            19.2956657
          ]
        ]
      },
      "properties": {
        "line_id": "metrobus-1",
        "line_name": "Línea 1",
        "line_color": "#E53935"
      }
    },
    {
      "type": "Feature",
      "geometry": {
        "type": "LineString",
        "coordinates": [
          [
            -99.1848412,
            19.2956657
          ],
          [
            -99.1847923,
            19.2956099
          ],
          [
            -99.1847151,
            19.2955353
          ]
        ]
      },
      "properties": {
        "line_id": "metrobus-1",
        "line_name": "Línea 1",
        "line_color": "#E53935"
      }
    },
    {
      "type": "Feature",
      "geometry": {
        "type": "LineString",
        "coordinates": [
          [
            -99.1847151,
            19.2955353
          ],
          [
            -99.1846843,
            19.2955121
          ],
          [
            -99.1846534,
            19.2954889
          ],
          [
            -99.1845818,
            19.2954445
          ]
        ]
      },
      "properties": {
        "line_id": "metrobus-1",
        "line_name": "Línea 1",
        "line_color": "#E53935"
      }
    },
    {
      "type": "Feature",
      "geometry": {
        "type": "LineString",
        "coordinates": [
          [
            -99.1845818,
            19.2954445
          ],
          [
            -99.1844397,
            19.2953672
          ],
          [
            -99.1842931,
            19.2952987
          ],
          [
            -99.1838938,
            19.2951352
          ],
          [
            -99.1837068,
            19.2950604
          ]
        ]
      },
      "properties": {
        "line_id": "metrobus-1",
        "line_name": "Línea 1",
        "line_color": "#E53935"
      }
    },
    {
      "type": "Feature",
      "geometry": {
        "type": "LineString",
        "coordinates": [
          [
            -99.1837068,
            19.2950604
          ],
          [
            -99.1834387,
            19.2949587
          ],
          [
            -99.1827057,
            19.2946593
          ],
          [
            -99.1821442,
            19.2944257
          ],
          [
            -99.1818278,
            19.2942938
          ]
        ]
      },
      "properties": {
        "line_id": "metrobus-1",
        "line_name": "Línea 1",
        "line_color": "#E53935"
      }
    },
    {
      "type": "Feature",
      "geometry": {
        "type": "LineString",
        "coordinates": [
          [
            -99.1818278,
            19.2942938
          ],
          [
            -99.181558,
            19.2941795
          ],
          [
            -99.1800614,
            19.2935489
          ]
        ]
      },
      "properties": {
        "line_id": "metrobus-1",
        "line_name": "Línea 1",
        "line_color": "#E53935"
      }
    },
    {
      "type": "Feature",
      "geometry": {
        "type": "LineString",
        "coordinates": [
          [
            -99.1800614,
            19.2935489
          ],
          [
            -99.1799516,
            19.2935023
          ],
          [
            -99.1797479,
            19.2934158
          ]
        ]
      },
      "properties": {
        "line_id": "metrobus-1",
        "line_name": "Línea 1",
        "line_color": "#E53935"
      }
    },
    {
      "type": "Feature",
      "geometry": {
        "type": "LineString",
        "coordinates": [
          [
            -99.1797479,
            19.2934158
          ],
          [
            -99.179618,
            19.2933608
          ],
          [
            -99.1786204,
            19.2929388
          ]
        ]
      },
      "properties": {
        "line_id": "metrobus-1",
        "line_name": "Línea 1",
        "line_color": "#E53935"
      }
    },
    {
      "type": "Feature",
      "geometry": {
        "type": "LineString",
        "coordinates": [
          [
            -99.1786204,
            19.2929388
          ],
          [
            -99.1784458,
            19.2928654
          ],
          [
            -99.1782212,
            19.292771
          ]
        ]
      },
      "properties": {
        "line_id": "metrobus-1",
        "line_name": "Línea 1",
        "line_color": "#E53935"
      }
    },
    {
      "type": "Feature",
      "geometry": {
        "type": "LineString",
        "coordinates": [
          [
            -99.1782212,
            19.292771
          ],
          [
            -99.1781198,
            19.2927284
          ],
          [
            -99.1775631,
            19.2924944
          ],
          [
            -99.1772134,
            19.2923474
          ],
          [
            -99.1763728,
            19.2919987
          ],
          [
            -99.1756459,
            19.2916984
          ],
          [
            -99.1753808,
            19.2915835
          ],
          [
            -99.1748291,
            19.291353
          ],
          [
            -99.1745736,
            19.2912448
          ],
          [
            -99.1744058,
            19.2911747
          ],
          [
            -99.1743011,
            19.2911274
          ],
          [
            -99.1742074,
            19.2910731
          ],
          [
            -99.1741245,
            19.2910163
          ],
          [
            -99.1740533,
            19.290957
          ],
          [
            -99.1739824,
            19.2908802
          ],
          [
            -99.1739359,
            19.2908101
          ],
          [
            -99.1738845,
            19.2907156
          ],
          [
            -99.1738479,
            19.2906152
          ],
          [
            -99.173827,
            19.2905108
          ],
          [
            -99.1738221,
            19.2904047
          ],
          [
            -99.1738333,
            19.290299
          ],
          [
            -99.1738605,
            19.2901959
          ],
          [
            -99.1738949,
            19.2900937
          ],
          [
            -99.1739581,
            19.289921
          ],
          [
            -99.1740426,
            19.2897088
          ],
          [
            -99.1740758,
            19.2896287
          ],
          [
            -99.1741066,
            19.2895573
          ],
          [
            -99.1742753,
            19.2891191
          ]
        ]
      },
      "properties": {
        "line_id": "metrobus-1",
        "line_name": "Línea 1",
        "line_color": "#E53935"
      }
    },
    {
      "type": "Feature",
      "geometry": {
        "type": "LineString",
        "coordinates": [
          [
            -99.1782212,
            19.292771
          ],
          [
            -99.1781198,
            19.2927284
          ],
          [
            -99.1775631,
            19.2924944
          ],
          [
            -99.1772134,
            19.2923474
          ],
          [
            -99.1763728,
            19.2919987
          ],
          [
            -99.1756459,
            19.2916984
          ],
          [
            -99.1753808,
            19.2915835
          ],
          [
            -99.1748291,
            19.291353
          ],
          [
            -99.1745736,
            19.2912448
          ],
          [
            -99.1744058,
            19.2911747
          ],
          [
            -99.1743011,
            19.2911274
          ],
          [
            -99.1742074,
            19.2910731
          ],
          [
            -99.1741245,
            19.2910163
          ],
          [
            -99.1740533,
            19.290957
          ],
          [
            -99.1739824,
            19.2908802
          ],
          [
            -99.1739359,
            19.2908101
          ],
          [
            -99.1738845,
            19.2907156
          ],
          [
            -99.1738479,
            19.2906152
          ],
          [
            -99.173827,
            19.2905108
          ],
          [
            -99.1738221,
            19.2904047
          ],
          [
            -99.1738333,
            19.290299
          ],
          [
            -99.1738605,
            19.2901959
          ],
          [
            -99.1738949,
            19.2900937
          ],
          [
            -99.1739581,
            19.289921
          ],
          [
            -99.1740426,
            19.2897088
          ],
          [
            -99.1740758,
            19.2896287
          ],
          [
            -99.1741066,
            19.2895573
          ],
          [
            -99.1742753,
            19.2891191
          ]
        ]
      },
      "properties": {
        "line_id": "metrobus-1",
        "line_name": "Línea 1",
        "line_color": "#E53935"
      }
    },
    {
      "type": "Feature",
      "geometry": {
        "type": "LineString",
        "coordinates": [
          [
            -99.1786204,
            19.2929388
          ],
          [
            -99.1784458,
            19.2928654
          ],
          [
            -99.1782212,
            19.292771
          ]
        ]
      },
      "properties": {
        "line_id": "metrobus-1",
        "line_name": "Línea 1",
        "line_color": "#E53935"
      }
    },
    {
      "type": "Feature",
      "geometry": {
        "type": "LineString",
        "coordinates": [
          [
            -99.1786204,
            19.2929388
          ],
          [
            -99.1784458,
            19.2928654
          ],
          [
            -99.1782212,
            19.292771
          ]
        ]
      },
      "properties": {
        "line_id": "metrobus-1",
        "line_name": "Línea 1",
        "line_color": "#E53935"
      }
    },
    {
      "type": "Feature",
      "geometry": {
        "type": "LineString",
        "coordinates": [
          [
            -99.1782212,
            19.292771
          ],
          [
            -99.1781198,
            19.2927284
          ],
          [
            -99.1775631,
            19.2924944
          ],
          [
            -99.1772134,
            19.2923474
          ],
          [
            -99.1763728,
            19.2919987
          ],
          [
            -99.1756459,
            19.2916984
          ],
          [
            -99.1753808,
            19.2915835
          ],
          [
            -99.1748291,
            19.291353
          ],
          [
            -99.1745736,
            19.2912448
          ],
          [
            -99.1744058,
            19.2911747
          ],
          [
            -99.1743011,
            19.2911274
          ],
          [
            -99.1742074,
            19.2910731
          ],
          [
            -99.1741245,
            19.2910163
          ],
          [
            -99.1740533,
            19.290957
          ],
          [
            -99.1739824,
            19.2908802
          ],
          [
            -99.1739359,
            19.2908101
          ],
          [
            -99.1738845,
            19.2907156
          ],
          [
            -99.1738479,
            19.2906152
          ],
          [
            -99.173827,
            19.2905108
          ],
          [
            -99.1738221,
            19.2904047
          ],
          [
            -99.1738333,
            19.290299
          ],
          [
            -99.1738605,
            19.2901959
          ],
          [
            -99.1738949,
            19.2900937
          ],
          [
            -99.1739581,
            19.289921
          ],
          [
            -99.1740426,
            19.2897088
          ],
          [
            -99.1740758,
            19.2896287
          ],
          [
            -99.1741066,
            19.2895573
          ],
          [
            -99.1742753,
            19.2891191
          ]
        ]
      },
      "properties": {
        "line_id": "metrobus-1",
        "line_name": "Línea 1",
        "line_color": "#E53935"
      }
    },
    {
      "type": "Feature",
      "geometry": {
        "type": "LineString",
        "coordinates": [
          [
            -99.1742753,
            19.2891191
          ],
          [
            -99.1743715,
            19.2888691
          ]
        ]
      },
      "properties": {
        "line_id": "metrobus-1",
        "line_name": "Línea 1",
        "line_color": "#E53935"
      }
    },
    {
      "type": "Feature",
      "geometry": {
        "type": "LineString",
        "coordinates": [
          [
            -99.1743715,
            19.2888691
          ],
          [
            -99.1744161,
            19.2887613
          ],
          [
            -99.1744517,
            19.2886752
          ],
          [
            -99.1744862,
            19.2885923
          ],
          [
            -99.1746019,
            19.2883029
          ],
          [
            -99.1747823,
            19.2878569
          ],
          [
            -99.1750845,
            19.2870953
          ],
          [
            -99.1755678,
            19.2858862
          ],
          [
            -99.1756359,
            19.2857039
          ],
          [
            -99.1756933,
            19.2855241
          ],
          [
            -99.1757105,
            19.285452
          ]
        ]
      },
      "properties": {
        "line_id": "metrobus-1",
        "line_name": "Línea 1",
        "line_color": "#E53935"
      }
    },
    {
      "type": "Feature",
      "geometry": {
        "type": "LineString",
        "coordinates": [
          [
            -99.1743715,
            19.2888691
          ],
          [
            -99.1744161,
            19.2887613
          ],
          [
            -99.1744517,
            19.2886752
          ],
          [
            -99.1744862,
            19.2885923
          ],
          [
            -99.1746019,
            19.2883029
          ],
          [
            -99.1747823,
            19.2878569
          ],
          [
            -99.1750845,
            19.2870953
          ],
          [
            -99.1755678,
            19.2858862
          ],
          [
            -99.1756359,
            19.2857039
          ],
          [
            -99.1756933,
            19.2855241
          ],
          [
            -99.1757105,
            19.285452
          ]
        ]
      },
      "properties": {
        "line_id": "metrobus-1",
        "line_name": "Línea 1",
        "line_color": "#E53935"
      }
    },
    {
      "type": "Feature",
      "geometry": {
        "type": "LineString",
        "coordinates": [
          [
            -99.1742753,
            19.2891191
          ],
          [
            -99.1743715,
            19.2888691
          ]
        ]
      },
      "properties": {
        "line_id": "metrobus-1",
        "line_name": "Línea 1",
        "line_color": "#E53935"
      }
    },
    {
      "type": "Feature",
      "geometry": {
        "type": "LineString",
        "coordinates": [
          [
            -99.1782212,
            19.292771
          ],
          [
            -99.1781198,
            19.2927284
          ],
          [
            -99.1775631,
            19.2924944
          ],
          [
            -99.1772134,
            19.2923474
          ],
          [
            -99.1763728,
            19.2919987
          ],
          [
            -99.1756459,
            19.2916984
          ],
          [
            -99.1753808,
            19.2915835
          ],
          [
            -99.1748291,
            19.291353
          ],
          [
            -99.1745736,
            19.2912448
          ],
          [
            -99.1744058,
            19.2911747
          ],
          [
            -99.1743011,
            19.2911274
          ],
          [
            -99.1742074,
            19.2910731
          ],
          [
            -99.1741245,
            19.2910163
          ],
          [
            -99.1740533,
            19.290957
          ],
          [
            -99.1739824,
            19.2908802
          ],
          [
            -99.1739359,
            19.2908101
          ],
          [
            -99.1738845,
            19.2907156
          ],
          [
            -99.1738479,
            19.2906152
          ],
          [
            -99.173827,
            19.2905108
          ],
          [
            -99.1738221,
            19.2904047
          ],
          [
            -99.1738333,
            19.290299
          ],
          [
            -99.1738605,
            19.2901959
          ],
          [
            -99.1738949,
            19.2900937
          ],
          [
            -99.1739581,
            19.289921
          ],
          [
            -99.1740426,
            19.2897088
          ],
          [
            -99.1740758,
            19.2896287
          ],
          [
            -99.1741066,
            19.2895573
          ],
          [
            -99.1742753,
            19.2891191
          ]
        ]
      },
      "properties": {
        "line_id": "metrobus-1",
        "line_name": "Línea 1",
        "line_color": "#E53935"
      }
    },
    {
      "type": "Feature",
      "geometry": {
        "type": "LineString",
        "coordinates": [
          [
            -99.1786204,
            19.2929388
          ],
          [
            -99.1784458,
            19.2928654
          ],
          [
            -99.1782212,
            19.292771
          ]
        ]
      },
      "properties": {
        "line_id": "metrobus-1",
        "line_name": "Línea 1",
        "line_color": "#E53935"
      }
    },
    {
      "type": "Feature",
      "geometry": {
        "type": "LineString",
        "coordinates": [
          [
            -99.1742753,
            19.2891191
          ],
          [
            -99.1743715,
            19.2888691
          ]
        ]
      },
      "properties": {
        "line_id": "metrobus-1",
        "line_name": "Línea 1",
        "line_color": "#E53935"
      }
    },
    {
      "type": "Feature",
      "geometry": {
        "type": "LineString",
        "coordinates": [
          [
            -99.1743715,
            19.2888691
          ],
          [
            -99.1744161,
            19.2887613
          ],
          [
            -99.1744517,
            19.2886752
          ],
          [
            -99.1744862,
            19.2885923
          ],
          [
            -99.1746019,
            19.2883029
          ],
          [
            -99.1747823,
            19.2878569
          ],
          [
            -99.1750845,
            19.2870953
          ],
          [
            -99.1755678,
            19.2858862
          ],
          [
            -99.1756359,
            19.2857039
          ],
          [
            -99.1756933,
            19.2855241
          ],
          [
            -99.1757105,
            19.285452
          ]
        ]
      },
      "properties": {
        "line_id": "metrobus-1",
        "line_name": "Línea 1",
        "line_color": "#E53935"
      }
    },
    {
      "type": "Feature",
      "geometry": {
        "type": "LineString",
        "coordinates": [
          [
            -99.1757105,
            19.285452
          ],
          [
            -99.1757276,
            19.2853798
          ],
          [
            -99.1757538,
            19.2852461
          ],
          [
            -99.1757787,
            19.2850858
          ]
        ]
      },
      "properties": {
        "line_id": "metrobus-1",
        "line_name": "Línea 1",
        "line_color": "#E53935"
      }
    },
    {
      "type": "Feature",
      "geometry": {
        "type": "LineString",
        "coordinates": [
          [
            -99.1757787,
            19.2850858
          ],
          [
            -99.175798,
            19.2848799
          ],
          [
            -99.1757998,
            19.2846841
          ],
          [
            -99.1757901,
            19.2845069
          ],
          [
            -99.1757773,
            19.2843674
          ],
          [
            -99.17576,
            19.2842374
          ]
        ]
      },
      "properties": {
        "line_id": "metrobus-1",
        "line_name": "Línea 1",
        "line_color": "#E53935"
      }
    },
    {
      "type": "Feature",
      "geometry": {
        "type": "LineString",
        "coordinates": [
          [
            -99.1757787,
            19.2850858
          ],
          [
            -99.175798,
            19.2848799
          ],
          [
            -99.1757998,
            19.2846841
          ],
          [
            -99.1757901,
            19.2845069
          ],
          [
            -99.1757773,
            19.2843674
          ],
          [
            -99.17576,
            19.2842374
          ]
        ]
      },
      "properties": {
        "line_id": "metrobus-1",
        "line_name": "Línea 1",
        "line_color": "#E53935"
      }
    },
    {
      "type": "Feature",
      "geometry": {
        "type": "LineString",
        "coordinates": [
          [
            -99.1757105,
            19.285452
          ],
          [
            -99.1757276,
            19.2853798
          ],
          [
            -99.1757538,
            19.2852461
          ],
          [
            -99.1757787,
            19.2850858
          ]
        ]
      },
      "properties": {
        "line_id": "metrobus-1",
        "line_name": "Línea 1",
        "line_color": "#E53935"
      }
    },
    {
      "type": "Feature",
      "geometry": {
        "type": "LineString",
        "coordinates": [
          [
            -99.17576,
            19.2842374
          ],
          [
            -99.1757414,
            19.2841378
          ],
          [
            -99.1757047,
            19.2839793
          ],
          [
            -99.1756626,
            19.283836
          ]
        ]
      },
      "properties": {
        "line_id": "metrobus-1",
        "line_name": "Línea 1",
        "line_color": "#E53935"
      }
    },
    {
      "type": "Feature",
      "geometry": {
        "type": "LineString",
        "coordinates": [
          [
            -99.1756626,
            19.283836
          ],
          [
            -99.1754906,
            19.2834277
          ],
          [
            -99.1753534,
            19.2831717
          ],
          [
            -99.1752071,
            19.2829461
          ],
          [
            -99.1751053,
            19.2828177
          ],
          [
            -99.175024,
            19.2827243
          ],
          [
            -99.1749359,
            19.2826354
          ],
          [
            -99.1748135,
            19.2825264
          ],
          [
            -99.1747398,
            19.2824601
          ],
          [
            -99.1746615,
            19.2823961
          ],
          [
            -99.17452,
            19.2822914
          ],
          [
            -99.174372,
            19.2821939
          ],
          [
            -99.1741751,
            19.2820801
          ],
          [
            -99.1739533,
            19.2819742
          ],
          [
            -99.1738479,
            19.2819248
          ]
        ]
      },
      "properties": {
        "line_id": "metrobus-1",
        "line_name": "Línea 1",
        "line_color": "#E53935"
      }
    },
    {
      "type": "Feature",
      "geometry": {
        "type": "LineString",
        "coordinates": [
          [
            -99.1738479,
            19.2819248
          ],
          [
            -99.1737631,
            19.2818872
          ],
          [
            -99.1737,
            19.281859
          ]
        ]
      },
      "properties": {
        "line_id": "metrobus-1",
        "line_name": "Línea 1",
        "line_color": "#E53935"
      }
    },
    {
      "type": "Feature",
      "geometry": {
        "type": "LineString",
        "coordinates": [
          [
            -99.1737,
            19.281859
          ],
          [
            -99.1736448,
            19.2818351
          ],
          [
            -99.1736309,
            19.2818291
          ],
          [
            -99.1733854,
            19.2817226
          ]
        ]
      },
      "properties": {
        "line_id": "metrobus-1",
        "line_name": "Línea 1",
        "line_color": "#E53935"
      }
    },
    {
      "type": "Feature",
      "geometry": {
        "type": "LineString",
        "coordinates": [
          [
            -99.1733854,
            19.2817226
          ],
          [
            -99.1728247,
            19.2814768
          ],
          [
            -99.172078,
            19.2811481
          ],
          [
            -99.1718685,
            19.2810505
          ],
          [
            -99.1717456,
            19.2809932
          ],
          [
            -99.1717075,
            19.2809745
          ],
          [
            -99.1715964,
            19.2809233
          ],
          [
            -99.1713317,
            19.2808061
          ],
          [
            -99.171149,
            19.2807278
          ],
          [
            -99.1709471,
            19.2806415
          ]
        ]
      },
      "properties": {
        "line_id": "metrobus-1",
        "line_name": "Línea 1",
        "line_color": "#E53935"
      }
    },
    {
      "type": "Feature",
      "geometry": {
        "type": "LineString",
        "coordinates": [
          [
            -99.1709471,
            19.2806415
          ],
          [
            -99.1707826,
            19.2805721
          ],
          [
            -99.170779,
            19.2805706
          ],
          [
            -99.1707094,
            19.2805412
          ],
          [
            -99.1706988,
            19.2805365
          ],
          [
            -99.1706307,
            19.2805067
          ]
        ]
      },
      "properties": {
        "line_id": "metrobus-1",
        "line_name": "Línea 1",
        "line_color": "#E53935"
      }
    },
    {
      "type": "Feature",
      "geometry": {
        "type": "LineString",
        "coordinates": [
          [
            -99.1706307,
            19.2805067
          ],
          [
            -99.1704544,
            19.2804294
          ],
          [
            -99.1700703,
            19.2802576
          ],
          [
            -99.1698378,
            19.2801622
          ]
        ]
      },
      "properties": {
        "line_id": "metrobus-1",
        "line_name": "Línea 1",
        "line_color": "#E53935"
      }
    },
    {
      "type": "Feature",
      "geometry": {
        "type": "LineString",
        "coordinates": [
          [
            -99.1698378,
            19.2801622
          ],
          [
            -99.1695027,
            19.2800179
          ]
        ]
      },
      "properties": {
        "line_id": "metrobus-1",
        "line_name": "Línea 1",
        "line_color": "#E53935"
      }
    },
    {
      "type": "Feature",
      "geometry": {
        "type": "LineString",
        "coordinates": [
          [
            -99.1695027,
            19.2800179
          ],
          [
            -99.169249,
            19.2799125
          ]
        ]
      },
      "properties": {
        "line_id": "metrobus-1",
        "line_name": "Línea 1",
        "line_color": "#E53935"
      }
    },
    {
      "type": "Feature",
      "geometry": {
        "type": "LineString",
        "coordinates": [
          [
            -99.169249,
            19.2799125
          ],
          [
            -99.1690758,
            19.2798396
          ],
          [
            -99.1689063,
            19.2797651
          ]
        ]
      },
      "properties": {
        "line_id": "metrobus-1",
        "line_name": "Línea 1",
        "line_color": "#E53935"
      }
    },
    {
      "type": "Feature",
      "geometry": {
        "type": "LineString",
        "coordinates": [
          [
            -99.1689063,
            19.2797651
          ],
          [
            -99.1687846,
            19.2797154
          ],
          [
            -99.1687172,
            19.2796879
          ],
          [
            -99.168457,
            19.2795816
          ]
        ]
      },
      "properties": {
        "line_id": "metrobus-1",
        "line_name": "Línea 1",
        "line_color": "#E53935"
      }
    },
    {
      "type": "Feature",
      "geometry": {
        "type": "LineString",
        "coordinates": [
          [
            -99.168457,
            19.2795816
          ],
          [
            -99.1683208,
            19.2795239
          ],
          [
            -99.1682032,
            19.2794641
          ],
          [
            -99.1681321,
            19.2794191
          ],
          [
            -99.1680684,
            19.2793731
          ],
          [
            -99.1680122,
            19.2793298
          ],
          [
            -99.1679494,
            19.2792739
          ],
          [
            -99.1679116,
            19.2792384
          ]
        ]
      },
      "properties": {
        "line_id": "metrobus-1",
        "line_name": "Línea 1",
        "line_color": "#E53935"
      }
    },
    {
      "type": "Feature",
      "geometry": {
        "type": "LineString",
        "coordinates": [
          [
            -99.1679116,
            19.2792384
          ],
          [
            -99.1679006,
            19.2791781
          ],
          [
            -99.1678995,
            19.2791222
          ],
          [
            -99.1679027,
            19.2790787
          ],
          [
            -99.1679054,
            19.2790647
          ],
          [
            -99.1679101,
            19.2790407
          ],
          [
            -99.1679262,
            19.2789976
          ],
          [
            -99.167951,
            19.2789489
          ],
          [
            -99.1679724,
            19.2789192
          ],
          [
            -99.1680176,
            19.2788786
          ],
          [
            -99.1682291,
            19.2787494
          ],
          [
            -99.1682916,
            19.2787031
          ],
          [
            -99.1683364,
            19.2786601
          ],
          [
            -99.1683924,
            19.2786124
          ],
          [
            -99.1684704,
            19.278578
          ],
          [
            -99.1685633,
            19.2785566
          ],
          [
            -99.1686542,
            19.2785424
          ],
          [
            -99.168748,
            19.27854
          ],
          [
            -99.1688669,
            19.2785497
          ]
        ]
      },
      "properties": {
        "line_id": "metrobus-1",
        "line_name": "Línea 1",
        "line_color": "#E53935"
      }
    },
    {
      "type": "Feature",
      "geometry": {
        "type": "LineString",
        "coordinates": [
          [
            -99.1688669,
            19.2785497
          ],
          [
            -99.1689255,
            19.2785685
          ],
          [
            -99.168997,
            19.2786037
          ],
          [
            -99.1690368,
            19.2786324
          ],
          [
            -99.1690794,
            19.2786681
          ],
          [
            -99.1691382,
            19.2787426
          ],
          [
            -99.1692114,
            19.2788622
          ],
          [
            -99.1692405,
            19.2789533
          ]
        ]
      },
      "properties": {
        "line_id": "metrobus-1",
        "line_name": "Línea 1",
        "line_color": "#E53935"
      }
    },
    {
      "type": "Feature",
      "geometry": {
        "type": "LineString",
        "coordinates": [
          [
            -99.1692405,
            19.2789533
          ],
          [
            -99.1692214,
            19.2790364
          ],
          [
            -99.1691722,
            19.2791174
          ],
          [
            -99.1688682,
            19.2795865
          ]
        ]
      },
      "properties": {
        "line_id": "metrobus-1",
        "line_name": "Línea 1",
        "line_color": "#E53935"
      }
    },
    {
      "type": "Feature",
      "geometry": {
        "type": "LineString",
        "coordinates": [
          [
            -99.1688682,
            19.2795865
          ],
          [
            -99.1687846,
            19.2797154
          ],
          [
            -99.1687836,
            19.2797597
          ],
          [
            -99.1688012,
            19.2798241
          ],
          [
            -99.1688313,
            19.2798811
          ]
        ]
      },
      "properties": {
        "line_id": "metrobus-1",
        "line_name": "Línea 1",
        "line_color": "#E53935"
      }
    },
    {
      "type": "Feature",
      "geometry": {
        "type": "LineString",
        "coordinates": [
          [
            -99.1688313,
            19.2798811
          ],
          [
            -99.169092,
            19.2799952
          ]
        ]
      },
      "properties": {
        "line_id": "metrobus-1",
        "line_name": "Línea 1",
        "line_color": "#E53935"
      }
    },
    {
      "type": "Feature",
      "geometry": {
        "type": "LineString",
        "coordinates": [
          [
            -99.169092,
            19.2799952
          ],
          [
            -99.1694365,
            19.280146
          ]
        ]
      },
      "properties": {
        "line_id": "metrobus-1",
        "line_name": "Línea 1",
        "line_color": "#E53935"
      }
    },
    {
      "type": "Feature",
      "geometry": {
        "type": "LineString",
        "coordinates": [
          [
            -99.1694365,
            19.280146
          ],
          [
            -99.1696504,
            19.2802396
          ],
          [
            -99.170237,
            19.2804972
          ]
        ]
      },
      "properties": {
        "line_id": "metrobus-1",
        "line_name": "Línea 1",
        "line_color": "#E53935"
      }
    },
    {
      "type": "Feature",
      "geometry": {
        "type": "LineString",
        "coordinates": [
          [
            -99.170237,
            19.2804972
          ],
          [
            -99.1704233,
            19.280579
          ],
          [
            -99.170564,
            19.2806399
          ]
        ]
      },
      "properties": {
        "line_id": "metrobus-1",
        "line_name": "Línea 1",
        "line_color": "#E53935"
      }
    },
    {
      "type": "Feature",
      "geometry": {
        "type": "LineString",
        "coordinates": [
          [
            -99.170564,
            19.2806399
          ],
          [
            -99.1721758,
            19.2813626
          ],
          [
            -99.1728716,
            19.2816752
          ]
        ]
      },
      "properties": {
        "line_id": "metrobus-1",
        "line_name": "Línea 1",
        "line_color": "#E53935"
      }
    },
    {
      "type": "Feature",
      "geometry": {
        "type": "LineString",
        "coordinates": [
          [
            -99.1728716,
            19.2816752
          ],
          [
            -99.1733187,
            19.2818684
          ]
        ]
      },
      "properties": {
        "line_id": "metrobus-1",
        "line_name": "Línea 1",
        "line_color": "#E53935"
      }
    },
    {
      "type": "Feature",
      "geometry": {
        "type": "LineString",
        "coordinates": [
          [
            -99.1733187,
            19.2818684
          ],
          [
            -99.1735059,
            19.2819493
          ],
          [
            -99.1735373,
            19.2819629
          ],
          [
            -99.1736301,
            19.282003
          ]
        ]
      },
      "properties": {
        "line_id": "metrobus-1",
        "line_name": "Línea 1",
        "line_color": "#E53935"
      }
    },
    {
      "type": "Feature",
      "geometry": {
        "type": "LineString",
        "coordinates": [
          [
            -99.1736301,
            19.282003
          ],
          [
            -99.1738911,
            19.2821131
          ],
          [
            -99.1741368,
            19.2822317
          ],
          [
            -99.1743024,
            19.2823279
          ],
          [
            -99.1744765,
            19.2824453
          ],
          [
            -99.1746412,
            19.2825844
          ],
          [
            -99.1748534,
            19.2827873
          ],
          [
            -99.175097,
            19.283085
          ],
          [
            -99.1751276,
            19.2831252
          ],
          [
            -99.1751837,
            19.2832184
          ],
          [
            -99.1752435,
            19.2833205
          ],
          [
            -99.1752647,
            19.2833595
          ],
          [
            -99.1753152,
            19.283452
          ]
        ]
      },
      "properties": {
        "line_id": "metrobus-1",
        "line_name": "Línea 1",
        "line_color": "#E53935"
      }
    },
    {
      "type": "Feature",
      "geometry": {
        "type": "LineString",
        "coordinates": [
          [
            -99.1753152,
            19.283452
          ],
          [
            -99.1754511,
            19.2837453
          ],
          [
            -99.1754883,
            19.2838344
          ],
          [
            -99.1755205,
            19.2839185
          ]
        ]
      },
      "properties": {
        "line_id": "metrobus-1",
        "line_name": "Línea 1",
        "line_color": "#E53935"
      }
    },
    {
      "type": "Feature",
      "geometry": {
        "type": "LineString",
        "coordinates": [
          [
            -99.1755205,
            19.2839185
          ],
          [
            -99.1755509,
            19.2840153
          ],
          [
            -99.175594,
            19.2842019
          ],
          [
            -99.1756231,
            19.2843591
          ],
          [
            -99.1756399,
            19.2844911
          ],
          [
            -99.1756522,
            19.2846889
          ],
          [
            -99.175654,
            19.2848129
          ]
        ]
      },
      "properties": {
        "line_id": "metrobus-1",
        "line_name": "Línea 1",
        "line_color": "#E53935"
      }
    },
    {
      "type": "Feature",
      "geometry": {
        "type": "LineString",
        "coordinates": [
          [
            -99.175654,
            19.2848129
          ],
          [
            -99.1756489,
            19.2849257
          ],
          [
            -99.1756381,
            19.2850461
          ]
        ]
      },
      "properties": {
        "line_id": "metrobus-1",
        "line_name": "Línea 1",
        "line_color": "#E53935"
      }
    },
    {
      "type": "Feature",
      "geometry": {
        "type": "LineString",
        "coordinates": [
          [
            -99.1756381,
            19.2850461
          ],
          [
            -99.1756148,
            19.2852162
          ],
          [
            -99.1755728,
            19.2853863
          ],
          [
            -99.1755477,
            19.2854796
          ],
          [
            -99.1754992,
            19.2856364
          ],
          [
            -99.1754244,
            19.2858377
          ],
          [
            -99.1753428,
            19.2860417
          ],
          [
            -99.1744358,
            19.2883121
          ]
        ]
      },
      "properties": {
        "line_id": "metrobus-1",
        "line_name": "Línea 1",
        "line_color": "#E53935"
      }
    },
    {
      "type": "Feature",
      "geometry": {
        "type": "LineString",
        "coordinates": [
          [
            -99.1744358,
            19.2883121
          ],
          [
            -99.1743412,
            19.2885412
          ],
          [
            -99.17431,
            19.2886161
          ]
        ]
      },
      "properties": {
        "line_id": "metrobus-1",
        "line_name": "Línea 1",
        "line_color": "#E53935"
      }
    },
    {
      "type": "Feature",
      "geometry": {
        "type": "LineString",
        "coordinates": [
          [
            -99.17431,
            19.2886161
          ],
          [
            -99.1742758,
            19.2887026
          ]
        ]
      },
      "properties": {
        "line_id": "metrobus-1",
        "line_name": "Línea 1",
        "line_color": "#E53935"
      }
    },
    {
      "type": "Feature",
      "geometry": {
        "type": "LineString",
        "coordinates": [
          [
            -99.1742758,
            19.2887026
          ],
          [
            -99.17423,
            19.2888209
          ],
          [
            -99.1740608,
            19.2892632
          ],
          [
            -99.1739324,
            19.2895928
          ],
          [
            -99.1738312,
            19.2898233
          ],
          [
            -99.1737421,
            19.2900585
          ],
          [
            -99.173705,
            19.2901839
          ],
          [
            -99.1736876,
            19.2902672
          ],
          [
            -99.173677,
            19.2903746
          ],
          [
            -99.1736784,
            19.2904568
          ],
          [
            -99.1736932,
            19.2905668
          ],
          [
            -99.1737198,
            19.2906718
          ],
          [
            -99.1737534,
            19.2907671
          ],
          [
            -99.173796,
            19.2908537
          ],
          [
            -99.1738479,
            19.2909339
          ],
          [
            -99.1739042,
            19.2910052
          ],
          [
            -99.1739712,
            19.2910766
          ],
          [
            -99.1740359,
            19.2911349
          ],
          [
            -99.1741164,
            19.2911857
          ],
          [
            -99.174259,
            19.2912607
          ],
          [
            -99.1746436,
            19.2914252
          ],
          [
            -99.174725,
            19.2914607
          ],
          [
            -99.1754588,
            19.2917736
          ],
          [
            -99.1755691,
            19.2918186
          ],
          [
            -99.1763121,
            19.2921271
          ],
          [
            -99.1772714,
            19.2925272
          ],
          [
            -99.1775773,
            19.2926544
          ]
        ]
      },
      "properties": {
        "line_id": "metrobus-1",
        "line_name": "Línea 1",
        "line_color": "#E53935"
      }
    },
    {
      "type": "Feature",
      "geometry": {
        "type": "LineString",
        "coordinates": [
          [
            -99.1775773,
            19.2926544
          ],
          [
            -99.1779456,
            19.2928099
          ]
        ]
      },
      "properties": {
        "line_id": "metrobus-1",
        "line_name": "Línea 1",
        "line_color": "#E53935"
      }
    },
    {
      "type": "Feature",
      "geometry": {
        "type": "LineString",
        "coordinates": [
          [
            -99.1779456,
            19.2928099
          ],
          [
            -99.1782485,
            19.2929377
          ]
        ]
      },
      "properties": {
        "line_id": "metrobus-1",
        "line_name": "Línea 1",
        "line_color": "#E53935"
      }
    },
    {
      "type": "Feature",
      "geometry": {
        "type": "LineString",
        "coordinates": [
          [
            -99.1782485,
            19.2929377
          ],
          [
            -99.1783381,
            19.2929755
          ],
          [
            -99.178398,
            19.2930008
          ],
          [
            -99.1787002,
            19.2931284
          ]
        ]
      },
      "properties": {
        "line_id": "metrobus-1",
        "line_name": "Línea 1",
        "line_color": "#E53935"
      }
    },
    {
      "type": "Feature",
      "geometry": {
        "type": "LineString",
        "coordinates": [
          [
            -99.1787002,
            19.2931284
          ],
          [
            -99.1791018,
            19.2933008
          ],
          [
            -99.1793792,
            19.2934198
          ]
        ]
      },
      "properties": {
        "line_id": "metrobus-1",
        "line_name": "Línea 1",
        "line_color": "#E53935"
      }
    },
    {
      "type": "Feature",
      "geometry": {
        "type": "LineString",
        "coordinates": [
          [
            -99.1793792,
            19.2934198
          ],
          [
            -99.1796568,
            19.2935386
          ],
          [
            -99.179682,
            19.2935494
          ]
        ]
      },
      "properties": {
        "line_id": "metrobus-1",
        "line_name": "Línea 1",
        "line_color": "#E53935"
      }
    },
    {
      "type": "Feature",
      "geometry": {
        "type": "LineString",
        "coordinates": [
          [
            -99.179682,
            19.2935494
          ],
          [
            -99.1814627,
            19.2943079
          ],
          [
            -99.1817683,
            19.2944404
          ],
          [
            -99.1820682,
            19.2945756
          ],
          [
            -99.1823206,
            19.2947134
          ],
          [
            -99.182519,
            19.2948428
          ]
        ]
      },
      "properties": {
        "line_id": "metrobus-1",
        "line_name": "Línea 1",
        "line_color": "#E53935"
      }
    },
    {
      "type": "Feature",
      "geometry": {
        "type": "LineString",
        "coordinates": [
          [
            -99.182519,
            19.2948428
          ],
          [
            -99.1827405,
            19.294989
          ],
          [
            -99.1829191,
            19.2950979
          ]
        ]
      },
      "properties": {
        "line_id": "metrobus-1",
        "line_name": "Línea 1",
        "line_color": "#E53935"
      }
    },
    {
      "type": "Feature",
      "geometry": {
        "type": "LineString",
        "coordinates": [
          [
            -99.1829191,
            19.2950979
          ],
          [
            -99.1830929,
            19.2951641
          ],
          [
            -99.1832482,
            19.2952115
          ],
          [
            -99.183395,
            19.2952481
          ],
          [
            -99.1836228,
            19.2952999
          ],
          [
            -99.1837965,
            19.2953406
          ],
          [
            -99.1839474,
            19.2953773
          ]
        ]
      },
      "properties": {
        "line_id": "metrobus-1",
        "line_name": "Línea 1",
        "line_color": "#E53935"
      }
    },
    {
      "type": "Feature",
      "geometry": {
        "type": "LineString",
        "coordinates": [
          [
            -99.1839474,
            19.2953773
          ],
          [
            -99.1840852,
            19.2954146
          ],
          [
            -99.1841855,
            19.2954535
          ],
          [
            -99.1842897,
            19.2954984
          ],
          [
            -99.1844425,
            19.2955811
          ]
        ]
      },
      "properties": {
        "line_id": "metrobus-1",
        "line_name": "Línea 1",
        "line_color": "#E53935"
      }
    },
    {
      "type": "Feature",
      "geometry": {
        "type": "LineString",
        "coordinates": [
          [
            -99.1844425,
            19.2955811
          ],
          [
            -99.1845853,
            19.2956744
          ]
        ]
      },
      "properties": {
        "line_id": "metrobus-1",
        "line_name": "Línea 1",
        "line_color": "#E53935"
      }
    },
    {
      "type": "Feature",
      "geometry": {
        "type": "LineString",
        "coordinates": [
          [
            -99.1845853,
            19.2956744
          ],
          [
            -99.1846911,
            19.2957648
          ],
          [
            -99.1847611,
            19.2958356
          ],
          [
            -99.1848312,
            19.2959212
          ],
          [
            -99.1849157,
            19.2960351
          ],
          [
            -99.184976,
            19.2961369
          ],
          [
            -99.1850273,
            19.2962412
          ],
          [
            -99.1850729,
            19.2963617
          ],
          [
            -99.1851045,
            19.2964693
          ],
          [
            -99.185129,
            19.2966105
          ],
          [
            -99.1851951,
            19.2972047
          ]
        ]
      },
      "properties": {
        "line_id": "metrobus-1",
        "line_name": "Línea 1",
        "line_color": "#E53935"
      }
    },
    {
      "type": "Feature",
      "geometry": {
        "type": "LineString",
        "coordinates": [
          [
            -99.1851951,
            19.2972047
          ],
          [
            -99.1852011,
            19.2972583
          ],
          [
            -99.1852117,
            19.2973462
          ],
          [
            -99.1852282,
            19.2974941
          ]
        ]
      },
      "properties": {
        "line_id": "metrobus-1",
        "line_name": "Línea 1",
        "line_color": "#E53935"
      }
    },
    {
      "type": "Feature",
      "geometry": {
        "type": "LineString",
        "coordinates": [
          [
            -99.1852282,
            19.2974941
          ],
          [
            -99.1852497,
            19.2976771
          ]
        ]
      },
      "properties": {
        "line_id": "metrobus-1",
        "line_name": "Línea 1",
        "line_color": "#E53935"
      }
    },
    {
      "type": "Feature",
      "geometry": {
        "type": "LineString",
        "coordinates": [
          [
            -99.1852497,
            19.2976771
          ],
          [
            -99.1852877,
            19.2979805
          ],
          [
            -99.1853509,
            19.2984845
          ],
          [
            -99.1853646,
            19.298594
          ]
        ]
      },
      "properties": {
        "line_id": "metrobus-1",
        "line_name": "Línea 1",
        "line_color": "#E53935"
      }
    },
    {
      "type": "Feature",
      "geometry": {
        "type": "LineString",
        "coordinates": [
          [
            -99.1853646,
            19.298594
          ],
          [
            -99.1855121,
            19.2997415
          ],
          [
            -99.18556,
            19.3001143
          ],
          [
            -99.1856384,
            19.3007783
          ]
        ]
      },
      "properties": {
        "line_id": "metrobus-1",
        "line_name": "Línea 1",
        "line_color": "#E53935"
      }
    },
    {
      "type": "Feature",
      "geometry": {
        "type": "LineString",
        "coordinates": [
          [
            -99.1856384,
            19.3007783
          ],
          [
            -99.1856921,
            19.3012063
          ]
        ]
      },
      "properties": {
        "line_id": "metrobus-1",
        "line_name": "Línea 1",
        "line_color": "#E53935"
      }
    },
    {
      "type": "Feature",
      "geometry": {
        "type": "LineString",
        "coordinates": [
          [
            -99.1856921,
            19.3012063
          ],
          [
            -99.1857467,
            19.3014309
          ],
          [
            -99.1858831,
            19.3023534
          ],
          [
            -99.1859579,
            19.3031632
          ]
        ]
      },
      "properties": {
        "line_id": "metrobus-1",
        "line_name": "Línea 1",
        "line_color": "#E53935"
      }
    },
    {
      "type": "Feature",
      "geometry": {
        "type": "LineString",
        "coordinates": [
          [
            -99.1859579,
            19.3031632
          ],
          [
            -99.1859497,
            19.3033812
          ]
        ]
      },
      "properties": {
        "line_id": "metrobus-1",
        "line_name": "Línea 1",
        "line_color": "#E53935"
      }
    },
    {
      "type": "Feature",
      "geometry": {
        "type": "LineString",
        "coordinates": [
          [
            -99.1859497,
            19.3033812
          ],
          [
            -99.1861452,
            19.3049017
          ]
        ]
      },
      "properties": {
        "line_id": "metrobus-1",
        "line_name": "Línea 1",
        "line_color": "#E53935"
      }
    },
    {
      "type": "Feature",
      "geometry": {
        "type": "LineString",
        "coordinates": [
          [
            -99.1861452,
            19.3049017
          ],
          [
            -99.1861932,
            19.3052581
          ],
          [
            -99.1862123,
            19.3054198
          ]
        ]
      },
      "properties": {
        "line_id": "metrobus-1",
        "line_name": "Línea 1",
        "line_color": "#E53935"
      }
    },
    {
      "type": "Feature",
      "geometry": {
        "type": "LineString",
        "coordinates": [
          [
            -99.1862123,
            19.3054198
          ],
          [
            -99.1862892,
            19.3057605
          ],
          [
            -99.1866263,
            19.3084808
          ]
        ]
      },
      "properties": {
        "line_id": "metrobus-1",
        "line_name": "Línea 1",
        "line_color": "#E53935"
      }
    },
    {
      "type": "Feature",
      "geometry": {
        "type": "LineString",
        "coordinates": [
          [
            -99.1866263,
            19.3084808
          ],
          [
            -99.1866169,
            19.3087422
          ]
        ]
      },
      "properties": {
        "line_id": "metrobus-1",
        "line_name": "Línea 1",
        "line_color": "#E53935"
      }
    },
    {
      "type": "Feature",
      "geometry": {
        "type": "LineString",
        "coordinates": [
          [
            -99.1866169,
            19.3087422
          ],
          [
            -99.1866508,
            19.3089848
          ],
          [
            -99.1866907,
            19.3092493
          ]
        ]
      },
      "properties": {
        "line_id": "metrobus-1",
        "line_name": "Línea 1",
        "line_color": "#E53935"
      }
    },
    {
      "type": "Feature",
      "geometry": {
        "type": "LineString",
        "coordinates": [
          [
            -99.1866907,
            19.3092493
          ],
          [
            -99.1867461,
            19.3094409
          ],
          [
            -99.1868208,
            19.3099729
          ]
        ]
      },
      "properties": {
        "line_id": "metrobus-1",
        "line_name": "Línea 1",
        "line_color": "#E53935"
      }
    },
    {
      "type": "Feature",
      "geometry": {
        "type": "LineString",
        "coordinates": [
          [
            -99.1868208,
            19.3099729
          ],
          [
            -99.1868445,
            19.3101465
          ],
          [
            -99.1868936,
            19.3105067
          ],
          [
            -99.1871807,
            19.3127692
          ],
          [
            -99.1872484,
            19.3133722
          ],
          [
            -99.1873326,
            19.3141368
          ]
        ]
      },
      "properties": {
        "line_id": "metrobus-1",
        "line_name": "Línea 1",
        "line_color": "#E53935"
      }
    },
    {
      "type": "Feature",
      "geometry": {
        "type": "LineString",
        "coordinates": [
          [
            -99.1873326,
            19.3141368
          ],
          [
            -99.1874777,
            19.3153499
          ]
        ]
      },
      "properties": {
        "line_id": "metrobus-1",
        "line_name": "Línea 1",
        "line_color": "#E53935"
      }
    },
    {
      "type": "Feature",
      "geometry": {
        "type": "LineString",
        "coordinates": [
          [
            -99.1874777,
            19.3153499
          ],
          [
            -99.1875427,
            19.3158601
          ]
        ]
      },
      "properties": {
        "line_id": "metrobus-1",
        "line_name": "Línea 1",
        "line_color": "#E53935"
      }
    },
    {
      "type": "Feature",
      "geometry": {
        "type": "LineString",
        "coordinates": [
          [
            -99.1875427,
            19.3158601
          ],
          [
            -99.1876077,
            19.3163702
          ]
        ]
      },
      "properties": {
        "line_id": "metrobus-1",
        "line_name": "Línea 1",
        "line_color": "#E53935"
      }
    },
    {
      "type": "Feature",
      "geometry": {
        "type": "LineString",
        "coordinates": [
          [
            -99.1876077,
            19.3163702
          ],
          [
            -99.1877693,
            19.3176353
          ]
        ]
      },
      "properties": {
        "line_id": "metrobus-1",
        "line_name": "Línea 1",
        "line_color": "#E53935"
      }
    },
    {
      "type": "Feature",
      "geometry": {
        "type": "LineString",
        "coordinates": [
          [
            -99.1877693,
            19.3176353
          ],
          [
            -99.1878005,
            19.3179102
          ]
        ]
      },
      "properties": {
        "line_id": "metrobus-1",
        "line_name": "Línea 1",
        "line_color": "#E53935"
      }
    },
    {
      "type": "Feature",
      "geometry": {
        "type": "LineString",
        "coordinates": [
          [
            -99.1878005,
            19.3179102
          ],
          [
            -99.1879588,
            19.3192023
          ],
          [
            -99.1880428,
            19.3198973
          ],
          [
            -99.1881365,
            19.320657
          ],
          [
            -99.1882914,
            19.3219743
          ]
        ]
      },
      "properties": {
        "line_id": "metrobus-1",
        "line_name": "Línea 1",
        "line_color": "#E53935"
      }
    },
    {
      "type": "Feature",
      "geometry": {
        "type": "LineString",
        "coordinates": [
          [
            -99.1882914,
            19.3219743
          ],
          [
            -99.1883493,
            19.3224976
          ],
          [
            -99.1883975,
            19.3229305
          ]
        ]
      },
      "properties": {
        "line_id": "metrobus-1",
        "line_name": "Línea 1",
        "line_color": "#E53935"
      }
    },
    {
      "type": "Feature",
      "geometry": {
        "type": "LineString",
        "coordinates": [
          [
            -99.1883975,
            19.3229305
          ],
          [
            -99.188502,
            19.3237352
          ],
          [
            -99.188523,
            19.3239271
          ],
          [
            -99.1885452,
            19.3241597
          ],
          [
            -99.1885596,
            19.3244291
          ]
        ]
      },
      "properties": {
        "line_id": "metrobus-1",
        "line_name": "Línea 1",
        "line_color": "#E53935"
      }
    },
    {
      "type": "Feature",
      "geometry": {
        "type": "LineString",
        "coordinates": [
          [
            -99.1885596,
            19.3244291
          ],
          [
            -99.1886351,
            19.3250743
          ]
        ]
      },
      "properties": {
        "line_id": "metrobus-1",
        "line_name": "Línea 1",
        "line_color": "#E53935"
      }
    },
    {
      "type": "Feature",
      "geometry": {
        "type": "LineString",
        "coordinates": [
          [
            -99.1886351,
            19.3250743
          ],
          [
            -99.1886567,
            19.3252713
          ]
        ]
      },
      "properties": {
        "line_id": "metrobus-1",
        "line_name": "Línea 1",
        "line_color": "#E53935"
      }
    },
    {
      "type": "Feature",
      "geometry": {
        "type": "LineString",
        "coordinates": [
          [
            -99.1886567,
            19.3252713
          ],
          [
            -99.1888995,
            19.3272337
          ]
        ]
      },
      "properties": {
        "line_id": "metrobus-1",
        "line_name": "Línea 1",
        "line_color": "#E53935"
      }
    },
    {
      "type": "Feature",
      "geometry": {
        "type": "LineString",
        "coordinates": [
          [
            -99.1888995,
            19.3272337
          ],
          [
            -99.1889365,
            19.3275281
          ]
        ]
      },
      "properties": {
        "line_id": "metrobus-1",
        "line_name": "Línea 1",
        "line_color": "#E53935"
      }
    },
    {
      "type": "Feature",
      "geometry": {
        "type": "LineString",
        "coordinates": [
          [
            -99.1889365,
            19.3275281
          ],
          [
            -99.1890049,
            19.3281399
          ]
        ]
      },
      "properties": {
        "line_id": "metrobus-1",
        "line_name": "Línea 1",
        "line_color": "#E53935"
      }
    },
    {
      "type": "Feature",
      "geometry": {
        "type": "LineString",
        "coordinates": [
          [
            -99.1890049,
            19.3281399
          ],
          [
            -99.189063,
            19.3285326
          ],
          [
            -99.1891386,
            19.3289585
          ],
          [
            -99.1892981,
            19.3297407
          ],
          [
            -99.1893488,
            19.3300646
          ],
          [
            -99.1893838,
            19.3303225
          ]
        ]
      },
      "properties": {
        "line_id": "metrobus-1",
        "line_name": "Línea 1",
        "line_color": "#E53935"
      }
    },
    {
      "type": "Feature",
      "geometry": {
        "type": "LineString",
        "coordinates": [
          [
            -99.1893838,
            19.3303225
          ],
          [
            -99.1894305,
            19.330728
          ]
        ]
      },
      "properties": {
        "line_id": "metrobus-1",
        "line_name": "Línea 1",
        "line_color": "#E53935"
      }
    },
    {
      "type": "Feature",
      "geometry": {
        "type": "LineString",
        "coordinates": [
          [
            -99.1894305,
            19.330728
          ],
          [
            -99.1895197,
            19.3313796
          ]
        ]
      },
      "properties": {
        "line_id": "metrobus-1",
        "line_name": "Línea 1",
        "line_color": "#E53935"
      }
    },
    {
      "type": "Feature",
      "geometry": {
        "type": "LineString",
        "coordinates": [
          [
            -99.1895197,
            19.3313796
          ],
          [
            -99.1897303,
            19.3330588
          ]
        ]
      },
      "properties": {
        "line_id": "metrobus-1",
        "line_name": "Línea 1",
        "line_color": "#E53935"
      }
    },
    {
      "type": "Feature",
      "geometry": {
        "type": "LineString",
        "coordinates": [
          [
            -99.1897303,
            19.3330588
          ],
          [
            -99.189796,
            19.3335908
          ],
          [
            -99.189828,
            19.3339421
          ],
          [
            -99.1898483,
            19.3344649
          ],
          [
            -99.1898984,
            19.3354938
          ]
        ]
      },
      "properties": {
        "line_id": "metrobus-1",
        "line_name": "Línea 1",
        "line_color": "#E53935"
      }
    },
    {
      "type": "Feature",
      "geometry": {
        "type": "LineString",
        "coordinates": [
          [
            -99.1898984,
            19.3354938
          ],
          [
            -99.1899279,
            19.3357676
          ],
          [
            -99.1899463,
            19.3359121
          ],
          [
            -99.1900274,
            19.3365106
          ]
        ]
      },
      "properties": {
        "line_id": "metrobus-1",
        "line_name": "Línea 1",
        "line_color": "#E53935"
      }
    },
    {
      "type": "Feature",
      "geometry": {
        "type": "LineString",
        "coordinates": [
          [
            -99.1900274,
            19.3365106
          ],
          [
            -99.1900627,
            19.3367873
          ]
        ]
      },
      "properties": {
        "line_id": "metrobus-1",
        "line_name": "Línea 1",
        "line_color": "#E53935"
      }
    },
    {
      "type": "Feature",
      "geometry": {
        "type": "LineString",
        "coordinates": [
          [
            -99.1900627,
            19.3367873
          ],
          [
            -99.1900877,
            19.336993
          ],
          [
            -99.1901293,
            19.3372865
          ]
        ]
      },
      "properties": {
        "line_id": "metrobus-1",
        "line_name": "Línea 1",
        "line_color": "#E53935"
      }
    },
    {
      "type": "Feature",
      "geometry": {
        "type": "LineString",
        "coordinates": [
          [
            -99.1901293,
            19.3372865
          ],
          [
            -99.190162,
            19.3376143
          ],
          [
            -99.1902099,
            19.33805
          ]
        ]
      },
      "properties": {
        "line_id": "metrobus-1",
        "line_name": "Línea 1",
        "line_color": "#E53935"
      }
    },
    {
      "type": "Feature",
      "geometry": {
        "type": "LineString",
        "coordinates": [
          [
            -99.1902099,
            19.33805
          ],
          [
            -99.1902662,
            19.3385074
          ],
          [
            -99.1902678,
            19.3385206
          ]
        ]
      },
      "properties": {
        "line_id": "metrobus-1",
        "line_name": "Línea 1",
        "line_color": "#E53935"
      }
    },
    {
      "type": "Feature",
      "geometry": {
        "type": "LineString",
        "coordinates": [
          [
            -99.1902678,
            19.3385206
          ],
          [
            -99.1902813,
            19.3385721
          ],
          [
            -99.1903068,
            19.338669
          ]
        ]
      },
      "properties": {
        "line_id": "metrobus-1",
        "line_name": "Línea 1",
        "line_color": "#E53935"
      }
    },
    {
      "type": "Feature",
      "geometry": {
        "type": "LineString",
        "coordinates": [
          [
            -99.1903068,
            19.338669
          ],
          [
            -99.1903259,
            19.338767
          ],
          [
            -99.1903464,
            19.3388725
          ],
          [
            -99.1903814,
            19.3391631
          ]
        ]
      },
      "properties": {
        "line_id": "metrobus-1",
        "line_name": "Línea 1",
        "line_color": "#E53935"
      }
    },
    {
      "type": "Feature",
      "geometry": {
        "type": "LineString",
        "coordinates": [
          [
            -99.1903814,
            19.3391631
          ],
          [
            -99.1903907,
            19.3392696
          ],
          [
            -99.1903925,
            19.3393627
          ],
          [
            -99.190383,
            19.3394438
          ]
        ]
      },
      "properties": {
        "line_id": "metrobus-1",
        "line_name": "Línea 1",
        "line_color": "#E53935"
      }
    },
    {
      "type": "Feature",
      "geometry": {
        "type": "LineString",
        "coordinates": [
          [
            -99.190383,
            19.3394438
          ],
          [
            -99.1903596,
            19.3395983
          ],
          [
            -99.1903418,
            19.3396783
          ]
        ]
      },
      "properties": {
        "line_id": "metrobus-1",
        "line_name": "Línea 1",
        "line_color": "#E53935"
      }
    },
    {
      "type": "Feature",
      "geometry": {
        "type": "LineString",
        "coordinates": [
          [
            -99.1903418,
            19.3396783
          ],
          [
            -99.190313,
            19.3398205
          ],
          [
            -99.1898206,
            19.3411176
          ]
        ]
      },
      "properties": {
        "line_id": "metrobus-1",
        "line_name": "Línea 1",
        "line_color": "#E53935"
      }
    },
    {
      "type": "Feature",
      "geometry": {
        "type": "LineString",
        "coordinates": [
          [
            -99.1898206,
            19.3411176
          ],
          [
            -99.1897546,
            19.3412916
          ],
          [
            -99.1896971,
            19.341443
          ]
        ]
      },
      "properties": {
        "line_id": "metrobus-1",
        "line_name": "Línea 1",
        "line_color": "#E53935"
      }
    },
    {
      "type": "Feature",
      "geometry": {
        "type": "LineString",
        "coordinates": [
          [
            -99.1896971,
            19.341443
          ],
          [
            -99.1895962,
            19.3417098
          ],
          [
            -99.1894987,
            19.3419678
          ],
          [
            -99.1894066,
            19.3422113
          ]
        ]
      },
      "properties": {
        "line_id": "metrobus-1",
        "line_name": "Línea 1",
        "line_color": "#E53935"
      }
    },
    {
      "type": "Feature",
      "geometry": {
        "type": "LineString",
        "coordinates": [
          [
            -99.1894066,
            19.3422113
          ],
          [
            -99.1892881,
            19.342519
          ],
          [
            -99.1892487,
            19.3426214
          ]
        ]
      },
      "properties": {
        "line_id": "metrobus-1",
        "line_name": "Línea 1",
        "line_color": "#E53935"
      }
    },
    {
      "type": "Feature",
      "geometry": {
        "type": "LineString",
        "coordinates": [
          [
            -99.1892487,
            19.3426214
          ],
          [
            -99.1886757,
            19.3441511
          ],
          [
            -99.188231,
            19.3453238
          ],
          [
            -99.1876552,
            19.3468254
          ]
        ]
      },
      "properties": {
        "line_id": "metrobus-1",
        "line_name": "Línea 1",
        "line_color": "#E53935"
      }
    },
    {
      "type": "Feature",
      "geometry": {
        "type": "LineString",
        "coordinates": [
          [
            -99.1876552,
            19.3468254
          ],
          [
            -99.1875419,
            19.347114
          ]
        ]
      },
      "properties": {
        "line_id": "metrobus-1",
        "line_name": "Línea 1",
        "line_color": "#E53935"
      }
    },
    {
      "type": "Feature",
      "geometry": {
        "type": "LineString",
        "coordinates": [
          [
            -99.1875419,
            19.347114
          ],
          [
            -99.1874533,
            19.3473378
          ]
        ]
      },
      "properties": {
        "line_id": "metrobus-1",
        "line_name": "Línea 1",
        "line_color": "#E53935"
      }
    },
    {
      "type": "Feature",
      "geometry": {
        "type": "LineString",
        "coordinates": [
          [
            -99.1874533,
            19.3473378
          ],
          [
            -99.1874129,
            19.3474414
          ]
        ]
      },
      "properties": {
        "line_id": "metrobus-1",
        "line_name": "Línea 1",
        "line_color": "#E53935"
      }
    },
    {
      "type": "Feature",
      "geometry": {
        "type": "LineString",
        "coordinates": [
          [
            -99.1874129,
            19.3474414
          ],
          [
            -99.1873731,
            19.3475606
          ],
          [
            -99.1873387,
            19.3476633
          ]
        ]
      },
      "properties": {
        "line_id": "metrobus-1",
        "line_name": "Línea 1",
        "line_color": "#E53935"
      }
    },
    {
      "type": "Feature",
      "geometry": {
        "type": "LineString",
        "coordinates": [
          [
            -99.1873387,
            19.3476633
          ],
          [
            -99.1871589,
            19.3482144
          ]
        ]
      },
      "properties": {
        "line_id": "metrobus-1",
        "line_name": "Línea 1",
        "line_color": "#E53935"
      }
    },
    {
      "type": "Feature",
      "geometry": {
        "type": "LineString",
        "coordinates": [
          [
            -99.1871589,
            19.3482144
          ],
          [
            -99.1869824,
            19.3487647
          ]
        ]
      },
      "properties": {
        "line_id": "metrobus-1",
        "line_name": "Línea 1",
        "line_color": "#E53935"
      }
    },
    {
      "type": "Feature",
      "geometry": {
        "type": "LineString",
        "coordinates": [
          [
            -99.1869824,
            19.3487647
          ],
          [
            -99.1868735,
            19.3491054
          ]
        ]
      },
      "properties": {
        "line_id": "metrobus-1",
        "line_name": "Línea 1",
        "line_color": "#E53935"
      }
    },
    {
      "type": "Feature",
      "geometry": {
        "type": "LineString",
        "coordinates": [
          [
            -99.1868735,
            19.3491054
          ],
          [
            -99.18684,
            19.3492105
          ]
        ]
      },
      "properties": {
        "line_id": "metrobus-1",
        "line_name": "Línea 1",
        "line_color": "#E53935"
      }
    },
    {
      "type": "Feature",
      "geometry": {
        "type": "LineString",
        "coordinates": [
          [
            -99.18684,
            19.3492105
          ],
          [
            -99.1867638,
            19.3494449
          ],
          [
            -99.1865946,
            19.3499661
          ]
        ]
      },
      "properties": {
        "line_id": "metrobus-1",
        "line_name": "Línea 1",
        "line_color": "#E53935"
      }
    },
    {
      "type": "Feature",
      "geometry": {
        "type": "LineString",
        "coordinates": [
          [
            -99.1865946,
            19.3499661
          ],
          [
            -99.1865009,
            19.350246
          ],
          [
            -99.1864467,
            19.3504079
          ]
        ]
      },
      "properties": {
        "line_id": "metrobus-1",
        "line_name": "Línea 1",
        "line_color": "#E53935"
      }
    },
    {
      "type": "Feature",
      "geometry": {
        "type": "LineString",
        "coordinates": [
          [
            -99.1864467,
            19.3504079
          ],
          [
            -99.1864137,
            19.3505147
          ]
        ]
      },
      "properties": {
        "line_id": "metrobus-1",
        "line_name": "Línea 1",
        "line_color": "#E53935"
      }
    },
    {
      "type": "Feature",
      "geometry": {
        "type": "LineString",
        "coordinates": [
          [
            -99.1864137,
            19.3505147
          ],
          [
            -99.1863946,
            19.3505729
          ],
          [
            -99.186281,
            19.350918
          ]
        ]
      },
      "properties": {
        "line_id": "metrobus-1",
        "line_name": "Línea 1",
        "line_color": "#E53935"
      }
    },
    {
      "type": "Feature",
      "geometry": {
        "type": "LineString",
        "coordinates": [
          [
            -99.186281,
            19.350918
          ],
          [
            -99.1861892,
            19.3511961
          ]
        ]
      },
      "properties": {
        "line_id": "metrobus-1",
        "line_name": "Línea 1",
        "line_color": "#E53935"
      }
    },
    {
      "type": "Feature",
      "geometry": {
        "type": "LineString",
        "coordinates": [
          [
            -99.1861892,
            19.3511961
          ],
          [
            -99.1861589,
            19.3512879
          ],
          [
            -99.1860968,
            19.3514758
          ]
        ]
      },
      "properties": {
        "line_id": "metrobus-1",
        "line_name": "Línea 1",
        "line_color": "#E53935"
      }
    },
    {
      "type": "Feature",
      "geometry": {
        "type": "LineString",
        "coordinates": [
          [
            -99.1860968,
            19.3514758
          ],
          [
            -99.1859289,
            19.3520033
          ]
        ]
      },
      "properties": {
        "line_id": "metrobus-1",
        "line_name": "Línea 1",
        "line_color": "#E53935"
      }
    },
    {
      "type": "Feature",
      "geometry": {
        "type": "LineString",
        "coordinates": [
          [
            -99.1859289,
            19.3520033
          ],
          [
            -99.1858103,
            19.3523755
          ]
        ]
      },
      "properties": {
        "line_id": "metrobus-1",
        "line_name": "Línea 1",
        "line_color": "#E53935"
      }
    },
    {
      "type": "Feature",
      "geometry": {
        "type": "LineString",
        "coordinates": [
          [
            -99.1858103,
            19.3523755
          ],
          [
            -99.1854647,
            19.353467
          ],
          [
            -99.1851038,
            19.3546008
          ]
        ]
      },
      "properties": {
        "line_id": "metrobus-1",
        "line_name": "Línea 1",
        "line_color": "#E53935"
      }
    },
    {
      "type": "Feature",
      "geometry": {
        "type": "LineString",
        "coordinates": [
          [
            -99.1851038,
            19.3546008
          ],
          [
            -99.1849862,
            19.3549704
          ]
        ]
      },
      "properties": {
        "line_id": "metrobus-1",
        "line_name": "Línea 1",
        "line_color": "#E53935"
      }
    },
    {
      "type": "Feature",
      "geometry": {
        "type": "LineString",
        "coordinates": [
          [
            -99.1849862,
            19.3549704
          ],
          [
            -99.184763,
            19.3556563
          ]
        ]
      },
      "properties": {
        "line_id": "metrobus-1",
        "line_name": "Línea 1",
        "line_color": "#E53935"
      }
    },
    {
      "type": "Feature",
      "geometry": {
        "type": "LineString",
        "coordinates": [
          [
            -99.184763,
            19.3556563
          ],
          [
            -99.1846534,
            19.355994
          ]
        ]
      },
      "properties": {
        "line_id": "metrobus-1",
        "line_name": "Línea 1",
        "line_color": "#E53935"
      }
    },
    {
      "type": "Feature",
      "geometry": {
        "type": "LineString",
        "coordinates": [
          [
            -99.1846534,
            19.355994
          ],
          [
            -99.1838601,
            19.3584274
          ]
        ]
      },
      "properties": {
        "line_id": "metrobus-1",
        "line_name": "Línea 1",
        "line_color": "#E53935"
      }
    },
    {
      "type": "Feature",
      "geometry": {
        "type": "LineString",
        "coordinates": [
          [
            -99.1838601,
            19.3584274
          ],
          [
            -99.1836928,
            19.3589506
          ]
        ]
      },
      "properties": {
        "line_id": "metrobus-1",
        "line_name": "Línea 1",
        "line_color": "#E53935"
      }
    },
    {
      "type": "Feature",
      "geometry": {
        "type": "LineString",
        "coordinates": [
          [
            -99.1836928,
            19.3589506
          ],
          [
            -99.1832913,
            19.3601755
          ],
          [
            -99.1829242,
            19.3613105
          ],
          [
            -99.1827672,
            19.3617954
          ]
        ]
      },
      "properties": {
        "line_id": "metrobus-1",
        "line_name": "Línea 1",
        "line_color": "#E53935"
      }
    },
    {
      "type": "Feature",
      "geometry": {
        "type": "LineString",
        "coordinates": [
          [
            -99.1827672,
            19.3617954
          ],
          [
            -99.1826836,
            19.3620705
          ],
          [
            -99.1826202,
            19.3622627
          ]
        ]
      },
      "properties": {
        "line_id": "metrobus-1",
        "line_name": "Línea 1",
        "line_color": "#E53935"
      }
    },
    {
      "type": "Feature",
      "geometry": {
        "type": "LineString",
        "coordinates": [
          [
            -99.1826202,
            19.3622627
          ],
          [
            -99.1826039,
            19.3623082
          ]
        ]
      },
      "properties": {
        "line_id": "metrobus-1",
        "line_name": "Línea 1",
        "line_color": "#E53935"
      }
    },
    {
      "type": "Feature",
      "geometry": {
        "type": "LineString",
        "coordinates": [
          [
            -99.1826039,
            19.3623082
          ],
          [
            -99.1825565,
            19.3624408
          ]
        ]
      },
      "properties": {
        "line_id": "metrobus-1",
        "line_name": "Línea 1",
        "line_color": "#E53935"
      }
    },
    {
      "type": "Feature",
      "geometry": {
        "type": "LineString",
        "coordinates": [
          [
            -99.1825565,
            19.3624408
          ],
          [
            -99.1824908,
            19.362642
          ]
        ]
      },
      "properties": {
        "line_id": "metrobus-1",
        "line_name": "Línea 1",
        "line_color": "#E53935"
      }
    },
    {
      "type": "Feature",
      "geometry": {
        "type": "LineString",
        "coordinates": [
          [
            -99.1824908,
            19.362642
          ],
          [
            -99.1824634,
            19.3627261
          ],
          [
            -99.1820584,
            19.3639699
          ]
        ]
      },
      "properties": {
        "line_id": "metrobus-1",
        "line_name": "Línea 1",
        "line_color": "#E53935"
      }
    },
    {
      "type": "Feature",
      "geometry": {
        "type": "LineString",
        "coordinates": [
          [
            -99.1820584,
            19.3639699
          ],
          [
            -99.1819473,
            19.3643246
          ]
        ]
      },
      "properties": {
        "line_id": "metrobus-1",
        "line_name": "Línea 1",
        "line_color": "#E53935"
      }
    },
    {
      "type": "Feature",
      "geometry": {
        "type": "LineString",
        "coordinates": [
          [
            -99.1819473,
            19.3643246
          ],
          [
            -99.1817676,
            19.364863
          ],
          [
            -99.1815962,
            19.3653895
          ]
        ]
      },
      "properties": {
        "line_id": "metrobus-1",
        "line_name": "Línea 1",
        "line_color": "#E53935"
      }
    },
    {
      "type": "Feature",
      "geometry": {
        "type": "LineString",
        "coordinates": [
          [
            -99.1815962,
            19.3653895
          ],
          [
            -99.1814519,
            19.3658324
          ]
        ]
      },
      "properties": {
        "line_id": "metrobus-1",
        "line_name": "Línea 1",
        "line_color": "#E53935"
      }
    },
    {
      "type": "Feature",
      "geometry": {
        "type": "LineString",
        "coordinates": [
          [
            -99.1814519,
            19.3658324
          ],
          [
            -99.1814348,
            19.3662101
          ],
          [
            -99.1810947,
            19.3672427
          ],
          [
            -99.180939,
            19.3675
          ],
          [
            -99.1808994,
            19.3675654
          ],
          [
            -99.1808702,
            19.3676109
          ]
        ]
      },
      "properties": {
        "line_id": "metrobus-1",
        "line_name": "Línea 1",
        "line_color": "#E53935"
      }
    },
    {
      "type": "Feature",
      "geometry": {
        "type": "LineString",
        "coordinates": [
          [
            -99.1808702,
            19.3676109
          ],
          [
            -99.1807099,
            19.3681127
          ]
        ]
      },
      "properties": {
        "line_id": "metrobus-1",
        "line_name": "Línea 1",
        "line_color": "#E53935"
      }
    },
    {
      "type": "Feature",
      "geometry": {
        "type": "LineString",
        "coordinates": [
          [
            -99.1807099,
            19.3681127
          ],
          [
            -99.1806762,
            19.3682174
          ],
          [
            -99.1804003,
            19.3690856
          ],
          [
            -99.1801745,
            19.369789
          ]
        ]
      },
      "properties": {
        "line_id": "metrobus-1",
        "line_name": "Línea 1",
        "line_color": "#E53935"
      }
    },
    {
      "type": "Feature",
      "geometry": {
        "type": "LineString",
        "coordinates": [
          [
            -99.1801745,
            19.369789
          ],
          [
            -99.1800802,
            19.3700802
          ],
          [
            -99.1800583,
            19.3701477
          ]
        ]
      },
      "properties": {
        "line_id": "metrobus-1",
        "line_name": "Línea 1",
        "line_color": "#E53935"
      }
    },
    {
      "type": "Feature",
      "geometry": {
        "type": "LineString",
        "coordinates": [
          [
            -99.1800583,
            19.3701477
          ],
          [
            -99.1800292,
            19.3702374
          ],
          [
            -99.1798502,
            19.3707896
          ],
          [
            -99.1798363,
            19.3708309
          ],
          [
            -99.1797029,
            19.3712431
          ]
        ]
      },
      "properties": {
        "line_id": "metrobus-1",
        "line_name": "Línea 1",
        "line_color": "#E53935"
      }
    },
    {
      "type": "Feature",
      "geometry": {
        "type": "LineString",
        "coordinates": [
          [
            -99.1797029,
            19.3712431
          ],
          [
            -99.179607,
            19.3715321
          ],
          [
            -99.1795822,
            19.3716103
          ]
        ]
      },
      "properties": {
        "line_id": "metrobus-1",
        "line_name": "Línea 1",
        "line_color": "#E53935"
      }
    },
    {
      "type": "Feature",
      "geometry": {
        "type": "LineString",
        "coordinates": [
          [
            -99.1795822,
            19.3716103
          ],
          [
            -99.1795556,
            19.3716908
          ],
          [
            -99.1795162,
            19.3718142
          ],
          [
            -99.1789405,
            19.3735748
          ],
          [
            -99.1788994,
            19.3737033
          ]
        ]
      },
      "properties": {
        "line_id": "metrobus-1",
        "line_name": "Línea 1",
        "line_color": "#E53935"
      }
    },
    {
      "type": "Feature",
      "geometry": {
        "type": "LineString",
        "coordinates": [
          [
            -99.1788994,
            19.3737033
          ],
          [
            -99.178861,
            19.373818
          ],
          [
            -99.1787372,
            19.3741965
          ],
          [
            -99.1786431,
            19.3744844
          ],
          [
            -99.1784297,
            19.375137
          ],
          [
            -99.1782626,
            19.375648
          ],
          [
            -99.1781039,
            19.3761943
          ]
        ]
      },
      "properties": {
        "line_id": "metrobus-1",
        "line_name": "Línea 1",
        "line_color": "#E53935"
      }
    },
    {
      "type": "Feature",
      "geometry": {
        "type": "LineString",
        "coordinates": [
          [
            -99.1781039,
            19.3761943
          ],
          [
            -99.1779883,
            19.3765518
          ],
          [
            -99.1779702,
            19.3766077
          ]
        ]
      },
      "properties": {
        "line_id": "metrobus-1",
        "line_name": "Línea 1",
        "line_color": "#E53935"
      }
    },
    {
      "type": "Feature",
      "geometry": {
        "type": "LineString",
        "coordinates": [
          [
            -99.1779702,
            19.3766077
          ],
          [
            -99.1779589,
            19.3766422
          ],
          [
            -99.1779463,
            19.3766806
          ],
          [
            -99.1778698,
            19.3769145
          ],
          [
            -99.1778612,
            19.3769374
          ],
          [
            -99.1775577,
            19.3778689
          ],
          [
            -99.1772666,
            19.3787979
          ],
          [
            -99.177101,
            19.3792652
          ],
          [
            -99.1769935,
            19.3795938
          ]
        ]
      },
      "properties": {
        "line_id": "metrobus-1",
        "line_name": "Línea 1",
        "line_color": "#E53935"
      }
    },
    {
      "type": "Feature",
      "geometry": {
        "type": "LineString",
        "coordinates": [
          [
            -99.1769935,
            19.3795938
          ],
          [
            -99.1768688,
            19.3799752
          ],
          [
            -99.1768519,
            19.3800269
          ],
          [
            -99.1768221,
            19.3801197
          ],
          [
            -99.1767971,
            19.3802016
          ]
        ]
      },
      "properties": {
        "line_id": "metrobus-1",
        "line_name": "Línea 1",
        "line_color": "#E53935"
      }
    },
    {
      "type": "Feature",
      "geometry": {
        "type": "LineString",
        "coordinates": [
          [
            -99.1767971,
            19.3802016
          ],
          [
            -99.1767728,
            19.3802779
          ],
          [
            -99.1767067,
            19.3804992
          ],
          [
            -99.1766768,
            19.3806
          ],
          [
            -99.1766602,
            19.3806503
          ],
          [
            -99.176484,
            19.3811931
          ],
          [
            -99.1762799,
            19.3818062
          ],
          [
            -99.1761965,
            19.38206
          ],
          [
            -99.1761751,
            19.3821249
          ],
          [
            -99.1761039,
            19.3823413
          ],
          [
            -99.1760836,
            19.3824029
          ],
          [
            -99.1760461,
            19.3825169
          ]
        ]
      },
      "properties": {
        "line_id": "metrobus-1",
        "line_name": "Línea 1",
        "line_color": "#E53935"
      }
    },
    {
      "type": "Feature",
      "geometry": {
        "type": "LineString",
        "coordinates": [
          [
            -99.1760461,
            19.3825169
          ],
          [
            -99.1759524,
            19.3828013
          ],
          [
            -99.1758268,
            19.3831807
          ]
        ]
      },
      "properties": {
        "line_id": "metrobus-1",
        "line_name": "Línea 1",
        "line_color": "#E53935"
      }
    },
    {
      "type": "Feature",
      "geometry": {
        "type": "LineString",
        "coordinates": [
          [
            -99.1758268,
            19.3831807
          ],
          [
            -99.1757651,
            19.3833736
          ],
          [
            -99.1757469,
            19.3834305
          ],
          [
            -99.1754634,
            19.3843163
          ],
          [
            -99.1751872,
            19.3851792
          ],
          [
            -99.1750416,
            19.3856341
          ]
        ]
      },
      "properties": {
        "line_id": "metrobus-1",
        "line_name": "Línea 1",
        "line_color": "#E53935"
      }
    },
    {
      "type": "Feature",
      "geometry": {
        "type": "LineString",
        "coordinates": [
          [
            -99.1750416,
            19.3856341
          ],
          [
            -99.1749828,
            19.385818
          ],
          [
            -99.1749185,
            19.3860163
          ],
          [
            -99.1748826,
            19.3861269
          ]
        ]
      },
      "properties": {
        "line_id": "metrobus-1",
        "line_name": "Línea 1",
        "line_color": "#E53935"
      }
    },
    {
      "type": "Feature",
      "geometry": {
        "type": "LineString",
        "coordinates": [
          [
            -99.1748826,
            19.3861269
          ],
          [
            -99.1748337,
            19.3862772
          ],
          [
            -99.174232,
            19.3881247
          ],
          [
            -99.1741605,
            19.3883444
          ],
          [
            -99.1739877,
            19.388875
          ],
          [
            -99.1738517,
            19.3892926
          ],
          [
            -99.173742,
            19.3896294
          ],
          [
            -99.1737184,
            19.389702
          ]
        ]
      },
      "properties": {
        "line_id": "metrobus-1",
        "line_name": "Línea 1",
        "line_color": "#E53935"
      }
    },
    {
      "type": "Feature",
      "geometry": {
        "type": "LineString",
        "coordinates": [
          [
            -99.1737184,
            19.389702
          ],
          [
            -99.1736227,
            19.3899958
          ],
          [
            -99.1735818,
            19.3901213
          ]
        ]
      },
      "properties": {
        "line_id": "metrobus-1",
        "line_name": "Línea 1",
        "line_color": "#E53935"
      }
    },
    {
      "type": "Feature",
      "geometry": {
        "type": "LineString",
        "coordinates": [
          [
            -99.1735818,
            19.3901213
          ],
          [
            -99.1735533,
            19.3902103
          ],
          [
            -99.1735282,
            19.3902888
          ],
          [
            -99.1734191,
            19.3906294
          ],
          [
            -99.1732429,
            19.3911798
          ],
          [
            -99.1731122,
            19.3915877
          ],
          [
            -99.1729891,
            19.3919722
          ]
        ]
      },
      "properties": {
        "line_id": "metrobus-1",
        "line_name": "Línea 1",
        "line_color": "#E53935"
      }
    },
    {
      "type": "Feature",
      "geometry": {
        "type": "LineString",
        "coordinates": [
          [
            -99.1729891,
            19.3919722
          ],
          [
            -99.1727808,
            19.3926229
          ],
          [
            -99.1727501,
            19.3927187
          ]
        ]
      },
      "properties": {
        "line_id": "metrobus-1",
        "line_name": "Línea 1",
        "line_color": "#E53935"
      }
    },
    {
      "type": "Feature",
      "geometry": {
        "type": "LineString",
        "coordinates": [
          [
            -99.1727501,
            19.3927187
          ],
          [
            -99.1727252,
            19.3927952
          ],
          [
            -99.1724526,
            19.3936312
          ]
        ]
      },
      "properties": {
        "line_id": "metrobus-1",
        "line_name": "Línea 1",
        "line_color": "#E53935"
      }
    },
    {
      "type": "Feature",
      "geometry": {
        "type": "LineString",
        "coordinates": [
          [
            -99.1724526,
            19.3936312
          ],
          [
            -99.1723535,
            19.3939352
          ],
          [
            -99.1723519,
            19.3939401
          ]
        ]
      },
      "properties": {
        "line_id": "metrobus-1",
        "line_name": "Línea 1",
        "line_color": "#E53935"
      }
    },
    {
      "type": "Feature",
      "geometry": {
        "type": "LineString",
        "coordinates": [
          [
            -99.1723519,
            19.3939401
          ],
          [
            -99.1723305,
            19.394006
          ],
          [
            -99.1717671,
            19.3957341
          ]
        ]
      },
      "properties": {
        "line_id": "metrobus-1",
        "line_name": "Línea 1",
        "line_color": "#E53935"
      }
    },
    {
      "type": "Feature",
      "geometry": {
        "type": "LineString",
        "coordinates": [
          [
            -99.1717671,
            19.3957341
          ],
          [
            -99.1716721,
            19.3960255
          ],
          [
            -99.1716431,
            19.3961144
          ]
        ]
      },
      "properties": {
        "line_id": "metrobus-1",
        "line_name": "Línea 1",
        "line_color": "#E53935"
      }
    },
    {
      "type": "Feature",
      "geometry": {
        "type": "LineString",
        "coordinates": [
          [
            -99.1716431,
            19.3961144
          ],
          [
            -99.1716262,
            19.3961663
          ],
          [
            -99.1712625,
            19.3972865
          ],
          [
            -99.1710594,
            19.397912
          ],
          [
            -99.1710243,
            19.3980201
          ]
        ]
      },
      "properties": {
        "line_id": "metrobus-1",
        "line_name": "Línea 1",
        "line_color": "#E53935"
      }
    },
    {
      "type": "Feature",
      "geometry": {
        "type": "LineString",
        "coordinates": [
          [
            -99.1710243,
            19.3980201
          ],
          [
            -99.1709397,
            19.3982804
          ],
          [
            -99.170936,
            19.3982918
          ],
          [
            -99.1709033,
            19.3983926
          ]
        ]
      },
      "properties": {
        "line_id": "metrobus-1",
        "line_name": "Línea 1",
        "line_color": "#E53935"
      }
    },
    {
      "type": "Feature",
      "geometry": {
        "type": "LineString",
        "coordinates": [
          [
            -99.1709033,
            19.3983926
          ],
          [
            -99.170881,
            19.3984604
          ],
          [
            -99.1705889,
            19.3993471
          ]
        ]
      },
      "properties": {
        "line_id": "metrobus-1",
        "line_name": "Línea 1",
        "line_color": "#E53935"
      }
    },
    {
      "type": "Feature",
      "geometry": {
        "type": "LineString",
        "coordinates": [
          [
            -99.1705889,
            19.3993471
          ],
          [
            -99.1705332,
            19.3995164
          ],
          [
            -99.1704989,
            19.3996205
          ]
        ]
      },
      "properties": {
        "line_id": "metrobus-1",
        "line_name": "Línea 1",
        "line_color": "#E53935"
      }
    },
    {
      "type": "Feature",
      "geometry": {
        "type": "LineString",
        "coordinates": [
          [
            -99.1704989,
            19.3996205
          ],
          [
            -99.1704429,
            19.3997904
          ],
          [
            -99.1704217,
            19.3998547
          ],
          [
            -99.1703914,
            19.3999467
          ]
        ]
      },
      "properties": {
        "line_id": "metrobus-1",
        "line_name": "Línea 1",
        "line_color": "#E53935"
      }
    },
    {
      "type": "Feature",
      "geometry": {
        "type": "LineString",
        "coordinates": [
          [
            -99.1703914,
            19.3999467
          ],
          [
            -99.170362,
            19.4000362
          ]
        ]
      },
      "properties": {
        "line_id": "metrobus-1",
        "line_name": "Línea 1",
        "line_color": "#E53935"
      }
    },
    {
      "type": "Feature",
      "geometry": {
        "type": "LineString",
        "coordinates": [
          [
            -99.170362,
            19.4000362
          ],
          [
            -99.1703233,
            19.40016
          ],
          [
            -99.1702829,
            19.4002896
          ]
        ]
      },
      "properties": {
        "line_id": "metrobus-1",
        "line_name": "Línea 1",
        "line_color": "#E53935"
      }
    },
    {
      "type": "Feature",
      "geometry": {
        "type": "LineString",
        "coordinates": [
          [
            -99.1702829,
            19.4002896
          ],
          [
            -99.170248,
            19.4003965
          ],
          [
            -99.1700207,
            19.4010929
          ],
          [
            -99.1698532,
            19.4016116
          ],
          [
            -99.1697206,
            19.402022
          ]
        ]
      },
      "properties": {
        "line_id": "metrobus-1",
        "line_name": "Línea 1",
        "line_color": "#E53935"
      }
    },
    {
      "type": "Feature",
      "geometry": {
        "type": "LineString",
        "coordinates": [
          [
            -99.1697206,
            19.402022
          ],
          [
            -99.1696842,
            19.4021348
          ],
          [
            -99.169598,
            19.4024016
          ],
          [
            -99.1695566,
            19.4025298
          ]
        ]
      },
      "properties": {
        "line_id": "metrobus-1",
        "line_name": "Línea 1",
        "line_color": "#E53935"
      }
    },
    {
      "type": "Feature",
      "geometry": {
        "type": "LineString",
        "coordinates": [
          [
            -99.1695566,
            19.4025298
          ],
          [
            -99.1695275,
            19.4026184
          ],
          [
            -99.1693658,
            19.4031112
          ]
        ]
      },
      "properties": {
        "line_id": "metrobus-1",
        "line_name": "Línea 1",
        "line_color": "#E53935"
      }
    },
    {
      "type": "Feature",
      "geometry": {
        "type": "LineString",
        "coordinates": [
          [
            -99.1693658,
            19.4031112
          ],
          [
            -99.1692478,
            19.4034708
          ],
          [
            -99.1692253,
            19.4035393
          ]
        ]
      },
      "properties": {
        "line_id": "metrobus-1",
        "line_name": "Línea 1",
        "line_color": "#E53935"
      }
    },
    {
      "type": "Feature",
      "geometry": {
        "type": "LineString",
        "coordinates": [
          [
            -99.1692253,
            19.4035393
          ],
          [
            -99.1691998,
            19.4036171
          ],
          [
            -99.1691843,
            19.4036686
          ]
        ]
      },
      "properties": {
        "line_id": "metrobus-1",
        "line_name": "Línea 1",
        "line_color": "#E53935"
      }
    },
    {
      "type": "Feature",
      "geometry": {
        "type": "LineString",
        "coordinates": [
          [
            -99.1691843,
            19.4036686
          ],
          [
            -99.1691722,
            19.4037061
          ],
          [
            -99.1690598,
            19.4040536
          ],
          [
            -99.1690496,
            19.4040884
          ],
          [
            -99.1688646,
            19.4046684
          ],
          [
            -99.1687108,
            19.4051427
          ],
          [
            -99.1686227,
            19.4053992
          ]
        ]
      },
      "properties": {
        "line_id": "metrobus-1",
        "line_name": "Línea 1",
        "line_color": "#E53935"
      }
    },
    {
      "type": "Feature",
      "geometry": {
        "type": "LineString",
        "coordinates": [
          [
            -99.1686227,
            19.4053992
          ],
          [
            -99.1684832,
            19.4058055
          ],
          [
            -99.1684463,
            19.405913
          ]
        ]
      },
      "properties": {
        "line_id": "metrobus-1",
        "line_name": "Línea 1",
        "line_color": "#E53935"
      }
    },
    {
      "type": "Feature",
      "geometry": {
        "type": "LineString",
        "coordinates": [
          [
            -99.1684463,
            19.405913
          ],
          [
            -99.1684107,
            19.4060241
          ],
          [
            -99.168087,
            19.407017
          ],
          [
            -99.1680776,
            19.4070458
          ]
        ]
      },
      "properties": {
        "line_id": "metrobus-1",
        "line_name": "Línea 1",
        "line_color": "#E53935"
      }
    },
    {
      "type": "Feature",
      "geometry": {
        "type": "LineString",
        "coordinates": [
          [
            -99.1680776,
            19.4070458
          ],
          [
            -99.1680564,
            19.4071195
          ],
          [
            -99.1680326,
            19.4072023
          ],
          [
            -99.1678466,
            19.4077855
          ]
        ]
      },
      "properties": {
        "line_id": "metrobus-1",
        "line_name": "Línea 1",
        "line_color": "#E53935"
      }
    },
    {
      "type": "Feature",
      "geometry": {
        "type": "LineString",
        "coordinates": [
          [
            -99.1678466,
            19.4077855
          ],
          [
            -99.1677375,
            19.4081264
          ],
          [
            -99.1677125,
            19.4082044
          ]
        ]
      },
      "properties": {
        "line_id": "metrobus-1",
        "line_name": "Línea 1",
        "line_color": "#E53935"
      }
    },
    {
      "type": "Feature",
      "geometry": {
        "type": "LineString",
        "coordinates": [
          [
            -99.1677125,
            19.4082044
          ],
          [
            -99.1676788,
            19.4083069
          ],
          [
            -99.1674929,
            19.4088715
          ]
        ]
      },
      "properties": {
        "line_id": "metrobus-1",
        "line_name": "Línea 1",
        "line_color": "#E53935"
      }
    },
    {
      "type": "Feature",
      "geometry": {
        "type": "LineString",
        "coordinates": [
          [
            -99.1674929,
            19.4088715
          ],
          [
            -99.1673819,
            19.4092087
          ],
          [
            -99.1673487,
            19.4093094
          ]
        ]
      },
      "properties": {
        "line_id": "metrobus-1",
        "line_name": "Línea 1",
        "line_color": "#E53935"
      }
    },
    {
      "type": "Feature",
      "geometry": {
        "type": "LineString",
        "coordinates": [
          [
            -99.1673487,
            19.4093094
          ],
          [
            -99.1673211,
            19.4093932
          ],
          [
            -99.1671063,
            19.4100458
          ]
        ]
      },
      "properties": {
        "line_id": "metrobus-1",
        "line_name": "Línea 1",
        "line_color": "#E53935"
      }
    },
    {
      "type": "Feature",
      "geometry": {
        "type": "LineString",
        "coordinates": [
          [
            -99.1671063,
            19.4100458
          ],
          [
            -99.1669732,
            19.4104499
          ],
          [
            -99.1669512,
            19.4105168
          ]
        ]
      },
      "properties": {
        "line_id": "metrobus-1",
        "line_name": "Línea 1",
        "line_color": "#E53935"
      }
    },
    {
      "type": "Feature",
      "geometry": {
        "type": "LineString",
        "coordinates": [
          [
            -99.1669512,
            19.4105168
          ],
          [
            -99.1669293,
            19.4105844
          ],
          [
            -99.166603,
            19.4115905
          ],
          [
            -99.1663902,
            19.4122467
          ],
          [
            -99.1663563,
            19.4123511
          ]
        ]
      },
      "properties": {
        "line_id": "metrobus-1",
        "line_name": "Línea 1",
        "line_color": "#E53935"
      }
    },
    {
      "type": "Feature",
      "geometry": {
        "type": "LineString",
        "coordinates": [
          [
            -99.1663563,
            19.4123511
          ],
          [
            -99.1662361,
            19.412722
          ],
          [
            -99.1662086,
            19.4128067
          ]
        ]
      },
      "properties": {
        "line_id": "metrobus-1",
        "line_name": "Línea 1",
        "line_color": "#E53935"
      }
    },
    {
      "type": "Feature",
      "geometry": {
        "type": "LineString",
        "coordinates": [
          [
            -99.1662086,
            19.4128067
          ],
          [
            -99.1661786,
            19.4128976
          ],
          [
            -99.1659042,
            19.4137309
          ],
          [
            -99.1655996,
            19.4146556
          ]
        ]
      },
      "properties": {
        "line_id": "metrobus-1",
        "line_name": "Línea 1",
        "line_color": "#E53935"
      }
    },
    {
      "type": "Feature",
      "geometry": {
        "type": "LineString",
        "coordinates": [
          [
            -99.1655996,
            19.4146556
          ],
          [
            -99.165469,
            19.415052
          ],
          [
            -99.165413,
            19.415222
          ]
        ]
      },
      "properties": {
        "line_id": "metrobus-1",
        "line_name": "Línea 1",
        "line_color": "#E53935"
      }
    },
    {
      "type": "Feature",
      "geometry": {
        "type": "LineString",
        "coordinates": [
          [
            -99.165413,
            19.415222
          ],
          [
            -99.1653261,
            19.4154998
          ]
        ]
      },
      "properties": {
        "line_id": "metrobus-1",
        "line_name": "Línea 1",
        "line_color": "#E53935"
      }
    },
    {
      "type": "Feature",
      "geometry": {
        "type": "LineString",
        "coordinates": [
          [
            -99.1653261,
            19.4154998
          ],
          [
            -99.1652908,
            19.4156096
          ],
          [
            -99.1652745,
            19.4156602
          ],
          [
            -99.1652527,
            19.4157278
          ]
        ]
      },
      "properties": {
        "line_id": "metrobus-1",
        "line_name": "Línea 1",
        "line_color": "#E53935"
      }
    },
    {
      "type": "Feature",
      "geometry": {
        "type": "LineString",
        "coordinates": [
          [
            -99.1652527,
            19.4157278
          ],
          [
            -99.1652383,
            19.4157726
          ],
          [
            -99.1651457,
            19.4160602
          ]
        ]
      },
      "properties": {
        "line_id": "metrobus-1",
        "line_name": "Línea 1",
        "line_color": "#E53935"
      }
    },
    {
      "type": "Feature",
      "geometry": {
        "type": "LineString",
        "coordinates": [
          [
            -99.1651457,
            19.4160602
          ],
          [
            -99.1650302,
            19.4164189
          ],
          [
            -99.1649149,
            19.4167772
          ]
        ]
      },
      "properties": {
        "line_id": "metrobus-1",
        "line_name": "Línea 1",
        "line_color": "#E53935"
      }
    },
    {
      "type": "Feature",
      "geometry": {
        "type": "LineString",
        "coordinates": [
          [
            -99.1649149,
            19.4167772
          ],
          [
            -99.1647753,
            19.4172105
          ]
        ]
      },
      "properties": {
        "line_id": "metrobus-1",
        "line_name": "Línea 1",
        "line_color": "#E53935"
      }
    },
    {
      "type": "Feature",
      "geometry": {
        "type": "LineString",
        "coordinates": [
          [
            -99.1647753,
            19.4172105
          ],
          [
            -99.164723,
            19.4174331
          ]
        ]
      },
      "properties": {
        "line_id": "metrobus-1",
        "line_name": "Línea 1",
        "line_color": "#E53935"
      }
    },
    {
      "type": "Feature",
      "geometry": {
        "type": "LineString",
        "coordinates": [
          [
            -99.164723,
            19.4174331
          ],
          [
            -99.1645801,
            19.4179337
          ]
        ]
      },
      "properties": {
        "line_id": "metrobus-1",
        "line_name": "Línea 1",
        "line_color": "#E53935"
      }
    },
    {
      "type": "Feature",
      "geometry": {
        "type": "LineString",
        "coordinates": [
          [
            -99.1645801,
            19.4179337
          ],
          [
            -99.1644787,
            19.4182891
          ],
          [
            -99.1644051,
            19.418547
          ]
        ]
      },
      "properties": {
        "line_id": "metrobus-1",
        "line_name": "Línea 1",
        "line_color": "#E53935"
      }
    },
    {
      "type": "Feature",
      "geometry": {
        "type": "LineString",
        "coordinates": [
          [
            -99.1644051,
            19.418547
          ],
          [
            -99.1642935,
            19.4189222
          ]
        ]
      },
      "properties": {
        "line_id": "metrobus-1",
        "line_name": "Línea 1",
        "line_color": "#E53935"
      }
    },
    {
      "type": "Feature",
      "geometry": {
        "type": "LineString",
        "coordinates": [
          [
            -99.1642935,
            19.4189222
          ],
          [
            -99.1639905,
            19.4199409
          ]
        ]
      },
      "properties": {
        "line_id": "metrobus-1",
        "line_name": "Línea 1",
        "line_color": "#E53935"
      }
    },
    {
      "type": "Feature",
      "geometry": {
        "type": "LineString",
        "coordinates": [
          [
            -99.1639905,
            19.4199409
          ],
          [
            -99.1638709,
            19.4203434
          ]
        ]
      },
      "properties": {
        "line_id": "metrobus-1",
        "line_name": "Línea 1",
        "line_color": "#E53935"
      }
    },
    {
      "type": "Feature",
      "geometry": {
        "type": "LineString",
        "coordinates": [
          [
            -99.1638709,
            19.4203434
          ],
          [
            -99.1635837,
            19.4213159
          ],
          [
            -99.1634571,
            19.4217573
          ]
        ]
      },
      "properties": {
        "line_id": "metrobus-1",
        "line_name": "Línea 1",
        "line_color": "#E53935"
      }
    },
    {
      "type": "Feature",
      "geometry": {
        "type": "LineString",
        "coordinates": [
          [
            -99.1634571,
            19.4217573
          ],
          [
            -99.1633297,
            19.422196
          ]
        ]
      },
      "properties": {
        "line_id": "metrobus-1",
        "line_name": "Línea 1",
        "line_color": "#E53935"
      }
    },
    {
      "type": "Feature",
      "geometry": {
        "type": "LineString",
        "coordinates": [
          [
            -99.1633297,
            19.422196
          ],
          [
            -99.1632337,
            19.4225388
          ]
        ]
      },
      "properties": {
        "line_id": "metrobus-1",
        "line_name": "Línea 1",
        "line_color": "#E53935"
      }
    },
    {
      "type": "Feature",
      "geometry": {
        "type": "LineString",
        "coordinates": [
          [
            -99.1632337,
            19.4225388
          ],
          [
            -99.1631747,
            19.4227462
          ]
        ]
      },
      "properties": {
        "line_id": "metrobus-1",
        "line_name": "Línea 1",
        "line_color": "#E53935"
      }
    },
    {
      "type": "Feature",
      "geometry": {
        "type": "LineString",
        "coordinates": [
          [
            -99.1631747,
            19.4227462
          ],
          [
            -99.1631066,
            19.422957
          ]
        ]
      },
      "properties": {
        "line_id": "metrobus-1",
        "line_name": "Línea 1",
        "line_color": "#E53935"
      }
    },
    {
      "type": "Feature",
      "geometry": {
        "type": "LineString",
        "coordinates": [
          [
            -99.1631066,
            19.422957
          ],
          [
            -99.1630608,
            19.4230141
          ],
          [
            -99.1630242,
            19.4230306
          ],
          [
            -99.1629463,
            19.423044
          ],
          [
            -99.1628087,
            19.4230714
          ],
          [
            -99.1626854,
            19.4231152
          ],
          [
            -99.1625806,
            19.4231753
          ],
          [
            -99.1624823,
            19.4232453
          ],
          [
            -99.1624208,
            19.4233225
          ],
          [
            -99.1623715,
            19.4234224
          ],
          [
            -99.1623452,
            19.4235336
          ],
          [
            -99.1623346,
            19.4236507
          ],
          [
            -99.1623371,
            19.4237352
          ],
          [
            -99.1623517,
            19.4238239
          ],
          [
            -99.162384,
            19.4239078
          ],
          [
            -99.1624271,
            19.4239873
          ],
          [
            -99.1624659,
            19.4240437
          ],
          [
            -99.1625144,
            19.4240983
          ],
          [
            -99.1625714,
            19.4241556
          ],
          [
            -99.162603,
            19.4242169
          ],
          [
            -99.1626066,
            19.4242938
          ]
        ]
      },
      "properties": {
        "line_id": "metrobus-1",
        "line_name": "Línea 1",
        "line_color": "#E53935"
      }
    },
    {
      "type": "Feature",
      "geometry": {
        "type": "LineString",
        "coordinates": [
          [
            -99.1626066,
            19.4242938
          ],
          [
            -99.1625864,
            19.4243628
          ],
          [
            -99.1625532,
            19.4244401
          ],
          [
            -99.1624919,
            19.4245775
          ]
        ]
      },
      "properties": {
        "line_id": "metrobus-1",
        "line_name": "Línea 1",
        "line_color": "#E53935"
      }
    },
    {
      "type": "Feature",
      "geometry": {
        "type": "LineString",
        "coordinates": [
          [
            -99.1624919,
            19.4245775
          ],
          [
            -99.1624724,
            19.4246214
          ],
          [
            -99.1624282,
            19.4247206
          ],
          [
            -99.1623883,
            19.42481
          ]
        ]
      },
      "properties": {
        "line_id": "metrobus-1",
        "line_name": "Línea 1",
        "line_color": "#E53935"
      }
    },
    {
      "type": "Feature",
      "geometry": {
        "type": "LineString",
        "coordinates": [
          [
            -99.1623883,
            19.42481
          ],
          [
            -99.1623013,
            19.4250053
          ],
          [
            -99.1622775,
            19.4250588
          ],
          [
            -99.1622139,
            19.4252014
          ]
        ]
      },
      "properties": {
        "line_id": "metrobus-1",
        "line_name": "Línea 1",
        "line_color": "#E53935"
      }
    },
    {
      "type": "Feature",
      "geometry": {
        "type": "LineString",
        "coordinates": [
          [
            -99.1622139,
            19.4252014
          ],
          [
            -99.1621213,
            19.4254092
          ],
          [
            -99.1620989,
            19.4254596
          ],
          [
            -99.1620244,
            19.4256267
          ]
        ]
      },
      "properties": {
        "line_id": "metrobus-1",
        "line_name": "Línea 1",
        "line_color": "#E53935"
      }
    },
    {
      "type": "Feature",
      "geometry": {
        "type": "LineString",
        "coordinates": [
          [
            -99.1620244,
            19.4256267
          ],
          [
            -99.1617772,
            19.4261731
          ]
        ]
      },
      "properties": {
        "line_id": "metrobus-1",
        "line_name": "Línea 1",
        "line_color": "#E53935"
      }
    },
    {
      "type": "Feature",
      "geometry": {
        "type": "LineString",
        "coordinates": [
          [
            -99.1617772,
            19.4261731
          ],
          [
            -99.1616762,
            19.4264051
          ],
          [
            -99.1616529,
            19.4264587
          ],
          [
            -99.1616327,
            19.4265051
          ],
          [
            -99.1615919,
            19.426599
          ]
        ]
      },
      "properties": {
        "line_id": "metrobus-1",
        "line_name": "Línea 1",
        "line_color": "#E53935"
      }
    },
    {
      "type": "Feature",
      "geometry": {
        "type": "LineString",
        "coordinates": [
          [
            -99.1615919,
            19.426599
          ],
          [
            -99.1615508,
            19.426683
          ],
          [
            -99.1614714,
            19.4268535
          ],
          [
            -99.1614496,
            19.4268998
          ],
          [
            -99.1614096,
            19.4269848
          ]
        ]
      },
      "properties": {
        "line_id": "metrobus-1",
        "line_name": "Línea 1",
        "line_color": "#E53935"
      }
    },
    {
      "type": "Feature",
      "geometry": {
        "type": "LineString",
        "coordinates": [
          [
            -99.1614096,
            19.4269848
          ],
          [
            -99.1613861,
            19.4270362
          ],
          [
            -99.1608533,
            19.4282039
          ],
          [
            -99.1608031,
            19.428314
          ]
        ]
      },
      "properties": {
        "line_id": "metrobus-1",
        "line_name": "Línea 1",
        "line_color": "#E53935"
      }
    },
    {
      "type": "Feature",
      "geometry": {
        "type": "LineString",
        "coordinates": [
          [
            -99.1608031,
            19.428314
          ],
          [
            -99.1607486,
            19.4284335
          ],
          [
            -99.1607279,
            19.4284789
          ],
          [
            -99.1607,
            19.4285381
          ]
        ]
      },
      "properties": {
        "line_id": "metrobus-1",
        "line_name": "Línea 1",
        "line_color": "#E53935"
      }
    },
    {
      "type": "Feature",
      "geometry": {
        "type": "LineString",
        "coordinates": [
          [
            -99.1607,
            19.4285381
          ],
          [
            -99.1602938,
            19.4294302
          ],
          [
            -99.1601972,
            19.4296419
          ]
        ]
      },
      "properties": {
        "line_id": "metrobus-1",
        "line_name": "Línea 1",
        "line_color": "#E53935"
      }
    },
    {
      "type": "Feature",
      "geometry": {
        "type": "LineString",
        "coordinates": [
          [
            -99.1601972,
            19.4296419
          ],
          [
            -99.1600855,
            19.4298631
          ],
          [
            -99.1600644,
            19.4299051
          ],
          [
            -99.1600476,
            19.429939
          ],
          [
            -99.1599851,
            19.4300622
          ]
        ]
      },
      "properties": {
        "line_id": "metrobus-1",
        "line_name": "Línea 1",
        "line_color": "#E53935"
      }
    },
    {
      "type": "Feature",
      "geometry": {
        "type": "LineString",
        "coordinates": [
          [
            -99.1599851,
            19.4300622
          ],
          [
            -99.1598736,
            19.4302832
          ]
        ]
      },
      "properties": {
        "line_id": "metrobus-1",
        "line_name": "Línea 1",
        "line_color": "#E53935"
      }
    },
    {
      "type": "Feature",
      "geometry": {
        "type": "LineString",
        "coordinates": [
          [
            -99.1598736,
            19.4302832
          ],
          [
            -99.1597308,
            19.4305661
          ],
          [
            -99.1597038,
            19.4306197
          ],
          [
            -99.1596551,
            19.4307162
          ]
        ]
      },
      "properties": {
        "line_id": "metrobus-1",
        "line_name": "Línea 1",
        "line_color": "#E53935"
      }
    },
    {
      "type": "Feature",
      "geometry": {
        "type": "LineString",
        "coordinates": [
          [
            -99.1596551,
            19.4307162
          ],
          [
            -99.1595651,
            19.4308946
          ]
        ]
      },
      "properties": {
        "line_id": "metrobus-1",
        "line_name": "Línea 1",
        "line_color": "#E53935"
      }
    },
    {
      "type": "Feature",
      "geometry": {
        "type": "LineString",
        "coordinates": [
          [
            -99.1595651,
            19.4308946
          ],
          [
            -99.1593936,
            19.4312344
          ],
          [
            -99.1593679,
            19.4312853
          ]
        ]
      },
      "properties": {
        "line_id": "metrobus-1",
        "line_name": "Línea 1",
        "line_color": "#E53935"
      }
    },
    {
      "type": "Feature",
      "geometry": {
        "type": "LineString",
        "coordinates": [
          [
            -99.1593679,
            19.4312853
          ],
          [
            -99.1593186,
            19.4313838
          ],
          [
            -99.1592158,
            19.4315889
          ],
          [
            -99.1592023,
            19.4316158
          ],
          [
            -99.1591594,
            19.4317009
          ]
        ]
      },
      "properties": {
        "line_id": "metrobus-1",
        "line_name": "Línea 1",
        "line_color": "#E53935"
      }
    },
    {
      "type": "Feature",
      "geometry": {
        "type": "LineString",
        "coordinates": [
          [
            -99.1591594,
            19.4317009
          ],
          [
            -99.1591299,
            19.4317636
          ],
          [
            -99.1590737,
            19.4318832
          ],
          [
            -99.1589971,
            19.4320462
          ]
        ]
      },
      "properties": {
        "line_id": "metrobus-1",
        "line_name": "Línea 1",
        "line_color": "#E53935"
      }
    },
    {
      "type": "Feature",
      "geometry": {
        "type": "LineString",
        "coordinates": [
          [
            -99.1589971,
            19.4320462
          ],
          [
            -99.1589219,
            19.432206
          ],
          [
            -99.1589003,
            19.432252
          ],
          [
            -99.1588905,
            19.4322728
          ],
          [
            -99.158801,
            19.4324632
          ]
        ]
      },
      "properties": {
        "line_id": "metrobus-1",
        "line_name": "Línea 1",
        "line_color": "#E53935"
      }
    },
    {
      "type": "Feature",
      "geometry": {
        "type": "LineString",
        "coordinates": [
          [
            -99.158801,
            19.4324632
          ],
          [
            -99.158753,
            19.432572
          ],
          [
            -99.1585568,
            19.4330167
          ],
          [
            -99.1581594,
            19.4339175
          ]
        ]
      },
      "properties": {
        "line_id": "metrobus-1",
        "line_name": "Línea 1",
        "line_color": "#E53935"
      }
    },
    {
      "type": "Feature",
      "geometry": {
        "type": "LineString",
        "coordinates": [
          [
            -99.1581594,
            19.4339175
          ],
          [
            -99.1580725,
            19.4341146
          ],
          [
            -99.1580559,
            19.4341522
          ],
          [
            -99.1580443,
            19.4341785
          ],
          [
            -99.158034,
            19.4342018
          ],
          [
            -99.1580274,
            19.4342177
          ],
          [
            -99.1580115,
            19.4342559
          ],
          [
            -99.1579986,
            19.4342869
          ],
          [
            -99.1579637,
            19.4343711
          ]
        ]
      },
      "properties": {
        "line_id": "metrobus-1",
        "line_name": "Línea 1",
        "line_color": "#E53935"
      }
    },
    {
      "type": "Feature",
      "geometry": {
        "type": "LineString",
        "coordinates": [
          [
            -99.1579637,
            19.4343711
          ],
          [
            -99.1579264,
            19.4344554
          ],
          [
            -99.1577304,
            19.4349014
          ],
          [
            -99.1576308,
            19.4351279
          ]
        ]
      },
      "properties": {
        "line_id": "metrobus-1",
        "line_name": "Línea 1",
        "line_color": "#E53935"
      }
    },
    {
      "type": "Feature",
      "geometry": {
        "type": "LineString",
        "coordinates": [
          [
            -99.1576308,
            19.4351279
          ],
          [
            -99.1572373,
            19.4360343
          ]
        ]
      },
      "properties": {
        "line_id": "metrobus-1",
        "line_name": "Línea 1",
        "line_color": "#E53935"
      }
    },
    {
      "type": "Feature",
      "geometry": {
        "type": "LineString",
        "coordinates": [
          [
            -99.1572373,
            19.4360343
          ],
          [
            -99.1571471,
            19.4362345
          ],
          [
            -99.1571295,
            19.4362737
          ],
          [
            -99.1570558,
            19.4364375
          ]
        ]
      },
      "properties": {
        "line_id": "metrobus-1",
        "line_name": "Línea 1",
        "line_color": "#E53935"
      }
    },
    {
      "type": "Feature",
      "geometry": {
        "type": "LineString",
        "coordinates": [
          [
            -99.1570558,
            19.4364375
          ],
          [
            -99.1569806,
            19.4366155
          ]
        ]
      },
      "properties": {
        "line_id": "metrobus-1",
        "line_name": "Línea 1",
        "line_color": "#E53935"
      }
    },
    {
      "type": "Feature",
      "geometry": {
        "type": "LineString",
        "coordinates": [
          [
            -99.1569806,
            19.4366155
          ],
          [
            -99.1565012,
            19.4377133
          ]
        ]
      },
      "properties": {
        "line_id": "metrobus-1",
        "line_name": "Línea 1",
        "line_color": "#E53935"
      }
    },
    {
      "type": "Feature",
      "geometry": {
        "type": "LineString",
        "coordinates": [
          [
            -99.1565012,
            19.4377133
          ],
          [
            -99.1563827,
            19.4379847
          ],
          [
            -99.1563653,
            19.4380244
          ],
          [
            -99.1563261,
            19.4381142
          ]
        ]
      },
      "properties": {
        "line_id": "metrobus-1",
        "line_name": "Línea 1",
        "line_color": "#E53935"
      }
    },
    {
      "type": "Feature",
      "geometry": {
        "type": "LineString",
        "coordinates": [
          [
            -99.1563261,
            19.4381142
          ],
          [
            -99.1557759,
            19.4393392
          ]
        ]
      },
      "properties": {
        "line_id": "metrobus-1",
        "line_name": "Línea 1",
        "line_color": "#E53935"
      }
    },
    {
      "type": "Feature",
      "geometry": {
        "type": "LineString",
        "coordinates": [
          [
            -99.1557759,
            19.4393392
          ],
          [
            -99.1556855,
            19.4395487
          ],
          [
            -99.1556687,
            19.4395876
          ],
          [
            -99.1556577,
            19.439613
          ],
          [
            -99.1556147,
            19.4397124
          ]
        ]
      },
      "properties": {
        "line_id": "metrobus-1",
        "line_name": "Línea 1",
        "line_color": "#E53935"
      }
    },
    {
      "type": "Feature",
      "geometry": {
        "type": "LineString",
        "coordinates": [
          [
            -99.1556147,
            19.4397124
          ],
          [
            -99.1555577,
            19.4398445
          ]
        ]
      },
      "properties": {
        "line_id": "metrobus-1",
        "line_name": "Línea 1",
        "line_color": "#E53935"
      }
    },
    {
      "type": "Feature",
      "geometry": {
        "type": "LineString",
        "coordinates": [
          [
            -99.1555577,
            19.4398445
          ],
          [
            -99.1555253,
            19.4399174
          ],
          [
            -99.1554878,
            19.440001
          ],
          [
            -99.1552428,
            19.4405583
          ],
          [
            -99.1550699,
            19.4409893
          ],
          [
            -99.1550183,
            19.4411036
          ]
        ]
      },
      "properties": {
        "line_id": "metrobus-1",
        "line_name": "Línea 1",
        "line_color": "#E53935"
      }
    },
    {
      "type": "Feature",
      "geometry": {
        "type": "LineString",
        "coordinates": [
          [
            -99.1550183,
            19.4411036
          ],
          [
            -99.1548434,
            19.4414911
          ]
        ]
      },
      "properties": {
        "line_id": "metrobus-1",
        "line_name": "Línea 1",
        "line_color": "#E53935"
      }
    },
    {
      "type": "Feature",
      "geometry": {
        "type": "LineString",
        "coordinates": [
          [
            -99.1548434,
            19.4414911
          ],
          [
            -99.1547116,
            19.4417893
          ],
          [
            -99.1546763,
            19.4418857
          ],
          [
            -99.1546388,
            19.4420058
          ],
          [
            -99.1546084,
            19.4421247
          ],
          [
            -99.1545591,
            19.442341
          ]
        ]
      },
      "properties": {
        "line_id": "metrobus-1",
        "line_name": "Línea 1",
        "line_color": "#E53935"
      }
    },
    {
      "type": "Feature",
      "geometry": {
        "type": "LineString",
        "coordinates": [
          [
            -99.1545591,
            19.442341
          ],
          [
            -99.1545018,
            19.4426092
          ],
          [
            -99.154484,
            19.4426926
          ]
        ]
      },
      "properties": {
        "line_id": "metrobus-1",
        "line_name": "Línea 1",
        "line_color": "#E53935"
      }
    },
    {
      "type": "Feature",
      "geometry": {
        "type": "LineString",
        "coordinates": [
          [
            -99.154484,
            19.4426926
          ],
          [
            -99.1544382,
            19.4428851
          ]
        ]
      },
      "properties": {
        "line_id": "metrobus-1",
        "line_name": "Línea 1",
        "line_color": "#E53935"
      }
    },
    {
      "type": "Feature",
      "geometry": {
        "type": "LineString",
        "coordinates": [
          [
            -99.1544382,
            19.4428851
          ],
          [
            -99.1544222,
            19.4429528
          ],
          [
            -99.1543865,
            19.4431232
          ],
          [
            -99.1543565,
            19.4432676
          ],
          [
            -99.1543315,
            19.4433693
          ],
          [
            -99.1543134,
            19.4434356
          ],
          [
            -99.1542791,
            19.4435378
          ],
          [
            -99.1542254,
            19.4436767
          ],
          [
            -99.1541197,
            19.4439245
          ],
          [
            -99.1540257,
            19.4441365
          ]
        ]
      },
      "properties": {
        "line_id": "metrobus-1",
        "line_name": "Línea 1",
        "line_color": "#E53935"
      }
    },
    {
      "type": "Feature",
      "geometry": {
        "type": "LineString",
        "coordinates": [
          [
            -99.1540257,
            19.4441365
          ],
          [
            -99.1538758,
            19.4444742
          ]
        ]
      },
      "properties": {
        "line_id": "metrobus-1",
        "line_name": "Línea 1",
        "line_color": "#E53935"
      }
    },
    {
      "type": "Feature",
      "geometry": {
        "type": "LineString",
        "coordinates": [
          [
            -99.1538758,
            19.4444742
          ],
          [
            -99.1536679,
            19.4449235
          ],
          [
            -99.1536498,
            19.4449636
          ],
          [
            -99.1535627,
            19.4451607
          ],
          [
            -99.1533367,
            19.4456776
          ],
          [
            -99.1532761,
            19.4458099
          ],
          [
            -99.1532504,
            19.4458802
          ]
        ]
      },
      "properties": {
        "line_id": "metrobus-1",
        "line_name": "Línea 1",
        "line_color": "#E53935"
      }
    },
    {
      "type": "Feature",
      "geometry": {
        "type": "LineString",
        "coordinates": [
          [
            -99.1532504,
            19.4458802
          ],
          [
            -99.153226,
            19.4459598
          ],
          [
            -99.1532,
            19.4460967
          ],
          [
            -99.1531919,
            19.4461379
          ],
          [
            -99.1531836,
            19.4461799
          ],
          [
            -99.153158,
            19.4463107
          ]
        ]
      },
      "properties": {
        "line_id": "metrobus-1",
        "line_name": "Línea 1",
        "line_color": "#E53935"
      }
    },
    {
      "type": "Feature",
      "geometry": {
        "type": "LineString",
        "coordinates": [
          [
            -99.153158,
            19.4463107
          ],
          [
            -99.153138,
            19.4464073
          ],
          [
            -99.1531308,
            19.4464405
          ],
          [
            -99.1530917,
            19.4466633
          ],
          [
            -99.1530238,
            19.4470477
          ]
        ]
      },
      "properties": {
        "line_id": "metrobus-1",
        "line_name": "Línea 1",
        "line_color": "#E53935"
      }
    },
    {
      "type": "Feature",
      "geometry": {
        "type": "LineString",
        "coordinates": [
          [
            -99.1530238,
            19.4470477
          ],
          [
            -99.1529991,
            19.4471872
          ],
          [
            -99.1529527,
            19.447464
          ]
        ]
      },
      "properties": {
        "line_id": "metrobus-1",
        "line_name": "Línea 1",
        "line_color": "#E53935"
      }
    },
    {
      "type": "Feature",
      "geometry": {
        "type": "LineString",
        "coordinates": [
          [
            -99.1529527,
            19.447464
          ],
          [
            -99.152892,
            19.4477911
          ],
          [
            -99.1528422,
            19.4480592
          ],
          [
            -99.1525895,
            19.4494204
          ],
          [
            -99.1524227,
            19.4503194
          ],
          [
            -99.1521849,
            19.4516002
          ],
          [
            -99.1521016,
            19.4520314
          ],
          [
            -99.1520423,
            19.4523374
          ]
        ]
      },
      "properties": {
        "line_id": "metrobus-1",
        "line_name": "Línea 1",
        "line_color": "#E53935"
      }
    },
    {
      "type": "Feature",
      "geometry": {
        "type": "LineString",
        "coordinates": [
          [
            -99.1520423,
            19.4523374
          ],
          [
            -99.1518255,
            19.4534096
          ]
        ]
      },
      "properties": {
        "line_id": "metrobus-1",
        "line_name": "Línea 1",
        "line_color": "#E53935"
      }
    },
    {
      "type": "Feature",
      "geometry": {
        "type": "LineString",
        "coordinates": [
          [
            -99.1518255,
            19.4534096
          ],
          [
            -99.1517753,
            19.4536643
          ],
          [
            -99.1517295,
            19.4538895
          ],
          [
            -99.1516911,
            19.4540506
          ],
          [
            -99.1516516,
            19.4541933
          ]
        ]
      },
      "properties": {
        "line_id": "metrobus-1",
        "line_name": "Línea 1",
        "line_color": "#E53935"
      }
    },
    {
      "type": "Feature",
      "geometry": {
        "type": "LineString",
        "coordinates": [
          [
            -99.1516516,
            19.4541933
          ],
          [
            -99.1516102,
            19.4543173
          ],
          [
            -99.1515689,
            19.4544198
          ],
          [
            -99.151487,
            19.4545906
          ],
          [
            -99.1514029,
            19.4547499
          ],
          [
            -99.1513061,
            19.454913
          ],
          [
            -99.1512074,
            19.4550632
          ],
          [
            -99.1511216,
            19.4551832
          ]
        ]
      },
      "properties": {
        "line_id": "metrobus-1",
        "line_name": "Línea 1",
        "line_color": "#E53935"
      }
    },
    {
      "type": "Feature",
      "geometry": {
        "type": "LineString",
        "coordinates": [
          [
            -99.1511216,
            19.4551832
          ],
          [
            -99.1510206,
            19.4553161
          ],
          [
            -99.1509291,
            19.4554223
          ],
          [
            -99.1507894,
            19.455565
          ],
          [
            -99.1506707,
            19.4556729
          ],
          [
            -99.1504304,
            19.4558603
          ],
          [
            -99.1499608,
            19.4562017
          ]
        ]
      },
      "properties": {
        "line_id": "metrobus-1",
        "line_name": "Línea 1",
        "line_color": "#E53935"
      }
    },
    {
      "type": "Feature",
      "geometry": {
        "type": "LineString",
        "coordinates": [
          [
            -99.1499608,
            19.4562017
          ],
          [
            -99.1492926,
            19.4566788
          ]
        ]
      },
      "properties": {
        "line_id": "metrobus-1",
        "line_name": "Línea 1",
        "line_color": "#E53935"
      }
    },
    {
      "type": "Feature",
      "geometry": {
        "type": "LineString",
        "coordinates": [
          [
            -99.1492926,
            19.4566788
          ],
          [
            -99.148923,
            19.4569336
          ],
          [
            -99.1486187,
            19.4571435
          ]
        ]
      },
      "properties": {
        "line_id": "metrobus-1",
        "line_name": "Línea 1",
        "line_color": "#E53935"
      }
    },
    {
      "type": "Feature",
      "geometry": {
        "type": "LineString",
        "coordinates": [
          [
            -99.1486187,
            19.4571435
          ],
          [
            -99.1479902,
            19.4575997
          ]
        ]
      },
      "properties": {
        "line_id": "metrobus-1",
        "line_name": "Línea 1",
        "line_color": "#E53935"
      }
    },
    {
      "type": "Feature",
      "geometry": {
        "type": "LineString",
        "coordinates": [
          [
            -99.1479902,
            19.4575997
          ],
          [
            -99.1476794,
            19.4578252
          ],
          [
            -99.1475728,
            19.4579066
          ],
          [
            -99.147502,
            19.4579662
          ],
          [
            -99.1474527,
            19.4580119
          ],
          [
            -99.147405,
            19.4580629
          ],
          [
            -99.147306,
            19.4581934
          ],
          [
            -99.1472285,
            19.4583036
          ]
        ]
      },
      "properties": {
        "line_id": "metrobus-1",
        "line_name": "Línea 1",
        "line_color": "#E53935"
      }
    },
    {
      "type": "Feature",
      "geometry": {
        "type": "LineString",
        "coordinates": [
          [
            -99.1472285,
            19.4583036
          ],
          [
            -99.147169,
            19.4583891
          ],
          [
            -99.1470766,
            19.4585269
          ],
          [
            -99.1469508,
            19.4587171
          ],
          [
            -99.1468381,
            19.4588876
          ]
        ]
      },
      "properties": {
        "line_id": "metrobus-1",
        "line_name": "Línea 1",
        "line_color": "#E53935"
      }
    },
    {
      "type": "Feature",
      "geometry": {
        "type": "LineString",
        "coordinates": [
          [
            -99.1468381,
            19.4588876
          ],
          [
            -99.146624,
            19.4592226
          ]
        ]
      },
      "properties": {
        "line_id": "metrobus-1",
        "line_name": "Línea 1",
        "line_color": "#E53935"
      }
    },
    {
      "type": "Feature",
      "geometry": {
        "type": "LineString",
        "coordinates": [
          [
            -99.146624,
            19.4592226
          ],
          [
            -99.1454013,
            19.4607405
          ]
        ]
      },
      "properties": {
        "line_id": "metrobus-1",
        "line_name": "Línea 1",
        "line_color": "#E53935"
      }
    },
    {
      "type": "Feature",
      "geometry": {
        "type": "LineString",
        "coordinates": [
          [
            -99.1454013,
            19.4607405
          ],
          [
            -99.144691,
            19.4616132
          ]
        ]
      },
      "properties": {
        "line_id": "metrobus-1",
        "line_name": "Línea 1",
        "line_color": "#E53935"
      }
    },
    {
      "type": "Feature",
      "geometry": {
        "type": "LineString",
        "coordinates": [
          [
            -99.144691,
            19.4616132
          ],
          [
            -99.1445,
            19.4618444
          ]
        ]
      },
      "properties": {
        "line_id": "metrobus-1",
        "line_name": "Línea 1",
        "line_color": "#E53935"
      }
    },
    {
      "type": "Feature",
      "geometry": {
        "type": "LineString",
        "coordinates": [
          [
            -99.1445,
            19.4618444
          ],
          [
            -99.1442406,
            19.462159
          ],
          [
            -99.1436243,
            19.4627904
          ],
          [
            -99.1433947,
            19.4630091
          ],
          [
            -99.1432415,
            19.4631785
          ],
          [
            -99.1429265,
            19.4635501
          ]
        ]
      },
      "properties": {
        "line_id": "metrobus-1",
        "line_name": "Línea 1",
        "line_color": "#E53935"
      }
    },
    {
      "type": "Feature",
      "geometry": {
        "type": "LineString",
        "coordinates": [
          [
            -99.1429265,
            19.4635501
          ],
          [
            -99.1427917,
            19.4637064
          ]
        ]
      },
      "properties": {
        "line_id": "metrobus-1",
        "line_name": "Línea 1",
        "line_color": "#E53935"
      }
    },
    {
      "type": "Feature",
      "geometry": {
        "type": "LineString",
        "coordinates": [
          [
            -99.1427917,
            19.4637064
          ],
          [
            -99.1421934,
            19.4644272
          ]
        ]
      },
      "properties": {
        "line_id": "metrobus-1",
        "line_name": "Línea 1",
        "line_color": "#E53935"
      }
    },
    {
      "type": "Feature",
      "geometry": {
        "type": "LineString",
        "coordinates": [
          [
            -99.1421934,
            19.4644272
          ],
          [
            -99.1416674,
            19.4650611
          ]
        ]
      },
      "properties": {
        "line_id": "metrobus-1",
        "line_name": "Línea 1",
        "line_color": "#E53935"
      }
    },
    {
      "type": "Feature",
      "geometry": {
        "type": "LineString",
        "coordinates": [
          [
            -99.1416674,
            19.4650611
          ],
          [
            -99.1413545,
            19.4654446
          ]
        ]
      },
      "properties": {
        "line_id": "metrobus-1",
        "line_name": "Línea 1",
        "line_color": "#E53935"
      }
    },
    {
      "type": "Feature",
      "geometry": {
        "type": "LineString",
        "coordinates": [
          [
            -99.1413545,
            19.4654446
          ],
          [
            -99.1412339,
            19.4656005
          ]
        ]
      },
      "properties": {
        "line_id": "metrobus-1",
        "line_name": "Línea 1",
        "line_color": "#E53935"
      }
    },
    {
      "type": "Feature",
      "geometry": {
        "type": "LineString",
        "coordinates": [
          [
            -99.1412339,
            19.4656005
          ],
          [
            -99.1411363,
            19.4657251
          ],
          [
            -99.1410321,
            19.4658568
          ],
          [
            -99.1409468,
            19.4659721
          ],
          [
            -99.1408424,
            19.4661336
          ],
          [
            -99.1406819,
            19.4663872
          ]
        ]
      },
      "properties": {
        "line_id": "metrobus-1",
        "line_name": "Línea 1",
        "line_color": "#E53935"
      }
    },
    {
      "type": "Feature",
      "geometry": {
        "type": "LineString",
        "coordinates": [
          [
            -99.1406819,
            19.4663872
          ],
          [
            -99.1404911,
            19.4667094
          ],
          [
            -99.1404311,
            19.4667996
          ],
          [
            -99.1403731,
            19.4668739
          ],
          [
            -99.1397078,
            19.4676816
          ],
          [
            -99.1393162,
            19.4681587
          ],
          [
            -99.1385416,
            19.4690737
          ]
        ]
      },
      "properties": {
        "line_id": "metrobus-1",
        "line_name": "Línea 1",
        "line_color": "#E53935"
      }
    },
    {
      "type": "Feature",
      "geometry": {
        "type": "LineString",
        "coordinates": [
          [
            -99.1385416,
            19.4690737
          ],
          [
            -99.1380204,
            19.4697124
          ]
        ]
      },
      "properties": {
        "line_id": "metrobus-1",
        "line_name": "Línea 1",
        "line_color": "#E53935"
      }
    },
    {
      "type": "Feature",
      "geometry": {
        "type": "LineString",
        "coordinates": [
          [
            -99.1380204,
            19.4697124
          ],
          [
            -99.1378088,
            19.469968
          ],
          [
            -99.1374533,
            19.470356
          ]
        ]
      },
      "properties": {
        "line_id": "metrobus-1",
        "line_name": "Línea 1",
        "line_color": "#E53935"
      }
    },
    {
      "type": "Feature",
      "geometry": {
        "type": "LineString",
        "coordinates": [
          [
            -99.1374533,
            19.470356
          ],
          [
            -99.1373207,
            19.4705078
          ],
          [
            -99.1368989,
            19.4709602
          ]
        ]
      },
      "properties": {
        "line_id": "metrobus-1",
        "line_name": "Línea 1",
        "line_color": "#E53935"
      }
    },
    {
      "type": "Feature",
      "geometry": {
        "type": "LineString",
        "coordinates": [
          [
            -99.1368989,
            19.4709602
          ],
          [
            -99.1367561,
            19.471144
          ],
          [
            -99.1364541,
            19.4715195
          ],
          [
            -99.1361606,
            19.4719132
          ]
        ]
      },
      "properties": {
        "line_id": "metrobus-1",
        "line_name": "Línea 1",
        "line_color": "#E53935"
      }
    },
    {
      "type": "Feature",
      "geometry": {
        "type": "LineString",
        "coordinates": [
          [
            -99.1361606,
            19.4719132
          ],
          [
            -99.1357303,
            19.4724566
          ]
        ]
      },
      "properties": {
        "line_id": "metrobus-1",
        "line_name": "Línea 1",
        "line_color": "#E53935"
      }
    },
    {
      "type": "Feature",
      "geometry": {
        "type": "LineString",
        "coordinates": [
          [
            -99.1357303,
            19.4724566
          ],
          [
            -99.1354238,
            19.4728434
          ]
        ]
      },
      "properties": {
        "line_id": "metrobus-1",
        "line_name": "Línea 1",
        "line_color": "#E53935"
      }
    },
    {
      "type": "Feature",
      "geometry": {
        "type": "LineString",
        "coordinates": [
          [
            -99.1354238,
            19.4728434
          ],
          [
            -99.1351577,
            19.4731636
          ],
          [
            -99.1347317,
            19.473651
          ],
          [
            -99.1342679,
            19.4741536
          ]
        ]
      },
      "properties": {
        "line_id": "metrobus-1",
        "line_name": "Línea 1",
        "line_color": "#E53935"
      }
    },
    {
      "type": "Feature",
      "geometry": {
        "type": "LineString",
        "coordinates": [
          [
            -99.1342679,
            19.4741536
          ],
          [
            -99.1330919,
            19.4756187
          ],
          [
            -99.1328389,
            19.4758994
          ],
          [
            -99.1324467,
            19.4763471
          ],
          [
            -99.1320118,
            19.4768456
          ],
          [
            -99.1308909,
            19.4782833
          ],
          [
            -99.1297133,
            19.4797404
          ],
          [
            -99.1284084,
            19.4813204
          ]
        ]
      },
      "properties": {
        "line_id": "metrobus-1",
        "line_name": "Línea 1",
        "line_color": "#E53935"
      }
    },
    {
      "type": "Feature",
      "geometry": {
        "type": "LineString",
        "coordinates": [
          [
            -99.1284084,
            19.4813204
          ],
          [
            -99.1282341,
            19.4815335
          ]
        ]
      },
      "properties": {
        "line_id": "metrobus-1",
        "line_name": "Línea 1",
        "line_color": "#E53935"
      }
    },
    {
      "type": "Feature",
      "geometry": {
        "type": "LineString",
        "coordinates": [
          [
            -99.1282341,
            19.4815335
          ],
          [
            -99.1276889,
            19.4821957
          ],
          [
            -99.1272232,
            19.4827661
          ],
          [
            -99.1268845,
            19.4831694
          ],
          [
            -99.1265264,
            19.4836053
          ],
          [
            -99.1259584,
            19.4842489
          ],
          [
            -99.1250771,
            19.4852992
          ],
          [
            -99.1247351,
            19.4857295
          ],
          [
            -99.1243454,
            19.4862313
          ],
          [
            -99.1237309,
            19.4870173
          ]
        ]
      },
      "properties": {
        "line_id": "metrobus-1",
        "line_name": "Línea 1",
        "line_color": "#E53935"
      }
    },
    {
      "type": "Feature",
      "geometry": {
        "type": "LineString",
        "coordinates": [
          [
            -99.1237309,
            19.4870173
          ],
          [
            -99.1235466,
            19.4872434
          ]
        ]
      },
      "properties": {
        "line_id": "metrobus-1",
        "line_name": "Línea 1",
        "line_color": "#E53935"
      }
    },
    {
      "type": "Feature",
      "geometry": {
        "type": "LineString",
        "coordinates": [
          [
            -99.1235466,
            19.4872434
          ],
          [
            -99.1226303,
            19.4883376
          ],
          [
            -99.1218341,
            19.4893157
          ]
        ]
      },
      "properties": {
        "line_id": "metrobus-1",
        "line_name": "Línea 1",
        "line_color": "#E53935"
      }
    },
    {
      "type": "Feature",
      "geometry": {
        "type": "LineString",
        "coordinates": [
          [
            -99.1218341,
            19.4893157
          ],
          [
            -99.1214584,
            19.4897614
          ],
          [
            -99.1212076,
            19.4900823
          ],
          [
            -99.1210602,
            19.4902821
          ],
          [
            -99.1209133,
            19.4905127
          ],
          [
            -99.1207193,
            19.4908564
          ],
          [
            -99.1205706,
            19.491137
          ],
          [
            -99.1205305,
            19.4912179
          ],
          [
            -99.12048,
            19.4913253
          ],
          [
            -99.1204307,
            19.4914455
          ],
          [
            -99.1198605,
            19.4930662
          ],
          [
            -99.1196535,
            19.4936812
          ]
        ]
      },
      "properties": {
        "line_id": "metrobus-1",
        "line_name": "Línea 1",
        "line_color": "#E53935"
      }
    },
    {
      "type": "Feature",
      "geometry": {
        "type": "LineString",
        "coordinates": [
          [
            -99.1196535,
            19.4936812
          ],
          [
            -99.1195482,
            19.4940157
          ],
          [
            -99.1194461,
            19.4943489
          ],
          [
            -99.1193645,
            19.4946058
          ],
          [
            -99.1191846,
            19.4954066
          ]
        ]
      },
      "properties": {
        "line_id": "metrobus-1",
        "line_name": "Línea 1",
        "line_color": "#E53935"
      }
    },
    {
      "type": "Feature",
      "geometry": {
        "type": "LineString",
        "coordinates": [
          [
            -99.1191846,
            19.4954066
          ],
          [
            -99.1190206,
            19.4961488
          ],
          [
            -99.1188888,
            19.4967554
          ],
          [
            -99.1188464,
            19.496957
          ],
          [
            -99.1188121,
            19.4971205
          ]
        ]
      },
      "properties": {
        "line_id": "metrobus-1",
        "line_name": "Línea 1",
        "line_color": "#E53935"
      }
    },
    {
      "type": "Feature",
      "geometry": {
        "type": "LineString",
        "coordinates": [
          [
            -99.1188464,
            19.496957
          ],
          [
            -99.1188981,
            19.4971011
          ],
          [
            -99.1188779,
            19.4973834
          ]
        ]
      },
      "properties": {
        "line_id": "metrobus-1",
        "line_name": "Línea 1",
        "line_color": "#E53935"
      }
    },
    {
      "type": "Feature",
      "geometry": {
        "type": "LineString",
        "coordinates": [
          [
            -99.1188779,
            19.4973834
          ],
          [
            -99.1186627,
            19.4984006
          ],
          [
            -99.118657,
            19.4985112
          ],
          [
            -99.1186772,
            19.4985927
          ],
          [
            -99.1187129,
            19.4986589
          ],
          [
            -99.1187637,
            19.4987227
          ],
          [
            -99.1188354,
            19.4987808
          ],
          [
            -99.1189237,
            19.4988259
          ],
          [
            -99.1190314,
            19.4988476
          ],
          [
            -99.1191344,
            19.4988398
          ],
          [
            -99.1192319,
            19.498812
          ],
          [
            -99.1193257,
            19.4987557
          ],
          [
            -99.1193928,
            19.4986906
          ],
          [
            -99.1194324,
            19.4986239
          ],
          [
            -99.1194535,
            19.4985545
          ],
          [
            -99.1196295,
            19.4977826
          ]
        ]
      },
      "properties": {
        "line_id": "metrobus-1",
        "line_name": "Línea 1",
        "line_color": "#E53935"
      }
    },
    {
      "type": "Feature",
      "geometry": {
        "type": "LineString",
        "coordinates": [
          [
            -99.1196295,
            19.4977826
          ],
          [
            -99.1196837,
            19.4977097
          ],
          [
            -99.1197075,
            19.4976684
          ],
          [
            -99.1198543,
            19.4975945
          ],
          [
            -99.1199272,
            19.4975445
          ],
          [
            -99.1199508,
            19.4974913
          ],
          [
            -99.1199456,
            19.4974432
          ],
          [
            -99.1198982,
            19.4973829
          ],
          [
            -99.119824,
            19.4973631
          ],
          [
            -99.1197728,
            19.4973737
          ],
          [
            -99.1197154,
            19.497407
          ],
          [
            -99.1196661,
            19.497457
          ],
          [
            -99.1196248,
            19.4975053
          ]
        ]
      },
      "properties": {
        "line_id": "metrobus-1",
        "line_name": "Línea 1",
        "line_color": "#E53935"
      }
    },
    {
      "type": "Feature",
      "geometry": {
        "type": "LineString",
        "coordinates": [
          [
            -99.1870162,
            19.4019632
          ],
          [
            -99.1872715,
            19.4020513
          ],
          [
            -99.1873316,
            19.4020727
          ]
        ]
      },
      "properties": {
        "line_id": "metrobus-2",
        "line_name": "Línea 2",
        "line_color": "#1565C0"
      }
    },
    {
      "type": "Feature",
      "geometry": {
        "type": "LineString",
        "coordinates": [
          [
            -99.1873316,
            19.4020727
          ],
          [
            -99.1871807,
            19.4022822
          ]
        ]
      },
      "properties": {
        "line_id": "metrobus-2",
        "line_name": "Línea 2",
        "line_color": "#1565C0"
      }
    },
    {
      "type": "Feature",
      "geometry": {
        "type": "LineString",
        "coordinates": [
          [
            -99.1871807,
            19.4022822
          ],
          [
            -99.1871506,
            19.4023304
          ],
          [
            -99.1871205,
            19.4023785
          ]
        ]
      },
      "properties": {
        "line_id": "metrobus-2",
        "line_name": "Línea 2",
        "line_color": "#1565C0"
      }
    },
    {
      "type": "Feature",
      "geometry": {
        "type": "LineString",
        "coordinates": [
          [
            -99.1871205,
            19.4023785
          ],
          [
            -99.1870174,
            19.4025984
          ],
          [
            -99.1869545,
            19.4027879
          ]
        ]
      },
      "properties": {
        "line_id": "metrobus-2",
        "line_name": "Línea 2",
        "line_color": "#1565C0"
      }
    },
    {
      "type": "Feature",
      "geometry": {
        "type": "LineString",
        "coordinates": [
          [
            -99.1869545,
            19.4027879
          ],
          [
            -99.1869241,
            19.4029375
          ],
          [
            -99.1868405,
            19.403125
          ],
          [
            -99.1865898,
            19.4035545
          ]
        ]
      },
      "properties": {
        "line_id": "metrobus-2",
        "line_name": "Línea 2",
        "line_color": "#1565C0"
      }
    },
    {
      "type": "Feature",
      "geometry": {
        "type": "LineString",
        "coordinates": [
          [
            -99.1865898,
            19.4035545
          ],
          [
            -99.1863468,
            19.4039579
          ]
        ]
      },
      "properties": {
        "line_id": "metrobus-2",
        "line_name": "Línea 2",
        "line_color": "#1565C0"
      }
    },
    {
      "type": "Feature",
      "geometry": {
        "type": "LineString",
        "coordinates": [
          [
            -99.1863468,
            19.4039579
          ],
          [
            -99.186279,
            19.4040799
          ],
          [
            -99.1856051,
            19.4052915
          ],
          [
            -99.1849913,
            19.4064189
          ]
        ]
      },
      "properties": {
        "line_id": "metrobus-2",
        "line_name": "Línea 2",
        "line_color": "#1565C0"
      }
    },
    {
      "type": "Feature",
      "geometry": {
        "type": "LineString",
        "coordinates": [
          [
            -99.1849913,
            19.4064189
          ],
          [
            -99.1849441,
            19.4065737
          ],
          [
            -99.1843317,
            19.4076705
          ],
          [
            -99.1842171,
            19.4077592
          ]
        ]
      },
      "properties": {
        "line_id": "metrobus-2",
        "line_name": "Línea 2",
        "line_color": "#1565C0"
      }
    },
    {
      "type": "Feature",
      "geometry": {
        "type": "LineString",
        "coordinates": [
          [
            -99.1842171,
            19.4077592
          ],
          [
            -99.1840641,
            19.4076765
          ]
        ]
      },
      "properties": {
        "line_id": "metrobus-2",
        "line_name": "Línea 2",
        "line_color": "#1565C0"
      }
    },
    {
      "type": "Feature",
      "geometry": {
        "type": "LineString",
        "coordinates": [
          [
            -99.1840641,
            19.4076765
          ],
          [
            -99.1825149,
            19.4071471
          ],
          [
            -99.1807621,
            19.4065713
          ],
          [
            -99.1805659,
            19.4065069
          ],
          [
            -99.1798529,
            19.4062727
          ],
          [
            -99.1789586,
            19.4059789
          ],
          [
            -99.1783912,
            19.4057926
          ]
        ]
      },
      "properties": {
        "line_id": "metrobus-2",
        "line_name": "Línea 2",
        "line_color": "#1565C0"
      }
    },
    {
      "type": "Feature",
      "geometry": {
        "type": "LineString",
        "coordinates": [
          [
            -99.1783912,
            19.4057926
          ],
          [
            -99.1780038,
            19.4056653
          ]
        ]
      },
      "properties": {
        "line_id": "metrobus-2",
        "line_name": "Línea 2",
        "line_color": "#1565C0"
      }
    },
    {
      "type": "Feature",
      "geometry": {
        "type": "LineString",
        "coordinates": [
          [
            -99.1780038,
            19.4056653
          ],
          [
            -99.1778704,
            19.4056934
          ],
          [
            -99.1770815,
            19.4054314
          ],
          [
            -99.1768247,
            19.4053769
          ]
        ]
      },
      "properties": {
        "line_id": "metrobus-2",
        "line_name": "Línea 2",
        "line_color": "#1565C0"
      }
    },
    {
      "type": "Feature",
      "geometry": {
        "type": "LineString",
        "coordinates": [
          [
            -99.174445,
            19.4046121
          ],
          [
            -99.175281,
            19.4048701
          ],
          [
            -99.1761989,
            19.4051702
          ],
          [
            -99.1768247,
            19.4053769
          ]
        ]
      },
      "properties": {
        "line_id": "metrobus-2",
        "line_name": "Línea 2",
        "line_color": "#1565C0"
      }
    },
    {
      "type": "Feature",
      "geometry": {
        "type": "LineString",
        "coordinates": [
          [
            -99.174445,
            19.4046121
          ],
          [
            -99.1743672,
            19.4045592
          ],
          [
            -99.1735188,
            19.4042781
          ],
          [
            -99.1731577,
            19.4041837
          ]
        ]
      },
      "properties": {
        "line_id": "metrobus-2",
        "line_name": "Línea 2",
        "line_color": "#1565C0"
      }
    },
    {
      "type": "Feature",
      "geometry": {
        "type": "LineString",
        "coordinates": [
          [
            -99.1711139,
            19.4035194
          ],
          [
            -99.1712914,
            19.4035645
          ],
          [
            -99.1716273,
            19.4036826
          ],
          [
            -99.1731577,
            19.4041837
          ]
        ]
      },
      "properties": {
        "line_id": "metrobus-2",
        "line_name": "Línea 2",
        "line_color": "#1565C0"
      }
    },
    {
      "type": "Feature",
      "geometry": {
        "type": "LineString",
        "coordinates": [
          [
            -99.1711139,
            19.4035194
          ],
          [
            -99.1710065,
            19.4034684
          ],
          [
            -99.1699636,
            19.4034737
          ],
          [
            -99.1694517,
            19.403564
          ],
          [
            -99.1693594,
            19.4036045
          ]
        ]
      },
      "properties": {
        "line_id": "metrobus-2",
        "line_name": "Línea 2",
        "line_color": "#1565C0"
      }
    },
    {
      "type": "Feature",
      "geometry": {
        "type": "LineString",
        "coordinates": [
          [
            -99.1682058,
            19.4017606
          ],
          [
            -99.1684615,
            19.4027419
          ],
          [
            -99.1685377,
            19.4030089
          ],
          [
            -99.1685939,
            19.4031743
          ],
          [
            -99.1686463,
            19.4032799
          ],
          [
            -99.168723,
            19.403382
          ],
          [
            -99.1688106,
            19.4034647
          ],
          [
            -99.1688993,
            19.4035257
          ],
          [
            -99.1689954,
            19.4035716
          ],
          [
            -99.1691098,
            19.4036037
          ],
          [
            -99.1691381,
            19.4036079
          ],
          [
            -99.1691998,
            19.4036171
          ],
          [
            -99.1693594,
            19.4036045
          ]
        ]
      },
      "properties": {
        "line_id": "metrobus-2",
        "line_name": "Línea 2",
        "line_color": "#1565C0"
      }
    },
    {
      "type": "Feature",
      "geometry": {
        "type": "LineString",
        "coordinates": [
          [
            -99.1682058,
            19.4017606
          ],
          [
            -99.1682146,
            19.4016628
          ],
          [
            -99.1679732,
            19.400653
          ],
          [
            -99.1679231,
            19.4005833
          ]
        ]
      },
      "properties": {
        "line_id": "metrobus-2",
        "line_name": "Línea 2",
        "line_color": "#1565C0"
      }
    },
    {
      "type": "Feature",
      "geometry": {
        "type": "LineString",
        "coordinates": [
          [
            -99.1679065,
            19.4005257
          ],
          [
            -99.1679231,
            19.4005833
          ]
        ]
      },
      "properties": {
        "line_id": "metrobus-2",
        "line_name": "Línea 2",
        "line_color": "#1565C0"
      }
    },
    {
      "type": "Feature",
      "geometry": {
        "type": "LineString",
        "coordinates": [
          [
            -99.1678225,
            19.4002351
          ],
          [
            -99.1679065,
            19.4005257
          ]
        ]
      },
      "properties": {
        "line_id": "metrobus-2",
        "line_name": "Línea 2",
        "line_color": "#1565C0"
      }
    },
    {
      "type": "Feature",
      "geometry": {
        "type": "LineString",
        "coordinates": [
          [
            -99.1644115,
            19.3970075
          ],
          [
            -99.164707,
            19.3970722
          ],
          [
            -99.1647987,
            19.3970941
          ],
          [
            -99.1649046,
            19.3971285
          ],
          [
            -99.1650129,
            19.3971745
          ],
          [
            -99.166869,
            19.3982065
          ],
          [
            -99.1670126,
            19.3982903
          ],
          [
            -99.167127,
            19.3983661
          ],
          [
            -99.1672,
            19.39842
          ],
          [
            -99.1672645,
            19.398482
          ],
          [
            -99.1673193,
            19.3985509
          ],
          [
            -99.1673765,
            19.3986324
          ],
          [
            -99.1674166,
            19.398707
          ],
          [
            -99.1674507,
            19.3987931
          ],
          [
            -99.1677734,
            19.4000602
          ],
          [
            -99.1677842,
            19.4001024
          ],
          [
            -99.1678104,
            19.4001932
          ],
          [
            -99.1678225,
            19.4002351
          ]
        ]
      },
      "properties": {
        "line_id": "metrobus-2",
        "line_name": "Línea 2",
        "line_color": "#1565C0"
      }
    },
    {
      "type": "Feature",
      "geometry": {
        "type": "LineString",
        "coordinates": [
          [
            -99.1644115,
            19.3970075
          ],
          [
            -99.1641437,
            19.3969281
          ],
          [
            -99.1632449,
            19.3967189
          ],
          [
            -99.1631499,
            19.3967204
          ]
        ]
      },
      "properties": {
        "line_id": "metrobus-2",
        "line_name": "Línea 2",
        "line_color": "#1565C0"
      }
    },
    {
      "type": "Feature",
      "geometry": {
        "type": "LineString",
        "coordinates": [
          [
            -99.1560008,
            19.395915
          ],
          [
            -99.1560996,
            19.3959214
          ],
          [
            -99.1562213,
            19.3959292
          ],
          [
            -99.156856,
            19.3959702
          ],
          [
            -99.1575298,
            19.3960164
          ],
          [
            -99.1582064,
            19.3960676
          ],
          [
            -99.1589016,
            19.3961127
          ],
          [
            -99.1595747,
            19.3961624
          ],
          [
            -99.1602902,
            19.3962155
          ],
          [
            -99.1609381,
            19.3962565
          ],
          [
            -99.1610363,
            19.3962665
          ],
          [
            -99.1611485,
            19.3962813
          ],
          [
            -99.1617798,
            19.3964196
          ],
          [
            -99.1631499,
            19.3967204
          ]
        ]
      },
      "properties": {
        "line_id": "metrobus-2",
        "line_name": "Línea 2",
        "line_color": "#1565C0"
      }
    },
    {
      "type": "Feature",
      "geometry": {
        "type": "LineString",
        "coordinates": [
          [
            -99.1560008,
            19.395915
          ],
          [
            -99.1555843,
            19.3958553
          ],
          [
            -99.1545042,
            19.3957752
          ],
          [
            -99.1542419,
            19.3957814
          ]
        ]
      },
      "properties": {
        "line_id": "metrobus-2",
        "line_name": "Línea 2",
        "line_color": "#1565C0"
      }
    },
    {
      "type": "Feature",
      "geometry": {
        "type": "LineString",
        "coordinates": [
          [
            -99.1524253,
            19.3956528
          ],
          [
            -99.1530676,
            19.3956904
          ],
          [
            -99.1537212,
            19.3957363
          ],
          [
            -99.1542419,
            19.3957814
          ]
        ]
      },
      "properties": {
        "line_id": "metrobus-2",
        "line_name": "Línea 2",
        "line_color": "#1565C0"
      }
    },
    {
      "type": "Feature",
      "geometry": {
        "type": "LineString",
        "coordinates": [
          [
            -99.1524253,
            19.3956528
          ],
          [
            -99.1520524,
            19.3956136
          ],
          [
            -99.1512183,
            19.3955507
          ],
          [
            -99.1511165,
            19.3955621
          ]
        ]
      },
      "properties": {
        "line_id": "metrobus-2",
        "line_name": "Línea 2",
        "line_color": "#1565C0"
      }
    },
    {
      "type": "Feature",
      "geometry": {
        "type": "LineString",
        "coordinates": [
          [
            -99.1473817,
            19.3952782
          ],
          [
            -99.1475396,
            19.3952849
          ],
          [
            -99.1482564,
            19.3953505
          ],
          [
            -99.1483965,
            19.3953593
          ],
          [
            -99.1489657,
            19.3954024
          ],
          [
            -99.1496288,
            19.3954468
          ],
          [
            -99.1503001,
            19.3954945
          ],
          [
            -99.1510016,
            19.3955473
          ],
          [
            -99.1511165,
            19.3955621
          ]
        ]
      },
      "properties": {
        "line_id": "metrobus-2",
        "line_name": "Línea 2",
        "line_color": "#1565C0"
      }
    },
    {
      "type": "Feature",
      "geometry": {
        "type": "LineString",
        "coordinates": [
          [
            -99.1473817,
            19.3952782
          ],
          [
            -99.1471782,
            19.3952457
          ],
          [
            -99.1462082,
            19.3951846
          ],
          [
            -99.1460633,
            19.395193
          ]
        ]
      },
      "properties": {
        "line_id": "metrobus-2",
        "line_name": "Línea 2",
        "line_color": "#1565C0"
      }
    },
    {
      "type": "Feature",
      "geometry": {
        "type": "LineString",
        "coordinates": [
          [
            -99.1435358,
            19.3948304
          ],
          [
            -99.1436485,
            19.3948403
          ],
          [
            -99.1440748,
            19.3949025
          ],
          [
            -99.1448034,
            19.3950127
          ],
          [
            -99.1454243,
            19.3951032
          ],
          [
            -99.1460633,
            19.395193
          ]
        ]
      },
      "properties": {
        "line_id": "metrobus-2",
        "line_name": "Línea 2",
        "line_color": "#1565C0"
      }
    },
    {
      "type": "Feature",
      "geometry": {
        "type": "LineString",
        "coordinates": [
          [
            -99.1435358,
            19.3948304
          ],
          [
            -99.1433036,
            19.3947817
          ],
          [
            -99.1424706,
            19.3946572
          ],
          [
            -99.1423714,
            19.3946716
          ]
        ]
      },
      "properties": {
        "line_id": "metrobus-2",
        "line_name": "Línea 2",
        "line_color": "#1565C0"
      }
    },
    {
      "type": "Feature",
      "geometry": {
        "type": "LineString",
        "coordinates": [
          [
            -99.1408492,
            19.3944471
          ],
          [
            -99.1410031,
            19.3944641
          ],
          [
            -99.1414136,
            19.394525
          ],
          [
            -99.1415033,
            19.3945383
          ],
          [
            -99.1415753,
            19.3945483
          ],
          [
            -99.1419366,
            19.3945985
          ],
          [
            -99.1423714,
            19.3946716
          ]
        ]
      },
      "properties": {
        "line_id": "metrobus-2",
        "line_name": "Línea 2",
        "line_color": "#1565C0"
      }
    },
    {
      "type": "Feature",
      "geometry": {
        "type": "LineString",
        "coordinates": [
          [
            -99.1408492,
            19.3944471
          ],
          [
            -99.1406299,
            19.3943939
          ],
          [
            -99.1397897,
            19.3942655
          ],
          [
            -99.1396648,
            19.3942716
          ]
        ]
      },
      "properties": {
        "line_id": "metrobus-2",
        "line_name": "Línea 2",
        "line_color": "#1565C0"
      }
    },
    {
      "type": "Feature",
      "geometry": {
        "type": "LineString",
        "coordinates": [
          [
            -99.138409,
            19.3940638
          ],
          [
            -99.1396648,
            19.3942716
          ]
        ]
      },
      "properties": {
        "line_id": "metrobus-2",
        "line_name": "Línea 2",
        "line_color": "#1565C0"
      }
    },
    {
      "type": "Feature",
      "geometry": {
        "type": "LineString",
        "coordinates": [
          [
            -99.1376165,
            19.3938917
          ],
          [
            -99.138409,
            19.3940638
          ]
        ]
      },
      "properties": {
        "line_id": "metrobus-2",
        "line_name": "Línea 2",
        "line_color": "#1565C0"
      }
    },
    {
      "type": "Feature",
      "geometry": {
        "type": "LineString",
        "coordinates": [
          [
            -99.1350643,
            19.3935422
          ],
          [
            -99.13554,
            19.3935915
          ],
          [
            -99.1356009,
            19.3935978
          ],
          [
            -99.1356808,
            19.3936095
          ],
          [
            -99.1376165,
            19.3938917
          ]
        ]
      },
      "properties": {
        "line_id": "metrobus-2",
        "line_name": "Línea 2",
        "line_color": "#1565C0"
      }
    },
    {
      "type": "Feature",
      "geometry": {
        "type": "LineString",
        "coordinates": [
          [
            -99.1350643,
            19.3935422
          ],
          [
            -99.1349447,
            19.3935142
          ],
          [
            -99.1338684,
            19.3933676
          ],
          [
            -99.1336459,
            19.3933717
          ]
        ]
      },
      "properties": {
        "line_id": "metrobus-2",
        "line_name": "Línea 2",
        "line_color": "#1565C0"
      }
    },
    {
      "type": "Feature",
      "geometry": {
        "type": "LineString",
        "coordinates": [
          [
            -99.1302888,
            19.3973864
          ],
          [
            -99.1304056,
            19.3973003
          ],
          [
            -99.1306441,
            19.3970925
          ],
          [
            -99.1308717,
            19.3968388
          ],
          [
            -99.1310397,
            19.3965736
          ],
          [
            -99.1311529,
            19.3963371
          ],
          [
            -99.1312174,
            19.3961534
          ],
          [
            -99.1315916,
            19.394553
          ],
          [
            -99.1317042,
            19.3940135
          ],
          [
            -99.1317809,
            19.3938115
          ],
          [
            -99.1318612,
            19.3936668
          ],
          [
            -99.1319142,
            19.3935926
          ],
          [
            -99.1320645,
            19.3934717
          ],
          [
            -99.1321886,
            19.3933913
          ],
          [
            -99.1322901,
            19.3933414
          ],
          [
            -99.1324101,
            19.3932949
          ],
          [
            -99.1325574,
            19.3932593
          ],
          [
            -99.1326827,
            19.3932467
          ],
          [
            -99.1328263,
            19.3932581
          ],
          [
            -99.1336459,
            19.3933717
          ]
        ]
      },
      "properties": {
        "line_id": "metrobus-2",
        "line_name": "Línea 2",
        "line_color": "#1565C0"
      }
    },
    {
      "type": "Feature",
      "geometry": {
        "type": "LineString",
        "coordinates": [
          [
            -99.1302888,
            19.3973864
          ],
          [
            -99.1301525,
            19.3974565
          ],
          [
            -99.1300031,
            19.3975272
          ],
          [
            -99.1293692,
            19.3977571
          ],
          [
            -99.1292195,
            19.3977844
          ],
          [
            -99.1291007,
            19.3978125
          ]
        ]
      },
      "properties": {
        "line_id": "metrobus-2",
        "line_name": "Línea 2",
        "line_color": "#1565C0"
      }
    },
    {
      "type": "Feature",
      "geometry": {
        "type": "LineString",
        "coordinates": [
          [
            -99.125228,
            19.3980268
          ],
          [
            -99.1260119,
            19.397999
          ],
          [
            -99.1288269,
            19.3978047
          ],
          [
            -99.1288968,
            19.3978066
          ],
          [
            -99.1291007,
            19.3978125
          ]
        ]
      },
      "properties": {
        "line_id": "metrobus-2",
        "line_name": "Línea 2",
        "line_color": "#1565C0"
      }
    },
    {
      "type": "Feature",
      "geometry": {
        "type": "LineString",
        "coordinates": [
          [
            -99.125228,
            19.3980268
          ],
          [
            -99.1249179,
            19.3980126
          ],
          [
            -99.1242128,
            19.3980345
          ],
          [
            -99.1239679,
            19.3980671
          ]
        ]
      },
      "properties": {
        "line_id": "metrobus-2",
        "line_name": "Línea 2",
        "line_color": "#1565C0"
      }
    },
    {
      "type": "Feature",
      "geometry": {
        "type": "LineString",
        "coordinates": [
          [
            -99.1180359,
            19.3982217
          ],
          [
            -99.1227526,
            19.3980933
          ],
          [
            -99.1229596,
            19.398088
          ],
          [
            -99.1237832,
            19.3980662
          ],
          [
            -99.1239679,
            19.3980671
          ]
        ]
      },
      "properties": {
        "line_id": "metrobus-2",
        "line_name": "Línea 2",
        "line_color": "#1565C0"
      }
    },
    {
      "type": "Feature",
      "geometry": {
        "type": "LineString",
        "coordinates": [
          [
            -99.1180359,
            19.3982217
          ],
          [
            -99.1177791,
            19.3982103
          ],
          [
            -99.1175795,
            19.3982126
          ],
          [
            -99.1163077,
            19.398255
          ],
          [
            -99.1161665,
            19.3982493
          ],
          [
            -99.1160603,
            19.3982638
          ]
        ]
      },
      "properties": {
        "line_id": "metrobus-2",
        "line_name": "Línea 2",
        "line_color": "#1565C0"
      }
    },
    {
      "type": "Feature",
      "geometry": {
        "type": "LineString",
        "coordinates": [
          [
            -99.1150287,
            19.3982783
          ],
          [
            -99.115553,
            19.398261
          ],
          [
            -99.1158858,
            19.398255
          ],
          [
            -99.1160021,
            19.3982589
          ],
          [
            -99.1160603,
            19.3982638
          ]
        ]
      },
      "properties": {
        "line_id": "metrobus-2",
        "line_name": "Línea 2",
        "line_color": "#1565C0"
      }
    },
    {
      "type": "Feature",
      "geometry": {
        "type": "LineString",
        "coordinates": [
          [
            -99.1140412,
            19.3983214
          ],
          [
            -99.1150287,
            19.3982783
          ]
        ]
      },
      "properties": {
        "line_id": "metrobus-2",
        "line_name": "Línea 2",
        "line_color": "#1565C0"
      }
    },
    {
      "type": "Feature",
      "geometry": {
        "type": "LineString",
        "coordinates": [
          [
            -99.1140412,
            19.3983214
          ],
          [
            -99.113653,
            19.3982961
          ],
          [
            -99.1128804,
            19.398316
          ],
          [
            -99.1126558,
            19.3983513
          ]
        ]
      },
      "properties": {
        "line_id": "metrobus-2",
        "line_name": "Línea 2",
        "line_color": "#1565C0"
      }
    },
    {
      "type": "Feature",
      "geometry": {
        "type": "LineString",
        "coordinates": [
          [
            -99.1119061,
            19.3983191
          ],
          [
            -99.1123004,
            19.3983478
          ],
          [
            -99.112472,
            19.3983536
          ],
          [
            -99.1126558,
            19.3983513
          ]
        ]
      },
      "properties": {
        "line_id": "metrobus-2",
        "line_name": "Línea 2",
        "line_color": "#1565C0"
      }
    },
    {
      "type": "Feature",
      "geometry": {
        "type": "LineString",
        "coordinates": [
          [
            -99.1102217,
            19.3980024
          ],
          [
            -99.1108058,
            19.3981148
          ],
          [
            -99.1114436,
            19.3982514
          ],
          [
            -99.1117259,
            19.3982985
          ],
          [
            -99.1119061,
            19.3983191
          ]
        ]
      },
      "properties": {
        "line_id": "metrobus-2",
        "line_name": "Línea 2",
        "line_color": "#1565C0"
      }
    },
    {
      "type": "Feature",
      "geometry": {
        "type": "LineString",
        "coordinates": [
          [
            -99.1102217,
            19.3980024
          ],
          [
            -99.1099645,
            19.39792
          ],
          [
            -99.1089581,
            19.3977333
          ],
          [
            -99.1086287,
            19.3977076
          ]
        ]
      },
      "properties": {
        "line_id": "metrobus-2",
        "line_name": "Línea 2",
        "line_color": "#1565C0"
      }
    },
    {
      "type": "Feature",
      "geometry": {
        "type": "LineString",
        "coordinates": [
          [
            -99.1045541,
            19.3972838
          ],
          [
            -99.1084123,
            19.3976818
          ],
          [
            -99.1086287,
            19.3977076
          ]
        ]
      },
      "properties": {
        "line_id": "metrobus-2",
        "line_name": "Línea 2",
        "line_color": "#1565C0"
      }
    },
    {
      "type": "Feature",
      "geometry": {
        "type": "LineString",
        "coordinates": [
          [
            -99.1045541,
            19.3972838
          ],
          [
            -99.1042189,
            19.3972165
          ],
          [
            -99.103427,
            19.397135
          ],
          [
            -99.1031745,
            19.3971288
          ]
        ]
      },
      "properties": {
        "line_id": "metrobus-2",
        "line_name": "Línea 2",
        "line_color": "#1565C0"
      }
    },
    {
      "type": "Feature",
      "geometry": {
        "type": "LineString",
        "coordinates": [
          [
            -99.100699,
            19.3969213
          ],
          [
            -99.1014099,
            19.3969899
          ],
          [
            -99.1020376,
            19.3970154
          ],
          [
            -99.1031745,
            19.3971288
          ]
        ]
      },
      "properties": {
        "line_id": "metrobus-2",
        "line_name": "Línea 2",
        "line_color": "#1565C0"
      }
    },
    {
      "type": "Feature",
      "geometry": {
        "type": "LineString",
        "coordinates": [
          [
            -99.100699,
            19.3969213
          ],
          [
            -99.1003603,
            19.3968654
          ],
          [
            -99.0996726,
            19.3968319
          ],
          [
            -99.0995084,
            19.3968328
          ],
          [
            -99.0991941,
            19.3968448
          ]
        ]
      },
      "properties": {
        "line_id": "metrobus-2",
        "line_name": "Línea 2",
        "line_color": "#1565C0"
      }
    },
    {
      "type": "Feature",
      "geometry": {
        "type": "LineString",
        "coordinates": [
          [
            -99.0965789,
            19.3966144
          ],
          [
            -99.098471,
            19.396832
          ],
          [
            -99.0991941,
            19.3968448
          ]
        ]
      },
      "properties": {
        "line_id": "metrobus-2",
        "line_name": "Línea 2",
        "line_color": "#1565C0"
      }
    },
    {
      "type": "Feature",
      "geometry": {
        "type": "LineString",
        "coordinates": [
          [
            -99.0965789,
            19.3966144
          ],
          [
            -99.0963366,
            19.3965623
          ],
          [
            -99.0955491,
            19.3964647
          ],
          [
            -99.0953601,
            19.3964645
          ]
        ]
      },
      "properties": {
        "line_id": "metrobus-2",
        "line_name": "Línea 2",
        "line_color": "#1565C0"
      }
    },
    {
      "type": "Feature",
      "geometry": {
        "type": "LineString",
        "coordinates": [
          [
            -99.0908977,
            19.3942669
          ],
          [
            -99.0928071,
            19.3955398
          ],
          [
            -99.0930175,
            19.3956798
          ],
          [
            -99.0932078,
            19.3957968
          ],
          [
            -99.0934009,
            19.3959082
          ],
          [
            -99.0936071,
            19.3960129
          ],
          [
            -99.0938117,
            19.3961013
          ],
          [
            -99.0940351,
            19.3961897
          ],
          [
            -99.0942701,
            19.3962644
          ],
          [
            -99.0945194,
            19.3963243
          ],
          [
            -99.0948019,
            19.3963827
          ],
          [
            -99.0952276,
            19.3964466
          ],
          [
            -99.0953601,
            19.3964645
          ]
        ]
      },
      "properties": {
        "line_id": "metrobus-2",
        "line_name": "Línea 2",
        "line_color": "#1565C0"
      }
    },
    {
      "type": "Feature",
      "geometry": {
        "type": "LineString",
        "coordinates": [
          [
            -99.0908977,
            19.3942669
          ],
          [
            -99.0906899,
            19.3940918
          ],
          [
            -99.0898873,
            19.393551
          ],
          [
            -99.0898585,
            19.3935339
          ],
          [
            -99.0897891,
            19.3935068
          ]
        ]
      },
      "properties": {
        "line_id": "metrobus-2",
        "line_name": "Línea 2",
        "line_color": "#1565C0"
      }
    },
    {
      "type": "Feature",
      "geometry": {
        "type": "LineString",
        "coordinates": [
          [
            -99.0876117,
            19.3920113
          ],
          [
            -99.0877823,
            19.3921286
          ],
          [
            -99.0878836,
            19.3921982
          ],
          [
            -99.0897891,
            19.3935068
          ]
        ]
      },
      "properties": {
        "line_id": "metrobus-2",
        "line_name": "Línea 2",
        "line_color": "#1565C0"
      }
    },
    {
      "type": "Feature",
      "geometry": {
        "type": "LineString",
        "coordinates": [
          [
            -99.0876117,
            19.3920113
          ],
          [
            -99.0875228,
            19.3919225
          ],
          [
            -99.0867671,
            19.3914206
          ],
          [
            -99.0865705,
            19.3913166
          ]
        ]
      },
      "properties": {
        "line_id": "metrobus-2",
        "line_name": "Línea 2",
        "line_color": "#1565C0"
      }
    },
    {
      "type": "Feature",
      "geometry": {
        "type": "LineString",
        "coordinates": [
          [
            -99.0837071,
            19.3894116
          ],
          [
            -99.0845314,
            19.3899606
          ],
          [
            -99.0862525,
            19.391106
          ],
          [
            -99.0865705,
            19.3913166
          ]
        ]
      },
      "properties": {
        "line_id": "metrobus-2",
        "line_name": "Línea 2",
        "line_color": "#1565C0"
      }
    },
    {
      "type": "Feature",
      "geometry": {
        "type": "LineString",
        "coordinates": [
          [
            -99.0837071,
            19.3894116
          ],
          [
            -99.0835525,
            19.3892817
          ],
          [
            -99.0828282,
            19.3888029
          ],
          [
            -99.0826428,
            19.3887113
          ]
        ]
      },
      "properties": {
        "line_id": "metrobus-2",
        "line_name": "Línea 2",
        "line_color": "#1565C0"
      }
    },
    {
      "type": "Feature",
      "geometry": {
        "type": "LineString",
        "coordinates": [
          [
            -99.080726,
            19.3874321
          ],
          [
            -99.0826428,
            19.3887113
          ]
        ]
      },
      "properties": {
        "line_id": "metrobus-2",
        "line_name": "Línea 2",
        "line_color": "#1565C0"
      }
    },
    {
      "type": "Feature",
      "geometry": {
        "type": "LineString",
        "coordinates": [
          [
            -99.080726,
            19.3874321
          ],
          [
            -99.0805836,
            19.3873131
          ],
          [
            -99.0804832,
            19.387239
          ],
          [
            -99.0802806,
            19.3870971
          ],
          [
            -99.0796783,
            19.3866955
          ],
          [
            -99.0794823,
            19.3865934
          ]
        ]
      },
      "properties": {
        "line_id": "metrobus-2",
        "line_name": "Línea 2",
        "line_color": "#1565C0"
      }
    },
    {
      "type": "Feature",
      "geometry": {
        "type": "LineString",
        "coordinates": [
          [
            -99.0771059,
            19.3849978
          ],
          [
            -99.0778314,
            19.3854848
          ],
          [
            -99.0779222,
            19.3855457
          ],
          [
            -99.0794823,
            19.3865934
          ]
        ]
      },
      "properties": {
        "line_id": "metrobus-2",
        "line_name": "Línea 2",
        "line_color": "#1565C0"
      }
    },
    {
      "type": "Feature",
      "geometry": {
        "type": "LineString",
        "coordinates": [
          [
            -99.0771059,
            19.3849978
          ],
          [
            -99.0767873,
            19.3847515
          ],
          [
            -99.0758447,
            19.3841363
          ],
          [
            -99.0757516,
            19.3840845
          ],
          [
            -99.0756206,
            19.384013
          ],
          [
            -99.0750746,
            19.3837237
          ],
          [
            -99.0749929,
            19.3836835
          ],
          [
            -99.0749245,
            19.3836614
          ],
          [
            -99.0748414,
            19.3836438
          ],
          [
            -99.0747583,
            19.3836401
          ],
          [
            -99.0746703,
            19.3836475
          ],
          [
            -99.07407,
            19.3837812
          ],
          [
            -99.0734001,
            19.3839857
          ],
          [
            -99.0728847,
            19.384143
          ],
          [
            -99.0726943,
            19.384205
          ],
          [
            -99.0722624,
            19.3843796
          ],
          [
            -99.0722057,
            19.3843925
          ],
          [
            -99.0721431,
            19.3843886
          ],
          [
            -99.0705051,
            19.384123
          ],
          [
            -99.068716,
            19.3838269
          ],
          [
            -99.068495,
            19.3837898
          ],
          [
            -99.0676232,
            19.3836434
          ],
          [
            -99.0670218,
            19.3835474
          ],
          [
            -99.0667617,
            19.3834955
          ]
        ]
      },
      "properties": {
        "line_id": "metrobus-2",
        "line_name": "Línea 2",
        "line_color": "#1565C0"
      }
    },
    {
      "type": "Feature",
      "geometry": {
        "type": "LineString",
        "coordinates": [
          [
            -99.0667617,
            19.3834955
          ],
          [
            -99.066323,
            19.3834344
          ],
          [
            -99.0661377,
            19.3834086
          ],
          [
            -99.065886,
            19.3833736
          ],
          [
            -99.0650293,
            19.3832136
          ],
          [
            -99.0641665,
            19.3830488
          ],
          [
            -99.0636801,
            19.3829697
          ]
        ]
      },
      "properties": {
        "line_id": "metrobus-2",
        "line_name": "Línea 2",
        "line_color": "#1565C0"
      }
    },
    {
      "type": "Feature",
      "geometry": {
        "type": "LineString",
        "coordinates": [
          [
            -99.0636801,
            19.3829697
          ],
          [
            -99.0633132,
            19.3829054
          ]
        ]
      },
      "properties": {
        "line_id": "metrobus-2",
        "line_name": "Línea 2",
        "line_color": "#1565C0"
      }
    },
    {
      "type": "Feature",
      "geometry": {
        "type": "LineString",
        "coordinates": [
          [
            -99.0633132,
            19.3829054
          ],
          [
            -99.0624445,
            19.3827466
          ],
          [
            -99.061584,
            19.3825931
          ],
          [
            -99.0610789,
            19.3825038
          ],
          [
            -99.0609411,
            19.3825393
          ]
        ]
      },
      "properties": {
        "line_id": "metrobus-2",
        "line_name": "Línea 2",
        "line_color": "#1565C0"
      }
    },
    {
      "type": "Feature",
      "geometry": {
        "type": "LineString",
        "coordinates": [
          [
            -99.0609411,
            19.3825393
          ],
          [
            -99.060778,
            19.3826137
          ]
        ]
      },
      "properties": {
        "line_id": "metrobus-2",
        "line_name": "Línea 2",
        "line_color": "#1565C0"
      }
    },
    {
      "type": "Feature",
      "geometry": {
        "type": "LineString",
        "coordinates": [
          [
            -99.060778,
            19.3826137
          ],
          [
            -99.0607836,
            19.3827193
          ]
        ]
      },
      "properties": {
        "line_id": "metrobus-2",
        "line_name": "Línea 2",
        "line_color": "#1565C0"
      }
    },
    {
      "type": "Feature",
      "geometry": {
        "type": "LineString",
        "coordinates": [
          [
            -99.0607836,
            19.3827193
          ],
          [
            -99.0607406,
            19.3831002
          ],
          [
            -99.0603956,
            19.3852542
          ],
          [
            -99.0603379,
            19.3856333
          ],
          [
            -99.0603192,
            19.3857432
          ],
          [
            -99.0602728,
            19.386025
          ]
        ]
      },
      "properties": {
        "line_id": "metrobus-2",
        "line_name": "Línea 2",
        "line_color": "#1565C0"
      }
    },
    {
      "type": "Feature",
      "geometry": {
        "type": "LineString",
        "coordinates": [
          [
            -99.0602728,
            19.386025
          ],
          [
            -99.0602572,
            19.3861087
          ]
        ]
      },
      "properties": {
        "line_id": "metrobus-2",
        "line_name": "Línea 2",
        "line_color": "#1565C0"
      }
    },
    {
      "type": "Feature",
      "geometry": {
        "type": "LineString",
        "coordinates": [
          [
            -99.0602572,
            19.3861087
          ],
          [
            -99.0599496,
            19.3878784
          ],
          [
            -99.0598984,
            19.3881732
          ],
          [
            -99.0597017,
            19.3893767
          ]
        ]
      },
      "properties": {
        "line_id": "metrobus-2",
        "line_name": "Línea 2",
        "line_color": "#1565C0"
      }
    },
    {
      "type": "Feature",
      "geometry": {
        "type": "LineString",
        "coordinates": [
          [
            -99.0597017,
            19.3893767
          ],
          [
            -99.0596625,
            19.3896173
          ]
        ]
      },
      "properties": {
        "line_id": "metrobus-2",
        "line_name": "Línea 2",
        "line_color": "#1565C0"
      }
    },
    {
      "type": "Feature",
      "geometry": {
        "type": "LineString",
        "coordinates": [
          [
            -99.0596625,
            19.3896173
          ],
          [
            -99.0596335,
            19.3897848
          ]
        ]
      },
      "properties": {
        "line_id": "metrobus-2",
        "line_name": "Línea 2",
        "line_color": "#1565C0"
      }
    },
    {
      "type": "Feature",
      "geometry": {
        "type": "LineString",
        "coordinates": [
          [
            -99.0596335,
            19.3897848
          ],
          [
            -99.0595941,
            19.3900357
          ],
          [
            -99.0594793,
            19.3907249
          ],
          [
            -99.0594051,
            19.3911759
          ],
          [
            -99.0593383,
            19.3915936
          ],
          [
            -99.0592327,
            19.3922351
          ],
          [
            -99.0590741,
            19.3932226
          ],
          [
            -99.0589773,
            19.3937643
          ],
          [
            -99.0588855,
            19.394183
          ]
        ]
      },
      "properties": {
        "line_id": "metrobus-2",
        "line_name": "Línea 2",
        "line_color": "#1565C0"
      }
    },
    {
      "type": "Feature",
      "geometry": {
        "type": "LineString",
        "coordinates": [
          [
            -99.0588855,
            19.394183
          ],
          [
            -99.0588152,
            19.3945047
          ],
          [
            -99.058775,
            19.394676
          ],
          [
            -99.0587677,
            19.3947074
          ],
          [
            -99.0586679,
            19.3950924
          ]
        ]
      },
      "properties": {
        "line_id": "metrobus-2",
        "line_name": "Línea 2",
        "line_color": "#1565C0"
      }
    },
    {
      "type": "Feature",
      "geometry": {
        "type": "LineString",
        "coordinates": [
          [
            -99.0586679,
            19.3950924
          ],
          [
            -99.0585917,
            19.3952805
          ]
        ]
      },
      "properties": {
        "line_id": "metrobus-2",
        "line_name": "Línea 2",
        "line_color": "#1565C0"
      }
    },
    {
      "type": "Feature",
      "geometry": {
        "type": "LineString",
        "coordinates": [
          [
            -99.0585917,
            19.3952805
          ],
          [
            -99.0585615,
            19.3954442
          ],
          [
            -99.0583383,
            19.397216
          ]
        ]
      },
      "properties": {
        "line_id": "metrobus-2",
        "line_name": "Línea 2",
        "line_color": "#1565C0"
      }
    },
    {
      "type": "Feature",
      "geometry": {
        "type": "LineString",
        "coordinates": [
          [
            -99.0583383,
            19.397216
          ],
          [
            -99.0583275,
            19.3972621
          ],
          [
            -99.0582825,
            19.3974201
          ],
          [
            -99.0582532,
            19.3974476
          ],
          [
            -99.0582139,
            19.3974775
          ],
          [
            -99.0581478,
            19.3974993
          ]
        ]
      },
      "properties": {
        "line_id": "metrobus-2",
        "line_name": "Línea 2",
        "line_color": "#1565C0"
      }
    },
    {
      "type": "Feature",
      "geometry": {
        "type": "LineString",
        "coordinates": [
          [
            -99.0581478,
            19.3974993
          ],
          [
            -99.0580459,
            19.397496
          ],
          [
            -99.0579722,
            19.3974833
          ],
          [
            -99.0578837,
            19.3974479
          ],
          [
            -99.0571474,
            19.3970608
          ],
          [
            -99.0560314,
            19.3964186
          ],
          [
            -99.0549153,
            19.3957922
          ],
          [
            -99.0504094,
            19.3932054
          ],
          [
            -99.04754,
            19.3915581
          ],
          [
            -99.0475106,
            19.3915412
          ],
          [
            -99.0469061,
            19.3911942
          ],
          [
            -99.0468479,
            19.3911417
          ],
          [
            -99.0468165,
            19.3910795
          ],
          [
            -99.0468034,
            19.3910007
          ],
          [
            -99.0468588,
            19.390884
          ]
        ]
      },
      "properties": {
        "line_id": "metrobus-2",
        "line_name": "Línea 2",
        "line_color": "#1565C0"
      }
    },
    {
      "type": "Feature",
      "geometry": {
        "type": "LineString",
        "coordinates": [
          [
            -99.0468588,
            19.390884
          ],
          [
            -99.0469089,
            19.3908042
          ],
          [
            -99.046943,
            19.3907496
          ],
          [
            -99.0469793,
            19.3906917
          ],
          [
            -99.0470306,
            19.3906533
          ],
          [
            -99.0470695,
            19.3906385
          ],
          [
            -99.0471299,
            19.3906489
          ],
          [
            -99.0474835,
            19.3908333
          ]
        ]
      },
      "properties": {
        "line_id": "metrobus-2",
        "line_name": "Línea 2",
        "line_color": "#1565C0"
      }
    },
    {
      "type": "Feature",
      "geometry": {
        "type": "LineString",
        "coordinates": [
          [
            -99.0474835,
            19.3908333
          ],
          [
            -99.0478845,
            19.3910441
          ],
          [
            -99.0479574,
            19.3910646
          ],
          [
            -99.0480296,
            19.3910739
          ],
          [
            -99.048127,
            19.3910731
          ],
          [
            -99.0482425,
            19.3910544
          ],
          [
            -99.0483079,
            19.391039
          ]
        ]
      },
      "properties": {
        "line_id": "metrobus-2",
        "line_name": "Línea 2",
        "line_color": "#1565C0"
      }
    },
    {
      "type": "Feature",
      "geometry": {
        "type": "LineString",
        "coordinates": [
          [
            -99.0483079,
            19.391039
          ],
          [
            -99.0484372,
            19.39101
          ]
        ]
      },
      "properties": {
        "line_id": "metrobus-2",
        "line_name": "Línea 2",
        "line_color": "#1565C0"
      }
    },
    {
      "type": "Feature",
      "geometry": {
        "type": "LineString",
        "coordinates": [
          [
            -99.0484372,
            19.39101
          ],
          [
            -99.0487558,
            19.3904796
          ],
          [
            -99.0494123,
            19.3893735
          ],
          [
            -99.0494607,
            19.3892909
          ],
          [
            -99.0501689,
            19.3880971
          ],
          [
            -99.0513193,
            19.3861541
          ],
          [
            -99.0513497,
            19.3861033
          ],
          [
            -99.0519909,
            19.3850041
          ]
        ]
      },
      "properties": {
        "line_id": "metrobus-2",
        "line_name": "Línea 2",
        "line_color": "#1565C0"
      }
    },
    {
      "type": "Feature",
      "geometry": {
        "type": "LineString",
        "coordinates": [
          [
            -99.0519909,
            19.3850041
          ],
          [
            -99.0520306,
            19.3849988
          ],
          [
            -99.0520736,
            19.3850006
          ],
          [
            -99.0521137,
            19.3850172
          ],
          [
            -99.0524526,
            19.3852417
          ],
          [
            -99.0541802,
            19.3863876
          ],
          [
            -99.0590554,
            19.3896218
          ],
          [
            -99.0592604,
            19.3898092
          ]
        ]
      },
      "properties": {
        "line_id": "metrobus-2",
        "line_name": "Línea 2",
        "line_color": "#1565C0"
      }
    },
    {
      "type": "Feature",
      "geometry": {
        "type": "LineString",
        "coordinates": [
          [
            -99.0592604,
            19.3898092
          ],
          [
            -99.0593825,
            19.3898322
          ],
          [
            -99.059464,
            19.389832
          ],
          [
            -99.0595533,
            19.3898131
          ],
          [
            -99.0596335,
            19.3897848
          ]
        ]
      },
      "properties": {
        "line_id": "metrobus-2",
        "line_name": "Línea 2",
        "line_color": "#1565C0"
      }
    },
    {
      "type": "Feature",
      "geometry": {
        "type": "LineString",
        "coordinates": [
          [
            -99.0596335,
            19.3897848
          ],
          [
            -99.0598226,
            19.3896659
          ]
        ]
      },
      "properties": {
        "line_id": "metrobus-2",
        "line_name": "Línea 2",
        "line_color": "#1565C0"
      }
    },
    {
      "type": "Feature",
      "geometry": {
        "type": "LineString",
        "coordinates": [
          [
            -99.0598226,
            19.3896659
          ],
          [
            -99.0599139,
            19.3891403
          ],
          [
            -99.0599893,
            19.3886755
          ],
          [
            -99.0600507,
            19.3883008
          ],
          [
            -99.0600986,
            19.3879978
          ],
          [
            -99.0602059,
            19.3873522
          ],
          [
            -99.0602506,
            19.3870614
          ],
          [
            -99.0602976,
            19.3867687
          ],
          [
            -99.0604,
            19.3861627
          ]
        ]
      },
      "properties": {
        "line_id": "metrobus-2",
        "line_name": "Línea 2",
        "line_color": "#1565C0"
      }
    },
    {
      "type": "Feature",
      "geometry": {
        "type": "LineString",
        "coordinates": [
          [
            -99.0604,
            19.3861627
          ],
          [
            -99.0604748,
            19.3857261
          ],
          [
            -99.0604873,
            19.3856498
          ],
          [
            -99.0605536,
            19.3852772
          ],
          [
            -99.0606278,
            19.3848352
          ],
          [
            -99.0606993,
            19.3843677
          ],
          [
            -99.0608286,
            19.3835482
          ],
          [
            -99.0608909,
            19.3831264
          ],
          [
            -99.0609501,
            19.3827252
          ]
        ]
      },
      "properties": {
        "line_id": "metrobus-2",
        "line_name": "Línea 2",
        "line_color": "#1565C0"
      }
    },
    {
      "type": "Feature",
      "geometry": {
        "type": "LineString",
        "coordinates": [
          [
            -99.0609501,
            19.3827252
          ],
          [
            -99.0610358,
            19.3827305
          ],
          [
            -99.0632704,
            19.3831264
          ]
        ]
      },
      "properties": {
        "line_id": "metrobus-2",
        "line_name": "Línea 2",
        "line_color": "#1565C0"
      }
    },
    {
      "type": "Feature",
      "geometry": {
        "type": "LineString",
        "coordinates": [
          [
            -99.0632704,
            19.3831264
          ],
          [
            -99.0636704,
            19.3831965
          ],
          [
            -99.0645618,
            19.3833414
          ],
          [
            -99.0658151,
            19.3835578
          ],
          [
            -99.0663103,
            19.383636
          ],
          [
            -99.0664226,
            19.3836537
          ]
        ]
      },
      "properties": {
        "line_id": "metrobus-2",
        "line_name": "Línea 2",
        "line_color": "#1565C0"
      }
    },
    {
      "type": "Feature",
      "geometry": {
        "type": "LineString",
        "coordinates": [
          [
            -99.0664226,
            19.3836537
          ],
          [
            -99.0667236,
            19.3837111
          ],
          [
            -99.066868,
            19.3837833
          ],
          [
            -99.0669533,
            19.3838279
          ],
          [
            -99.0713851,
            19.3861144
          ],
          [
            -99.0739035,
            19.3874085
          ],
          [
            -99.073981,
            19.3874726
          ],
          [
            -99.0746597,
            19.3878262
          ],
          [
            -99.074827,
            19.387898
          ],
          [
            -99.0748584,
            19.3878855
          ],
          [
            -99.0748772,
            19.3878447
          ],
          [
            -99.0757741,
            19.3842138
          ],
          [
            -99.0757934,
            19.3841954
          ],
          [
            -99.0758291,
            19.3841918
          ],
          [
            -99.076752,
            19.3847999
          ],
          [
            -99.0771059,
            19.3849978
          ]
        ]
      },
      "properties": {
        "line_id": "metrobus-2",
        "line_name": "Línea 2",
        "line_color": "#1565C0"
      }
    },
    {
      "type": "Feature",
      "geometry": {
        "type": "LineString",
        "coordinates": [
          [
            -99.0771059,
            19.3849978
          ],
          [
            -99.0778314,
            19.3854848
          ],
          [
            -99.0779222,
            19.3855457
          ],
          [
            -99.0794823,
            19.3865934
          ]
        ]
      },
      "properties": {
        "line_id": "metrobus-2",
        "line_name": "Línea 2",
        "line_color": "#1565C0"
      }
    },
    {
      "type": "Feature",
      "geometry": {
        "type": "LineString",
        "coordinates": [
          [
            -99.0794823,
            19.3865934
          ],
          [
            -99.0796416,
            19.3867446
          ],
          [
            -99.0802437,
            19.3871463
          ],
          [
            -99.0804731,
            19.3872927
          ],
          [
            -99.0805763,
            19.3873552
          ],
          [
            -99.080726,
            19.3874321
          ]
        ]
      },
      "properties": {
        "line_id": "metrobus-2",
        "line_name": "Línea 2",
        "line_color": "#1565C0"
      }
    },
    {
      "type": "Feature",
      "geometry": {
        "type": "LineString",
        "coordinates": [
          [
            -99.080726,
            19.3874321
          ],
          [
            -99.0826428,
            19.3887113
          ]
        ]
      },
      "properties": {
        "line_id": "metrobus-2",
        "line_name": "Línea 2",
        "line_color": "#1565C0"
      }
    },
    {
      "type": "Feature",
      "geometry": {
        "type": "LineString",
        "coordinates": [
          [
            -99.0826428,
            19.3887113
          ],
          [
            -99.0827932,
            19.3888499
          ],
          [
            -99.0835174,
            19.3893289
          ],
          [
            -99.0837071,
            19.3894116
          ]
        ]
      },
      "properties": {
        "line_id": "metrobus-2",
        "line_name": "Línea 2",
        "line_color": "#1565C0"
      }
    },
    {
      "type": "Feature",
      "geometry": {
        "type": "LineString",
        "coordinates": [
          [
            -99.0837071,
            19.3894116
          ],
          [
            -99.0845314,
            19.3899606
          ],
          [
            -99.0862525,
            19.391106
          ],
          [
            -99.0865705,
            19.3913166
          ]
        ]
      },
      "properties": {
        "line_id": "metrobus-2",
        "line_name": "Línea 2",
        "line_color": "#1565C0"
      }
    },
    {
      "type": "Feature",
      "geometry": {
        "type": "LineString",
        "coordinates": [
          [
            -99.0865705,
            19.3913166
          ],
          [
            -99.0867387,
            19.3914619
          ],
          [
            -99.0867397,
            19.3914628
          ],
          [
            -99.087494,
            19.3919645
          ],
          [
            -99.0876117,
            19.3920113
          ]
        ]
      },
      "properties": {
        "line_id": "metrobus-2",
        "line_name": "Línea 2",
        "line_color": "#1565C0"
      }
    },
    {
      "type": "Feature",
      "geometry": {
        "type": "LineString",
        "coordinates": [
          [
            -99.0876117,
            19.3920113
          ],
          [
            -99.0877823,
            19.3921286
          ],
          [
            -99.0878836,
            19.3921982
          ],
          [
            -99.0897891,
            19.3935068
          ]
        ]
      },
      "properties": {
        "line_id": "metrobus-2",
        "line_name": "Línea 2",
        "line_color": "#1565C0"
      }
    },
    {
      "type": "Feature",
      "geometry": {
        "type": "LineString",
        "coordinates": [
          [
            -99.0897891,
            19.3935068
          ],
          [
            -99.0898387,
            19.3935848
          ],
          [
            -99.0898516,
            19.3935981
          ],
          [
            -99.0906541,
            19.3941391
          ],
          [
            -99.0908977,
            19.3942669
          ]
        ]
      },
      "properties": {
        "line_id": "metrobus-2",
        "line_name": "Línea 2",
        "line_color": "#1565C0"
      }
    },
    {
      "type": "Feature",
      "geometry": {
        "type": "LineString",
        "coordinates": [
          [
            -99.0908977,
            19.3942669
          ],
          [
            -99.0928071,
            19.3955398
          ],
          [
            -99.0930175,
            19.3956798
          ],
          [
            -99.0932078,
            19.3957968
          ],
          [
            -99.0934009,
            19.3959082
          ],
          [
            -99.0936071,
            19.3960129
          ],
          [
            -99.0938117,
            19.3961013
          ],
          [
            -99.0940351,
            19.3961897
          ],
          [
            -99.0942701,
            19.3962644
          ],
          [
            -99.0945194,
            19.3963243
          ],
          [
            -99.0948019,
            19.3963827
          ],
          [
            -99.0952276,
            19.3964466
          ],
          [
            -99.0953601,
            19.3964645
          ]
        ]
      },
      "properties": {
        "line_id": "metrobus-2",
        "line_name": "Línea 2",
        "line_color": "#1565C0"
      }
    },
    {
      "type": "Feature",
      "geometry": {
        "type": "LineString",
        "coordinates": [
          [
            -99.0953601,
            19.3964645
          ],
          [
            -99.0955422,
            19.3965145
          ],
          [
            -99.0963296,
            19.3966122
          ],
          [
            -99.0965789,
            19.3966144
          ]
        ]
      },
      "properties": {
        "line_id": "metrobus-2",
        "line_name": "Línea 2",
        "line_color": "#1565C0"
      }
    },
    {
      "type": "Feature",
      "geometry": {
        "type": "LineString",
        "coordinates": [
          [
            -99.0965789,
            19.3966144
          ],
          [
            -99.098471,
            19.396832
          ],
          [
            -99.0991941,
            19.3968448
          ]
        ]
      },
      "properties": {
        "line_id": "metrobus-2",
        "line_name": "Línea 2",
        "line_color": "#1565C0"
      }
    },
    {
      "type": "Feature",
      "geometry": {
        "type": "LineString",
        "coordinates": [
          [
            -99.0991941,
            19.3968448
          ],
          [
            -99.0994959,
            19.3968756
          ],
          [
            -99.0996692,
            19.3968932
          ],
          [
            -99.100357,
            19.3969269
          ],
          [
            -99.100699,
            19.3969213
          ]
        ]
      },
      "properties": {
        "line_id": "metrobus-2",
        "line_name": "Línea 2",
        "line_color": "#1565C0"
      }
    },
    {
      "type": "Feature",
      "geometry": {
        "type": "LineString",
        "coordinates": [
          [
            -99.100699,
            19.3969213
          ],
          [
            -99.1014099,
            19.3969899
          ],
          [
            -99.1020376,
            19.3970154
          ],
          [
            -99.1031745,
            19.3971288
          ]
        ]
      },
      "properties": {
        "line_id": "metrobus-2",
        "line_name": "Línea 2",
        "line_color": "#1565C0"
      }
    },
    {
      "type": "Feature",
      "geometry": {
        "type": "LineString",
        "coordinates": [
          [
            -99.1031745,
            19.3971288
          ],
          [
            -99.1034203,
            19.3971933
          ],
          [
            -99.1042122,
            19.3972746
          ],
          [
            -99.1045541,
            19.3972838
          ]
        ]
      },
      "properties": {
        "line_id": "metrobus-2",
        "line_name": "Línea 2",
        "line_color": "#1565C0"
      }
    },
    {
      "type": "Feature",
      "geometry": {
        "type": "LineString",
        "coordinates": [
          [
            -99.1045541,
            19.3972838
          ],
          [
            -99.1084123,
            19.3976818
          ],
          [
            -99.1086287,
            19.3977076
          ]
        ]
      },
      "properties": {
        "line_id": "metrobus-2",
        "line_name": "Línea 2",
        "line_color": "#1565C0"
      }
    },
    {
      "type": "Feature",
      "geometry": {
        "type": "LineString",
        "coordinates": [
          [
            -99.1086287,
            19.3977076
          ],
          [
            -99.1089458,
            19.3977923
          ],
          [
            -99.1099522,
            19.3979788
          ],
          [
            -99.1102217,
            19.3980024
          ]
        ]
      },
      "properties": {
        "line_id": "metrobus-2",
        "line_name": "Línea 2",
        "line_color": "#1565C0"
      }
    },
    {
      "type": "Feature",
      "geometry": {
        "type": "LineString",
        "coordinates": [
          [
            -99.1102217,
            19.3980024
          ],
          [
            -99.1108058,
            19.3981148
          ],
          [
            -99.1114436,
            19.3982514
          ],
          [
            -99.1117259,
            19.3982985
          ],
          [
            -99.1119061,
            19.3983191
          ]
        ]
      },
      "properties": {
        "line_id": "metrobus-2",
        "line_name": "Línea 2",
        "line_color": "#1565C0"
      }
    },
    {
      "type": "Feature",
      "geometry": {
        "type": "LineString",
        "coordinates": [
          [
            -99.1119061,
            19.3983191
          ],
          [
            -99.1123004,
            19.3983478
          ],
          [
            -99.112472,
            19.3983536
          ],
          [
            -99.1126558,
            19.3983513
          ]
        ]
      },
      "properties": {
        "line_id": "metrobus-2",
        "line_name": "Línea 2",
        "line_color": "#1565C0"
      }
    },
    {
      "type": "Feature",
      "geometry": {
        "type": "LineString",
        "coordinates": [
          [
            -99.1126558,
            19.3983513
          ],
          [
            -99.1128825,
            19.3983876
          ],
          [
            -99.1136215,
            19.3983687
          ],
          [
            -99.1136761,
            19.3983673
          ],
          [
            -99.1140412,
            19.3983214
          ]
        ]
      },
      "properties": {
        "line_id": "metrobus-2",
        "line_name": "Línea 2",
        "line_color": "#1565C0"
      }
    },
    {
      "type": "Feature",
      "geometry": {
        "type": "LineString",
        "coordinates": [
          [
            -99.1140412,
            19.3983214
          ],
          [
            -99.1150287,
            19.3982783
          ]
        ]
      },
      "properties": {
        "line_id": "metrobus-2",
        "line_name": "Línea 2",
        "line_color": "#1565C0"
      }
    },
    {
      "type": "Feature",
      "geometry": {
        "type": "LineString",
        "coordinates": [
          [
            -99.1150287,
            19.3982783
          ],
          [
            -99.115553,
            19.398261
          ],
          [
            -99.1158858,
            19.398255
          ],
          [
            -99.1160021,
            19.3982589
          ],
          [
            -99.1160603,
            19.3982638
          ]
        ]
      },
      "properties": {
        "line_id": "metrobus-2",
        "line_name": "Línea 2",
        "line_color": "#1565C0"
      }
    },
    {
      "type": "Feature",
      "geometry": {
        "type": "LineString",
        "coordinates": [
          [
            -99.1160603,
            19.3982638
          ],
          [
            -99.1161726,
            19.3983009
          ],
          [
            -99.1163004,
            19.3983216
          ],
          [
            -99.1175856,
            19.3982803
          ],
          [
            -99.1177816,
            19.3982665
          ],
          [
            -99.1180359,
            19.3982217
          ]
        ]
      },
      "properties": {
        "line_id": "metrobus-2",
        "line_name": "Línea 2",
        "line_color": "#1565C0"
      }
    },
    {
      "type": "Feature",
      "geometry": {
        "type": "LineString",
        "coordinates": [
          [
            -99.1180359,
            19.3982217
          ],
          [
            -99.1227526,
            19.3980933
          ],
          [
            -99.1229596,
            19.398088
          ],
          [
            -99.1237832,
            19.3980662
          ],
          [
            -99.1239679,
            19.3980671
          ]
        ]
      },
      "properties": {
        "line_id": "metrobus-2",
        "line_name": "Línea 2",
        "line_color": "#1565C0"
      }
    },
    {
      "type": "Feature",
      "geometry": {
        "type": "LineString",
        "coordinates": [
          [
            -99.1239679,
            19.3980671
          ],
          [
            -99.1242152,
            19.3981039
          ],
          [
            -99.1249203,
            19.3980822
          ],
          [
            -99.125228,
            19.3980268
          ]
        ]
      },
      "properties": {
        "line_id": "metrobus-2",
        "line_name": "Línea 2",
        "line_color": "#1565C0"
      }
    },
    {
      "type": "Feature",
      "geometry": {
        "type": "LineString",
        "coordinates": [
          [
            -99.125228,
            19.3980268
          ],
          [
            -99.1260119,
            19.397999
          ],
          [
            -99.1288269,
            19.3978047
          ],
          [
            -99.1288968,
            19.3978066
          ],
          [
            -99.1291007,
            19.3978125
          ]
        ]
      },
      "properties": {
        "line_id": "metrobus-2",
        "line_name": "Línea 2",
        "line_color": "#1565C0"
      }
    },
    {
      "type": "Feature",
      "geometry": {
        "type": "LineString",
        "coordinates": [
          [
            -99.1291007,
            19.3978125
          ],
          [
            -99.1292263,
            19.397833
          ],
          [
            -99.1293926,
            19.3978143
          ],
          [
            -99.1300265,
            19.3975845
          ],
          [
            -99.1301832,
            19.3975007
          ],
          [
            -99.1302888,
            19.3973864
          ]
        ]
      },
      "properties": {
        "line_id": "metrobus-2",
        "line_name": "Línea 2",
        "line_color": "#1565C0"
      }
    },
    {
      "type": "Feature",
      "geometry": {
        "type": "LineString",
        "coordinates": [
          [
            -99.1302888,
            19.3973864
          ],
          [
            -99.1304056,
            19.3973003
          ],
          [
            -99.1306441,
            19.3970925
          ],
          [
            -99.1308717,
            19.3968388
          ],
          [
            -99.1310397,
            19.3965736
          ],
          [
            -99.1311529,
            19.3963371
          ],
          [
            -99.1312174,
            19.3961534
          ],
          [
            -99.1315916,
            19.394553
          ],
          [
            -99.1317042,
            19.3940135
          ],
          [
            -99.1317809,
            19.3938115
          ],
          [
            -99.1318612,
            19.3936668
          ],
          [
            -99.1319142,
            19.3935926
          ],
          [
            -99.1320645,
            19.3934717
          ],
          [
            -99.1321886,
            19.3933913
          ],
          [
            -99.1322901,
            19.3933414
          ],
          [
            -99.1324101,
            19.3932949
          ],
          [
            -99.1325574,
            19.3932593
          ],
          [
            -99.1326827,
            19.3932467
          ],
          [
            -99.1328263,
            19.3932581
          ],
          [
            -99.1336459,
            19.3933717
          ]
        ]
      },
      "properties": {
        "line_id": "metrobus-2",
        "line_name": "Línea 2",
        "line_color": "#1565C0"
      }
    },
    {
      "type": "Feature",
      "geometry": {
        "type": "LineString",
        "coordinates": [
          [
            -99.1336459,
            19.3933717
          ],
          [
            -99.133861,
            19.3934155
          ],
          [
            -99.1349371,
            19.3935623
          ],
          [
            -99.1350643,
            19.3935422
          ]
        ]
      },
      "properties": {
        "line_id": "metrobus-2",
        "line_name": "Línea 2",
        "line_color": "#1565C0"
      }
    },
    {
      "type": "Feature",
      "geometry": {
        "type": "LineString",
        "coordinates": [
          [
            -99.1350643,
            19.3935422
          ],
          [
            -99.13554,
            19.3935915
          ],
          [
            -99.1356009,
            19.3935978
          ],
          [
            -99.1356808,
            19.3936095
          ],
          [
            -99.1376165,
            19.3938917
          ]
        ]
      },
      "properties": {
        "line_id": "metrobus-2",
        "line_name": "Línea 2",
        "line_color": "#1565C0"
      }
    },
    {
      "type": "Feature",
      "geometry": {
        "type": "LineString",
        "coordinates": [
          [
            -99.1376165,
            19.3938917
          ],
          [
            -99.138409,
            19.3940638
          ]
        ]
      },
      "properties": {
        "line_id": "metrobus-2",
        "line_name": "Línea 2",
        "line_color": "#1565C0"
      }
    },
    {
      "type": "Feature",
      "geometry": {
        "type": "LineString",
        "coordinates": [
          [
            -99.138409,
            19.3940638
          ],
          [
            -99.1396648,
            19.3942716
          ]
        ]
      },
      "properties": {
        "line_id": "metrobus-2",
        "line_name": "Línea 2",
        "line_color": "#1565C0"
      }
    },
    {
      "type": "Feature",
      "geometry": {
        "type": "LineString",
        "coordinates": [
          [
            -99.1396648,
            19.3942716
          ],
          [
            -99.1397802,
            19.3943204
          ],
          [
            -99.1406204,
            19.394449
          ],
          [
            -99.1408492,
            19.3944471
          ]
        ]
      },
      "properties": {
        "line_id": "metrobus-2",
        "line_name": "Línea 2",
        "line_color": "#1565C0"
      }
    },
    {
      "type": "Feature",
      "geometry": {
        "type": "LineString",
        "coordinates": [
          [
            -99.1408492,
            19.3944471
          ],
          [
            -99.1410031,
            19.3944641
          ],
          [
            -99.1414136,
            19.394525
          ],
          [
            -99.1415033,
            19.3945383
          ],
          [
            -99.1415753,
            19.3945483
          ],
          [
            -99.1419366,
            19.3945985
          ],
          [
            -99.1423714,
            19.3946716
          ]
        ]
      },
      "properties": {
        "line_id": "metrobus-2",
        "line_name": "Línea 2",
        "line_color": "#1565C0"
      }
    },
    {
      "type": "Feature",
      "geometry": {
        "type": "LineString",
        "coordinates": [
          [
            -99.1423714,
            19.3946716
          ],
          [
            -99.142462,
            19.3947081
          ],
          [
            -99.143295,
            19.3948328
          ],
          [
            -99.1435358,
            19.3948304
          ]
        ]
      },
      "properties": {
        "line_id": "metrobus-2",
        "line_name": "Línea 2",
        "line_color": "#1565C0"
      }
    },
    {
      "type": "Feature",
      "geometry": {
        "type": "LineString",
        "coordinates": [
          [
            -99.1435358,
            19.3948304
          ],
          [
            -99.1436485,
            19.3948403
          ],
          [
            -99.1440748,
            19.3949025
          ],
          [
            -99.1448034,
            19.3950127
          ],
          [
            -99.1454243,
            19.3951032
          ],
          [
            -99.1460633,
            19.395193
          ]
        ]
      },
      "properties": {
        "line_id": "metrobus-2",
        "line_name": "Línea 2",
        "line_color": "#1565C0"
      }
    },
    {
      "type": "Feature",
      "geometry": {
        "type": "LineString",
        "coordinates": [
          [
            -99.1460633,
            19.395193
          ],
          [
            -99.1462051,
            19.3952286
          ],
          [
            -99.1471751,
            19.3952899
          ],
          [
            -99.1473817,
            19.3952782
          ]
        ]
      },
      "properties": {
        "line_id": "metrobus-2",
        "line_name": "Línea 2",
        "line_color": "#1565C0"
      }
    },
    {
      "type": "Feature",
      "geometry": {
        "type": "LineString",
        "coordinates": [
          [
            -99.1473817,
            19.3952782
          ],
          [
            -99.1475396,
            19.3952849
          ],
          [
            -99.1482564,
            19.3953505
          ],
          [
            -99.1483965,
            19.3953593
          ],
          [
            -99.1489657,
            19.3954024
          ],
          [
            -99.1496288,
            19.3954468
          ],
          [
            -99.1503001,
            19.3954945
          ],
          [
            -99.1510016,
            19.3955473
          ],
          [
            -99.1511165,
            19.3955621
          ]
        ]
      },
      "properties": {
        "line_id": "metrobus-2",
        "line_name": "Línea 2",
        "line_color": "#1565C0"
      }
    },
    {
      "type": "Feature",
      "geometry": {
        "type": "LineString",
        "coordinates": [
          [
            -99.1511165,
            19.3955621
          ],
          [
            -99.1512143,
            19.395597
          ],
          [
            -99.1520485,
            19.3956601
          ],
          [
            -99.1524253,
            19.3956528
          ]
        ]
      },
      "properties": {
        "line_id": "metrobus-2",
        "line_name": "Línea 2",
        "line_color": "#1565C0"
      }
    },
    {
      "type": "Feature",
      "geometry": {
        "type": "LineString",
        "coordinates": [
          [
            -99.1524253,
            19.3956528
          ],
          [
            -99.1530676,
            19.3956904
          ],
          [
            -99.1537212,
            19.3957363
          ],
          [
            -99.1542419,
            19.3957814
          ]
        ]
      },
      "properties": {
        "line_id": "metrobus-2",
        "line_name": "Línea 2",
        "line_color": "#1565C0"
      }
    },
    {
      "type": "Feature",
      "geometry": {
        "type": "LineString",
        "coordinates": [
          [
            -99.1542419,
            19.3957814
          ],
          [
            -99.1544998,
            19.3958326
          ],
          [
            -99.1555786,
            19.3959069
          ],
          [
            -99.1560008,
            19.395915
          ]
        ]
      },
      "properties": {
        "line_id": "metrobus-2",
        "line_name": "Línea 2",
        "line_color": "#1565C0"
      }
    },
    {
      "type": "Feature",
      "geometry": {
        "type": "LineString",
        "coordinates": [
          [
            -99.1560008,
            19.395915
          ],
          [
            -99.1560996,
            19.3959214
          ],
          [
            -99.1562213,
            19.3959292
          ],
          [
            -99.156856,
            19.3959702
          ],
          [
            -99.1575298,
            19.3960164
          ],
          [
            -99.1582064,
            19.3960676
          ],
          [
            -99.1589016,
            19.3961127
          ],
          [
            -99.1595747,
            19.3961624
          ],
          [
            -99.1602902,
            19.3962155
          ],
          [
            -99.1609381,
            19.3962565
          ],
          [
            -99.1610363,
            19.3962665
          ],
          [
            -99.1611485,
            19.3962813
          ],
          [
            -99.1617798,
            19.3964196
          ],
          [
            -99.1631499,
            19.3967204
          ]
        ]
      },
      "properties": {
        "line_id": "metrobus-2",
        "line_name": "Línea 2",
        "line_color": "#1565C0"
      }
    },
    {
      "type": "Feature",
      "geometry": {
        "type": "LineString",
        "coordinates": [
          [
            -99.1631499,
            19.3967204
          ],
          [
            -99.1632322,
            19.3967681
          ],
          [
            -99.164131,
            19.3969772
          ],
          [
            -99.1644115,
            19.3970075
          ]
        ]
      },
      "properties": {
        "line_id": "metrobus-2",
        "line_name": "Línea 2",
        "line_color": "#1565C0"
      }
    },
    {
      "type": "Feature",
      "geometry": {
        "type": "LineString",
        "coordinates": [
          [
            -99.1644115,
            19.3970075
          ],
          [
            -99.164707,
            19.3970722
          ],
          [
            -99.1647987,
            19.3970941
          ],
          [
            -99.1649046,
            19.3971285
          ],
          [
            -99.1650129,
            19.3971745
          ],
          [
            -99.166869,
            19.3982065
          ],
          [
            -99.1670126,
            19.3982903
          ],
          [
            -99.167127,
            19.3983661
          ],
          [
            -99.1672,
            19.39842
          ],
          [
            -99.1672645,
            19.398482
          ],
          [
            -99.1673193,
            19.3985509
          ],
          [
            -99.1673765,
            19.3986324
          ],
          [
            -99.1674166,
            19.398707
          ],
          [
            -99.1674507,
            19.3987931
          ],
          [
            -99.1677734,
            19.4000602
          ],
          [
            -99.1677842,
            19.4001024
          ],
          [
            -99.1678104,
            19.4001932
          ],
          [
            -99.1678225,
            19.4002351
          ]
        ]
      },
      "properties": {
        "line_id": "metrobus-2",
        "line_name": "Línea 2",
        "line_color": "#1565C0"
      }
    },
    {
      "type": "Feature",
      "geometry": {
        "type": "LineString",
        "coordinates": [
          [
            -99.1678225,
            19.4002351
          ],
          [
            -99.1679065,
            19.4005257
          ]
        ]
      },
      "properties": {
        "line_id": "metrobus-2",
        "line_name": "Línea 2",
        "line_color": "#1565C0"
      }
    },
    {
      "type": "Feature",
      "geometry": {
        "type": "LineString",
        "coordinates": [
          [
            -99.1679065,
            19.4005257
          ],
          [
            -99.1679231,
            19.4005833
          ]
        ]
      },
      "properties": {
        "line_id": "metrobus-2",
        "line_name": "Línea 2",
        "line_color": "#1565C0"
      }
    },
    {
      "type": "Feature",
      "geometry": {
        "type": "LineString",
        "coordinates": [
          [
            -99.1679231,
            19.4005833
          ],
          [
            -99.1679123,
            19.4006675
          ],
          [
            -99.1681551,
            19.4016756
          ],
          [
            -99.1682058,
            19.4017606
          ]
        ]
      },
      "properties": {
        "line_id": "metrobus-2",
        "line_name": "Línea 2",
        "line_color": "#1565C0"
      }
    },
    {
      "type": "Feature",
      "geometry": {
        "type": "LineString",
        "coordinates": [
          [
            -99.1682058,
            19.4017606
          ],
          [
            -99.1684615,
            19.4027419
          ],
          [
            -99.1685377,
            19.4030089
          ],
          [
            -99.1685939,
            19.4031743
          ],
          [
            -99.1686463,
            19.4032799
          ],
          [
            -99.168723,
            19.403382
          ],
          [
            -99.1688106,
            19.4034647
          ],
          [
            -99.1688993,
            19.4035257
          ],
          [
            -99.1689954,
            19.4035716
          ],
          [
            -99.1691098,
            19.4036037
          ],
          [
            -99.1691381,
            19.4036079
          ],
          [
            -99.1691998,
            19.4036171
          ],
          [
            -99.1693594,
            19.4036045
          ]
        ]
      },
      "properties": {
        "line_id": "metrobus-2",
        "line_name": "Línea 2",
        "line_color": "#1565C0"
      }
    },
    {
      "type": "Feature",
      "geometry": {
        "type": "LineString",
        "coordinates": [
          [
            -99.1693594,
            19.4036045
          ],
          [
            -99.1694359,
            19.4036117
          ],
          [
            -99.1698332,
            19.4035474
          ],
          [
            -99.169964,
            19.4035339
          ],
          [
            -99.1710186,
            19.4035273
          ],
          [
            -99.1711139,
            19.4035194
          ]
        ]
      },
      "properties": {
        "line_id": "metrobus-2",
        "line_name": "Línea 2",
        "line_color": "#1565C0"
      }
    },
    {
      "type": "Feature",
      "geometry": {
        "type": "LineString",
        "coordinates": [
          [
            -99.1711139,
            19.4035194
          ],
          [
            -99.1712914,
            19.4035645
          ],
          [
            -99.1716273,
            19.4036826
          ],
          [
            -99.1731577,
            19.4041837
          ]
        ]
      },
      "properties": {
        "line_id": "metrobus-2",
        "line_name": "Línea 2",
        "line_color": "#1565C0"
      }
    },
    {
      "type": "Feature",
      "geometry": {
        "type": "LineString",
        "coordinates": [
          [
            -99.1731577,
            19.4041837
          ],
          [
            -99.1735005,
            19.4043389
          ],
          [
            -99.1743463,
            19.4046122
          ],
          [
            -99.174445,
            19.4046121
          ]
        ]
      },
      "properties": {
        "line_id": "metrobus-2",
        "line_name": "Línea 2",
        "line_color": "#1565C0"
      }
    },
    {
      "type": "Feature",
      "geometry": {
        "type": "LineString",
        "coordinates": [
          [
            -99.174445,
            19.4046121
          ],
          [
            -99.175281,
            19.4048701
          ],
          [
            -99.1761989,
            19.4051702
          ],
          [
            -99.1768247,
            19.4053769
          ]
        ]
      },
      "properties": {
        "line_id": "metrobus-2",
        "line_name": "Línea 2",
        "line_color": "#1565C0"
      }
    },
    {
      "type": "Feature",
      "geometry": {
        "type": "LineString",
        "coordinates": [
          [
            -99.1768247,
            19.4053769
          ],
          [
            -99.177061,
            19.4054921
          ],
          [
            -99.17787,
            19.4057617
          ],
          [
            -99.1780751,
            19.4059176
          ]
        ]
      },
      "properties": {
        "line_id": "metrobus-2",
        "line_name": "Línea 2",
        "line_color": "#1565C0"
      }
    },
    {
      "type": "Feature",
      "geometry": {
        "type": "LineString",
        "coordinates": [
          [
            -99.1780751,
            19.4059176
          ],
          [
            -99.1788566,
            19.4061671
          ],
          [
            -99.179806,
            19.4064702
          ],
          [
            -99.1804321,
            19.4066727
          ],
          [
            -99.1806957,
            19.4067614
          ],
          [
            -99.1810871,
            19.4068843
          ],
          [
            -99.1824246,
            19.4073159
          ],
          [
            -99.1840371,
            19.4078475
          ]
        ]
      },
      "properties": {
        "line_id": "metrobus-2",
        "line_name": "Línea 2",
        "line_color": "#1565C0"
      }
    },
    {
      "type": "Feature",
      "geometry": {
        "type": "LineString",
        "coordinates": [
          [
            -99.1840371,
            19.4078475
          ],
          [
            -99.1842076,
            19.4078976
          ]
        ]
      },
      "properties": {
        "line_id": "metrobus-2",
        "line_name": "Línea 2",
        "line_color": "#1565C0"
      }
    },
    {
      "type": "Feature",
      "geometry": {
        "type": "LineString",
        "coordinates": [
          [
            -99.1842076,
            19.4078976
          ],
          [
            -99.1843134,
            19.4079239
          ]
        ]
      },
      "properties": {
        "line_id": "metrobus-2",
        "line_name": "Línea 2",
        "line_color": "#1565C0"
      }
    },
    {
      "type": "Feature",
      "geometry": {
        "type": "LineString",
        "coordinates": [
          [
            -99.1843134,
            19.4079239
          ],
          [
            -99.1844351,
            19.4079429
          ],
          [
            -99.1845589,
            19.4079545
          ],
          [
            -99.1854254,
            19.4079152
          ],
          [
            -99.1860167,
            19.4078915
          ]
        ]
      },
      "properties": {
        "line_id": "metrobus-2",
        "line_name": "Línea 2",
        "line_color": "#1565C0"
      }
    },
    {
      "type": "Feature",
      "geometry": {
        "type": "LineString",
        "coordinates": [
          [
            -99.1860167,
            19.4078915
          ],
          [
            -99.1868931,
            19.4078643
          ],
          [
            -99.1874454,
            19.4078472
          ]
        ]
      },
      "properties": {
        "line_id": "metrobus-2",
        "line_name": "Línea 2",
        "line_color": "#1565C0"
      }
    },
    {
      "type": "Feature",
      "geometry": {
        "type": "LineString",
        "coordinates": [
          [
            -99.1874454,
            19.4078472
          ],
          [
            -99.1879374,
            19.4078319
          ]
        ]
      },
      "properties": {
        "line_id": "metrobus-2",
        "line_name": "Línea 2",
        "line_color": "#1565C0"
      }
    },
    {
      "type": "Feature",
      "geometry": {
        "type": "LineString",
        "coordinates": [
          [
            -99.1879374,
            19.4078319
          ],
          [
            -99.1894447,
            19.4078005
          ],
          [
            -99.18956,
            19.4077962
          ]
        ]
      },
      "properties": {
        "line_id": "metrobus-2",
        "line_name": "Línea 2",
        "line_color": "#1565C0"
      }
    },
    {
      "type": "Feature",
      "geometry": {
        "type": "LineString",
        "coordinates": [
          [
            -99.18956,
            19.4077962
          ],
          [
            -99.1896979,
            19.4077836
          ]
        ]
      },
      "properties": {
        "line_id": "metrobus-2",
        "line_name": "Línea 2",
        "line_color": "#1565C0"
      }
    },
    {
      "type": "Feature",
      "geometry": {
        "type": "LineString",
        "coordinates": [
          [
            -99.1896979,
            19.4077836
          ],
          [
            -99.1896219,
            19.4076298
          ]
        ]
      },
      "properties": {
        "line_id": "metrobus-2",
        "line_name": "Línea 2",
        "line_color": "#1565C0"
      }
    },
    {
      "type": "Feature",
      "geometry": {
        "type": "LineString",
        "coordinates": [
          [
            -99.1896219,
            19.4076298
          ],
          [
            -99.1895713,
            19.4075299
          ],
          [
            -99.1894104,
            19.4072001
          ]
        ]
      },
      "properties": {
        "line_id": "metrobus-2",
        "line_name": "Línea 2",
        "line_color": "#1565C0"
      }
    },
    {
      "type": "Feature",
      "geometry": {
        "type": "LineString",
        "coordinates": [
          [
            -99.1894104,
            19.4072001
          ],
          [
            -99.1886478,
            19.4056222
          ],
          [
            -99.1883544,
            19.4050897
          ],
          [
            -99.1883026,
            19.4049726
          ],
          [
            -99.1879493,
            19.4041736
          ]
        ]
      },
      "properties": {
        "line_id": "metrobus-2",
        "line_name": "Línea 2",
        "line_color": "#1565C0"
      }
    },
    {
      "type": "Feature",
      "geometry": {
        "type": "LineString",
        "coordinates": [
          [
            -99.1879493,
            19.4041736
          ],
          [
            -99.1877808,
            19.4038521
          ]
        ]
      },
      "properties": {
        "line_id": "metrobus-2",
        "line_name": "Línea 2",
        "line_color": "#1565C0"
      }
    },
    {
      "type": "Feature",
      "geometry": {
        "type": "LineString",
        "coordinates": [
          [
            -99.1877808,
            19.4038521
          ],
          [
            -99.1872961,
            19.402998
          ],
          [
            -99.186949,
            19.4023655
          ]
        ]
      },
      "properties": {
        "line_id": "metrobus-2",
        "line_name": "Línea 2",
        "line_color": "#1565C0"
      }
    },
    {
      "type": "Feature",
      "geometry": {
        "type": "LineString",
        "coordinates": [
          [
            -99.186949,
            19.4023655
          ],
          [
            -99.1866957,
            19.401929
          ]
        ]
      },
      "properties": {
        "line_id": "metrobus-2",
        "line_name": "Línea 2",
        "line_color": "#1565C0"
      }
    },
    {
      "type": "Feature",
      "geometry": {
        "type": "LineString",
        "coordinates": [
          [
            -99.1866957,
            19.401929
          ],
          [
            -99.1867243,
            19.4018976
          ],
          [
            -99.1867578,
            19.4018826
          ],
          [
            -99.1867945,
            19.4018869
          ],
          [
            -99.1870162,
            19.4019632
          ]
        ]
      },
      "properties": {
        "line_id": "metrobus-2",
        "line_name": "Línea 2",
        "line_color": "#1565C0"
      }
    },
    {
      "type": "Feature",
      "geometry": {
        "type": "LineString",
        "coordinates": [
          [
            -99.160877,
            19.3719849
          ],
          [
            -99.1608298,
            19.372175
          ],
          [
            -99.1608258,
            19.3723547
          ]
        ]
      },
      "properties": {
        "line_id": "metrobus-3",
        "line_name": "Línea 3",
        "line_color": "#2E7D32"
      }
    },
    {
      "type": "Feature",
      "geometry": {
        "type": "LineString",
        "coordinates": [
          [
            -99.1603873,
            19.3742152
          ],
          [
            -99.1608258,
            19.3723547
          ]
        ]
      },
      "properties": {
        "line_id": "metrobus-3",
        "line_name": "Línea 3",
        "line_color": "#2E7D32"
      }
    },
    {
      "type": "Feature",
      "geometry": {
        "type": "LineString",
        "coordinates": [
          [
            -99.1603873,
            19.3742152
          ],
          [
            -99.1603312,
            19.3743016
          ],
          [
            -99.1600718,
            19.3753567
          ],
          [
            -99.1600575,
            19.3755473
          ]
        ]
      },
      "properties": {
        "line_id": "metrobus-3",
        "line_name": "Línea 3",
        "line_color": "#2E7D32"
      }
    },
    {
      "type": "Feature",
      "geometry": {
        "type": "LineString",
        "coordinates": [
          [
            -99.1590424,
            19.3796307
          ],
          [
            -99.1591206,
            19.3793462
          ],
          [
            -99.1591706,
            19.3792031
          ],
          [
            -99.1592459,
            19.378965
          ],
          [
            -99.1593952,
            19.3783315
          ],
          [
            -99.1598218,
            19.3765158
          ],
          [
            -99.1600575,
            19.3755473
          ]
        ]
      },
      "properties": {
        "line_id": "metrobus-3",
        "line_name": "Línea 3",
        "line_color": "#2E7D32"
      }
    },
    {
      "type": "Feature",
      "geometry": {
        "type": "LineString",
        "coordinates": [
          [
            -99.1590424,
            19.3796307
          ],
          [
            -99.1589758,
            19.3797093
          ],
          [
            -99.1585554,
            19.3810127
          ],
          [
            -99.1585492,
            19.3811155
          ]
        ]
      },
      "properties": {
        "line_id": "metrobus-3",
        "line_name": "Línea 3",
        "line_color": "#2E7D32"
      }
    },
    {
      "type": "Feature",
      "geometry": {
        "type": "LineString",
        "coordinates": [
          [
            -99.1574169,
            19.3852019
          ],
          [
            -99.1579996,
            19.3828571
          ],
          [
            -99.1585492,
            19.3811155
          ]
        ]
      },
      "properties": {
        "line_id": "metrobus-3",
        "line_name": "Línea 3",
        "line_color": "#2E7D32"
      }
    },
    {
      "type": "Feature",
      "geometry": {
        "type": "LineString",
        "coordinates": [
          [
            -99.1574169,
            19.3852019
          ],
          [
            -99.1573602,
            19.3853036
          ],
          [
            -99.1570817,
            19.3864486
          ],
          [
            -99.157094,
            19.3865148
          ]
        ]
      },
      "properties": {
        "line_id": "metrobus-3",
        "line_name": "Línea 3",
        "line_color": "#2E7D32"
      }
    },
    {
      "type": "Feature",
      "geometry": {
        "type": "LineString",
        "coordinates": [
          [
            -99.1564264,
            19.3907565
          ],
          [
            -99.1565989,
            19.389367
          ],
          [
            -99.1568446,
            19.3875313
          ],
          [
            -99.157094,
            19.3865148
          ]
        ]
      },
      "properties": {
        "line_id": "metrobus-3",
        "line_name": "Línea 3",
        "line_color": "#2E7D32"
      }
    },
    {
      "type": "Feature",
      "geometry": {
        "type": "LineString",
        "coordinates": [
          [
            -99.1564264,
            19.3907565
          ],
          [
            -99.1563827,
            19.3908439
          ],
          [
            -99.1562871,
            19.3920285
          ],
          [
            -99.1563161,
            19.3921236
          ]
        ]
      },
      "properties": {
        "line_id": "metrobus-3",
        "line_name": "Línea 3",
        "line_color": "#2E7D32"
      }
    },
    {
      "type": "Feature",
      "geometry": {
        "type": "LineString",
        "coordinates": [
          [
            -99.1559953,
            19.3959772
          ],
          [
            -99.1560008,
            19.395915
          ],
          [
            -99.1560068,
            19.3958594
          ],
          [
            -99.1560466,
            19.3953994
          ],
          [
            -99.1561648,
            19.393953
          ],
          [
            -99.1563161,
            19.3921236
          ]
        ]
      },
      "properties": {
        "line_id": "metrobus-3",
        "line_name": "Línea 3",
        "line_color": "#2E7D32"
      }
    },
    {
      "type": "Feature",
      "geometry": {
        "type": "LineString",
        "coordinates": [
          [
            -99.1559953,
            19.3959772
          ],
          [
            -99.1559418,
            19.3961487
          ],
          [
            -99.1558151,
            19.3977158
          ],
          [
            -99.1558418,
            19.3978681
          ]
        ]
      },
      "properties": {
        "line_id": "metrobus-3",
        "line_name": "Línea 3",
        "line_color": "#2E7D32"
      }
    },
    {
      "type": "Feature",
      "geometry": {
        "type": "LineString",
        "coordinates": [
          [
            -99.1556597,
            19.400138
          ],
          [
            -99.1557985,
            19.3984494
          ],
          [
            -99.1558067,
            19.3983493
          ],
          [
            -99.1558148,
            19.39823
          ],
          [
            -99.1558222,
            19.3981312
          ],
          [
            -99.1558418,
            19.3978681
          ]
        ]
      },
      "properties": {
        "line_id": "metrobus-3",
        "line_name": "Línea 3",
        "line_color": "#2E7D32"
      }
    },
    {
      "type": "Feature",
      "geometry": {
        "type": "LineString",
        "coordinates": [
          [
            -99.1556597,
            19.400138
          ],
          [
            -99.1556085,
            19.4004586
          ],
          [
            -99.1555125,
            19.4015933
          ],
          [
            -99.1555499,
            19.4016959
          ]
        ]
      },
      "properties": {
        "line_id": "metrobus-3",
        "line_name": "Línea 3",
        "line_color": "#2E7D32"
      }
    },
    {
      "type": "Feature",
      "geometry": {
        "type": "LineString",
        "coordinates": [
          [
            -99.1554083,
            19.4038525
          ],
          [
            -99.1554391,
            19.4034796
          ],
          [
            -99.15546,
            19.4031546
          ],
          [
            -99.1555027,
            19.4022459
          ],
          [
            -99.1555335,
            19.4018735
          ],
          [
            -99.1555499,
            19.4016959
          ]
        ]
      },
      "properties": {
        "line_id": "metrobus-3",
        "line_name": "Línea 3",
        "line_color": "#2E7D32"
      }
    },
    {
      "type": "Feature",
      "geometry": {
        "type": "LineString",
        "coordinates": [
          [
            -99.1554031,
            19.4038993
          ],
          [
            -99.1554083,
            19.4038525
          ]
        ]
      },
      "properties": {
        "line_id": "metrobus-3",
        "line_name": "Línea 3",
        "line_color": "#2E7D32"
      }
    },
    {
      "type": "Feature",
      "geometry": {
        "type": "LineString",
        "coordinates": [
          [
            -99.1553801,
            19.4041931
          ],
          [
            -99.1554031,
            19.4038993
          ]
        ]
      },
      "properties": {
        "line_id": "metrobus-3",
        "line_name": "Línea 3",
        "line_color": "#2E7D32"
      }
    },
    {
      "type": "Feature",
      "geometry": {
        "type": "LineString",
        "coordinates": [
          [
            -99.1553758,
            19.4042427
          ],
          [
            -99.1553801,
            19.4041931
          ]
        ]
      },
      "properties": {
        "line_id": "metrobus-3",
        "line_name": "Línea 3",
        "line_color": "#2E7D32"
      }
    },
    {
      "type": "Feature",
      "geometry": {
        "type": "LineString",
        "coordinates": [
          [
            -99.1551821,
            19.4065656
          ],
          [
            -99.1551819,
            19.4063664
          ],
          [
            -99.1551828,
            19.4063548
          ],
          [
            -99.1552601,
            19.4053234
          ],
          [
            -99.1553758,
            19.4042427
          ]
        ]
      },
      "properties": {
        "line_id": "metrobus-3",
        "line_name": "Línea 3",
        "line_color": "#2E7D32"
      }
    },
    {
      "type": "Feature",
      "geometry": {
        "type": "LineString",
        "coordinates": [
          [
            -99.1551821,
            19.4065656
          ],
          [
            -99.1551279,
            19.4067094
          ],
          [
            -99.155045,
            19.407889
          ],
          [
            -99.155071,
            19.408017
          ]
        ]
      },
      "properties": {
        "line_id": "metrobus-3",
        "line_name": "Línea 3",
        "line_color": "#2E7D32"
      }
    },
    {
      "type": "Feature",
      "geometry": {
        "type": "LineString",
        "coordinates": [
          [
            -99.1549047,
            19.4102542
          ],
          [
            -99.155071,
            19.408017
          ]
        ]
      },
      "properties": {
        "line_id": "metrobus-3",
        "line_name": "Línea 3",
        "line_color": "#2E7D32"
      }
    },
    {
      "type": "Feature",
      "geometry": {
        "type": "LineString",
        "coordinates": [
          [
            -99.1549047,
            19.4102542
          ],
          [
            -99.1548553,
            19.4105634
          ],
          [
            -99.1547618,
            19.4116783
          ],
          [
            -99.1547738,
            19.4117927
          ]
        ]
      },
      "properties": {
        "line_id": "metrobus-3",
        "line_name": "Línea 3",
        "line_color": "#2E7D32"
      }
    },
    {
      "type": "Feature",
      "geometry": {
        "type": "LineString",
        "coordinates": [
          [
            -99.1546292,
            19.4136503
          ],
          [
            -99.154673,
            19.4129668
          ],
          [
            -99.1547738,
            19.4117927
          ]
        ]
      },
      "properties": {
        "line_id": "metrobus-3",
        "line_name": "Línea 3",
        "line_color": "#2E7D32"
      }
    },
    {
      "type": "Feature",
      "geometry": {
        "type": "LineString",
        "coordinates": [
          [
            -99.1546292,
            19.4136503
          ],
          [
            -99.1545773,
            19.4137931
          ],
          [
            -99.154489,
            19.4149786
          ],
          [
            -99.1544991,
            19.415065
          ]
        ]
      },
      "properties": {
        "line_id": "metrobus-3",
        "line_name": "Línea 3",
        "line_color": "#2E7D32"
      }
    },
    {
      "type": "Feature",
      "geometry": {
        "type": "LineString",
        "coordinates": [
          [
            -99.1541315,
            19.419736
          ],
          [
            -99.1542197,
            19.418582
          ],
          [
            -99.1542753,
            19.4178357
          ],
          [
            -99.1543605,
            19.4168593
          ],
          [
            -99.1544268,
            19.4159653
          ],
          [
            -99.1544904,
            19.4151489
          ],
          [
            -99.1544991,
            19.415065
          ]
        ]
      },
      "properties": {
        "line_id": "metrobus-3",
        "line_name": "Línea 3",
        "line_color": "#2E7D32"
      }
    },
    {
      "type": "Feature",
      "geometry": {
        "type": "LineString",
        "coordinates": [
          [
            -99.1541315,
            19.419736
          ],
          [
            -99.1540957,
            19.419805
          ],
          [
            -99.1539891,
            19.4211466
          ],
          [
            -99.1540119,
            19.4212424
          ]
        ]
      },
      "properties": {
        "line_id": "metrobus-3",
        "line_name": "Línea 3",
        "line_color": "#2E7D32"
      }
    },
    {
      "type": "Feature",
      "geometry": {
        "type": "LineString",
        "coordinates": [
          [
            -99.1537707,
            19.4242744
          ],
          [
            -99.1539091,
            19.4225604
          ],
          [
            -99.1540119,
            19.4212424
          ]
        ]
      },
      "properties": {
        "line_id": "metrobus-3",
        "line_name": "Línea 3",
        "line_color": "#2E7D32"
      }
    },
    {
      "type": "Feature",
      "geometry": {
        "type": "LineString",
        "coordinates": [
          [
            -99.1537707,
            19.4242744
          ],
          [
            -99.1537278,
            19.4243586
          ],
          [
            -99.153624,
            19.425585
          ],
          [
            -99.1536228,
            19.4255989
          ],
          [
            -99.15358,
            19.4257009
          ],
          [
            -99.1535379,
            19.4257323
          ],
          [
            -99.1534662,
            19.4257586
          ],
          [
            -99.1533668,
            19.4257784
          ],
          [
            -99.1525991,
            19.4258086
          ]
        ]
      },
      "properties": {
        "line_id": "metrobus-3",
        "line_name": "Línea 3",
        "line_color": "#2E7D32"
      }
    },
    {
      "type": "Feature",
      "geometry": {
        "type": "LineString",
        "coordinates": [
          [
            -99.1490151,
            19.4270313
          ],
          [
            -99.1489947,
            19.4270633
          ],
          [
            -99.1488973,
            19.4272168
          ],
          [
            -99.1488897,
            19.4272477
          ],
          [
            -99.1488635,
            19.4273557
          ],
          [
            -99.1488341,
            19.4274775
          ],
          [
            -99.1488243,
            19.4275179
          ],
          [
            -99.1486014,
            19.4285011
          ],
          [
            -99.1485769,
            19.428689
          ],
          [
            -99.148578,
            19.4288144
          ]
        ]
      },
      "properties": {
        "line_id": "metrobus-3",
        "line_name": "Línea 3",
        "line_color": "#2E7D32"
      }
    },
    {
      "type": "Feature",
      "geometry": {
        "type": "LineString",
        "coordinates": [
          [
            -99.1525991,
            19.4258086
          ],
          [
            -99.1512103,
            19.4257258
          ],
          [
            -99.1511293,
            19.425721
          ],
          [
            -99.1510433,
            19.4257157
          ],
          [
            -99.1505181,
            19.4256832
          ],
          [
            -99.1492963,
            19.4256043
          ]
        ]
      },
      "properties": {
        "line_id": "metrobus-3",
        "line_name": "Línea 3",
        "line_color": "#2E7D32"
      }
    },
    {
      "type": "Feature",
      "geometry": {
        "type": "LineString",
        "coordinates": [
          [
            -99.1490151,
            19.4270313
          ],
          [
            -99.1490282,
            19.4269629
          ],
          [
            -99.1492963,
            19.4256043
          ]
        ]
      },
      "properties": {
        "line_id": "metrobus-3",
        "line_name": "Línea 3",
        "line_color": "#2E7D32"
      }
    },
    {
      "type": "Feature",
      "geometry": {
        "type": "LineString",
        "coordinates": [
          [
            -99.1480759,
            19.4312254
          ],
          [
            -99.148082,
            19.4311967
          ],
          [
            -99.148089,
            19.431163
          ],
          [
            -99.1482716,
            19.4302772
          ],
          [
            -99.1482755,
            19.4302585
          ],
          [
            -99.1482906,
            19.4301887
          ],
          [
            -99.1483094,
            19.4301023
          ],
          [
            -99.1483129,
            19.4300864
          ],
          [
            -99.1484681,
            19.4293718
          ],
          [
            -99.1485406,
            19.4290219
          ],
          [
            -99.148578,
            19.4288144
          ]
        ]
      },
      "properties": {
        "line_id": "metrobus-3",
        "line_name": "Línea 3",
        "line_color": "#2E7D32"
      }
    },
    {
      "type": "Feature",
      "geometry": {
        "type": "LineString",
        "coordinates": [
          [
            -99.1480759,
            19.4312254
          ],
          [
            -99.1480396,
            19.4312911
          ],
          [
            -99.1480142,
            19.4313369
          ],
          [
            -99.1478702,
            19.4320568
          ],
          [
            -99.1478641,
            19.4320874
          ],
          [
            -99.1478755,
            19.432189
          ]
        ]
      },
      "properties": {
        "line_id": "metrobus-3",
        "line_name": "Línea 3",
        "line_color": "#2E7D32"
      }
    },
    {
      "type": "Feature",
      "geometry": {
        "type": "LineString",
        "coordinates": [
          [
            -99.1478755,
            19.432189
          ],
          [
            -99.1478586,
            19.4322719
          ],
          [
            -99.1477936,
            19.4325906
          ],
          [
            -99.1477422,
            19.4328494
          ],
          [
            -99.1477264,
            19.4329289
          ],
          [
            -99.1477087,
            19.4330182
          ],
          [
            -99.1475716,
            19.4337118
          ],
          [
            -99.1475505,
            19.4338186
          ],
          [
            -99.1475352,
            19.4338983
          ],
          [
            -99.1473155,
            19.4350393
          ],
          [
            -99.1472783,
            19.4352327
          ]
        ]
      },
      "properties": {
        "line_id": "metrobus-3",
        "line_name": "Línea 3",
        "line_color": "#2E7D32"
      }
    },
    {
      "type": "Feature",
      "geometry": {
        "type": "LineString",
        "coordinates": [
          [
            -99.1472783,
            19.4352327
          ],
          [
            -99.1472601,
            19.4354009
          ],
          [
            -99.147087,
            19.4365983
          ],
          [
            -99.1470709,
            19.4367098
          ],
          [
            -99.1470672,
            19.4368837
          ]
        ]
      },
      "properties": {
        "line_id": "metrobus-3",
        "line_name": "Línea 3",
        "line_color": "#2E7D32"
      }
    },
    {
      "type": "Feature",
      "geometry": {
        "type": "LineString",
        "coordinates": [
          [
            -99.1470672,
            19.4368837
          ],
          [
            -99.1470353,
            19.43706
          ],
          [
            -99.147006,
            19.4372146
          ],
          [
            -99.1469931,
            19.4372826
          ]
        ]
      },
      "properties": {
        "line_id": "metrobus-3",
        "line_name": "Línea 3",
        "line_color": "#2E7D32"
      }
    },
    {
      "type": "Feature",
      "geometry": {
        "type": "LineString",
        "coordinates": [
          [
            -99.1469931,
            19.4372826
          ],
          [
            -99.1469722,
            19.4374059
          ]
        ]
      },
      "properties": {
        "line_id": "metrobus-3",
        "line_name": "Línea 3",
        "line_color": "#2E7D32"
      }
    },
    {
      "type": "Feature",
      "geometry": {
        "type": "LineString",
        "coordinates": [
          [
            -99.1469722,
            19.4374059
          ],
          [
            -99.1471286,
            19.4375663
          ]
        ]
      },
      "properties": {
        "line_id": "metrobus-3",
        "line_name": "Línea 3",
        "line_color": "#2E7D32"
      }
    },
    {
      "type": "Feature",
      "geometry": {
        "type": "LineString",
        "coordinates": [
          [
            -99.1471286,
            19.4375663
          ],
          [
            -99.1472328,
            19.4375868
          ],
          [
            -99.1476128,
            19.4376617
          ],
          [
            -99.1481748,
            19.4377724
          ],
          [
            -99.1486069,
            19.4378575
          ],
          [
            -99.1488634,
            19.4379081
          ],
          [
            -99.1489841,
            19.4379318
          ],
          [
            -99.1490484,
            19.4379445
          ]
        ]
      },
      "properties": {
        "line_id": "metrobus-3",
        "line_name": "Línea 3",
        "line_color": "#2E7D32"
      }
    },
    {
      "type": "Feature",
      "geometry": {
        "type": "LineString",
        "coordinates": [
          [
            -99.1490305,
            19.4380338
          ],
          [
            -99.1490484,
            19.4379445
          ]
        ]
      },
      "properties": {
        "line_id": "metrobus-3",
        "line_name": "Línea 3",
        "line_color": "#2E7D32"
      }
    },
    {
      "type": "Feature",
      "geometry": {
        "type": "LineString",
        "coordinates": [
          [
            -99.1487499,
            19.4399495
          ],
          [
            -99.148753,
            19.439843
          ],
          [
            -99.148834,
            19.4392301
          ],
          [
            -99.1488442,
            19.4391203
          ],
          [
            -99.1488382,
            19.4390186
          ],
          [
            -99.1488382,
            19.4389234
          ],
          [
            -99.1488529,
            19.4388055
          ],
          [
            -99.1490305,
            19.4380338
          ]
        ]
      },
      "properties": {
        "line_id": "metrobus-3",
        "line_name": "Línea 3",
        "line_color": "#2E7D32"
      }
    },
    {
      "type": "Feature",
      "geometry": {
        "type": "LineString",
        "coordinates": [
          [
            -99.1487499,
            19.4399495
          ],
          [
            -99.148696,
            19.4400163
          ],
          [
            -99.148385,
            19.4409675
          ],
          [
            -99.1483277,
            19.4412628
          ]
        ]
      },
      "properties": {
        "line_id": "metrobus-3",
        "line_name": "Línea 3",
        "line_color": "#2E7D32"
      }
    },
    {
      "type": "Feature",
      "geometry": {
        "type": "LineString",
        "coordinates": [
          [
            -99.1473716,
            19.445325
          ],
          [
            -99.1475921,
            19.4443421
          ],
          [
            -99.1478098,
            19.4434041
          ],
          [
            -99.1480035,
            19.4425536
          ],
          [
            -99.1482075,
            19.4416483
          ],
          [
            -99.1483277,
            19.4412628
          ]
        ]
      },
      "properties": {
        "line_id": "metrobus-3",
        "line_name": "Línea 3",
        "line_color": "#2E7D32"
      }
    },
    {
      "type": "Feature",
      "geometry": {
        "type": "LineString",
        "coordinates": [
          [
            -99.1473716,
            19.445325
          ],
          [
            -99.1472922,
            19.445461
          ],
          [
            -99.1470854,
            19.4464211
          ],
          [
            -99.1470617,
            19.4466905
          ]
        ]
      },
      "properties": {
        "line_id": "metrobus-3",
        "line_name": "Línea 3",
        "line_color": "#2E7D32"
      }
    },
    {
      "type": "Feature",
      "geometry": {
        "type": "LineString",
        "coordinates": [
          [
            -99.1460827,
            19.4510444
          ],
          [
            -99.1461289,
            19.4508406
          ],
          [
            -99.1463312,
            19.449936
          ],
          [
            -99.1465458,
            19.4489848
          ],
          [
            -99.1467631,
            19.4480215
          ],
          [
            -99.1469771,
            19.447071
          ],
          [
            -99.1470617,
            19.4466905
          ]
        ]
      },
      "properties": {
        "line_id": "metrobus-3",
        "line_name": "Línea 3",
        "line_color": "#2E7D32"
      }
    },
    {
      "type": "Feature",
      "geometry": {
        "type": "LineString",
        "coordinates": [
          [
            -99.1460827,
            19.4510444
          ],
          [
            -99.1459746,
            19.4513543
          ],
          [
            -99.1457599,
            19.4523038
          ],
          [
            -99.1457695,
            19.4523983
          ]
        ]
      },
      "properties": {
        "line_id": "metrobus-3",
        "line_name": "Línea 3",
        "line_color": "#2E7D32"
      }
    },
    {
      "type": "Feature",
      "geometry": {
        "type": "LineString",
        "coordinates": [
          [
            -99.1452131,
            19.4548375
          ],
          [
            -99.145745,
            19.4525081
          ],
          [
            -99.1457695,
            19.4523983
          ]
        ]
      },
      "properties": {
        "line_id": "metrobus-3",
        "line_name": "Línea 3",
        "line_color": "#2E7D32"
      }
    },
    {
      "type": "Feature",
      "geometry": {
        "type": "LineString",
        "coordinates": [
          [
            -99.1452131,
            19.4548375
          ],
          [
            -99.1451059,
            19.4551278
          ],
          [
            -99.1448915,
            19.4560898
          ],
          [
            -99.1448878,
            19.4562428
          ]
        ]
      },
      "properties": {
        "line_id": "metrobus-3",
        "line_name": "Línea 3",
        "line_color": "#2E7D32"
      }
    },
    {
      "type": "Feature",
      "geometry": {
        "type": "LineString",
        "coordinates": [
          [
            -99.1442386,
            19.4591385
          ],
          [
            -99.1443262,
            19.4587165
          ],
          [
            -99.1444337,
            19.4582333
          ],
          [
            -99.1445508,
            19.4577135
          ],
          [
            -99.1448536,
            19.4563999
          ],
          [
            -99.1448878,
            19.4562428
          ]
        ]
      },
      "properties": {
        "line_id": "metrobus-3",
        "line_name": "Línea 3",
        "line_color": "#2E7D32"
      }
    },
    {
      "type": "Feature",
      "geometry": {
        "type": "LineString",
        "coordinates": [
          [
            -99.1442386,
            19.4591385
          ],
          [
            -99.144134,
            19.4594356
          ],
          [
            -99.1439199,
            19.4604091
          ],
          [
            -99.1439282,
            19.4604936
          ]
        ]
      },
      "properties": {
        "line_id": "metrobus-3",
        "line_name": "Línea 3",
        "line_color": "#2E7D32"
      }
    },
    {
      "type": "Feature",
      "geometry": {
        "type": "LineString",
        "coordinates": [
          [
            -99.1441042,
            19.46135
          ],
          [
            -99.1440684,
            19.4613029
          ],
          [
            -99.144,
            19.4611938
          ],
          [
            -99.1439457,
            19.4610819
          ],
          [
            -99.1439159,
            19.4609803
          ],
          [
            -99.1438961,
            19.4608674
          ],
          [
            -99.1438924,
            19.4607891
          ],
          [
            -99.1439014,
            19.4606786
          ],
          [
            -99.1439177,
            19.4605631
          ],
          [
            -99.1439282,
            19.4604936
          ]
        ]
      },
      "properties": {
        "line_id": "metrobus-3",
        "line_name": "Línea 3",
        "line_color": "#2E7D32"
      }
    },
    {
      "type": "Feature",
      "geometry": {
        "type": "LineString",
        "coordinates": [
          [
            -99.1443997,
            19.4616606
          ],
          [
            -99.1441929,
            19.4614624
          ],
          [
            -99.1441042,
            19.46135
          ]
        ]
      },
      "properties": {
        "line_id": "metrobus-3",
        "line_name": "Línea 3",
        "line_color": "#2E7D32"
      }
    },
    {
      "type": "Feature",
      "geometry": {
        "type": "LineString",
        "coordinates": [
          [
            -99.1446857,
            19.4620428
          ],
          [
            -99.1446308,
            19.4619425
          ],
          [
            -99.1445756,
            19.4618557
          ],
          [
            -99.1444967,
            19.4617585
          ],
          [
            -99.1443997,
            19.4616606
          ]
        ]
      },
      "properties": {
        "line_id": "metrobus-3",
        "line_name": "Línea 3",
        "line_color": "#2E7D32"
      }
    },
    {
      "type": "Feature",
      "geometry": {
        "type": "LineString",
        "coordinates": [
          [
            -99.1447502,
            19.4622848
          ],
          [
            -99.1447466,
            19.4622375
          ],
          [
            -99.1447263,
            19.4621643
          ],
          [
            -99.1446857,
            19.4620428
          ]
        ]
      },
      "properties": {
        "line_id": "metrobus-3",
        "line_name": "Línea 3",
        "line_color": "#2E7D32"
      }
    },
    {
      "type": "Feature",
      "geometry": {
        "type": "LineString",
        "coordinates": [
          [
            -99.1447502,
            19.4622848
          ],
          [
            -99.1447282,
            19.4623937
          ],
          [
            -99.1446935,
            19.4625057
          ],
          [
            -99.1446557,
            19.462577
          ],
          [
            -99.1445899,
            19.4626381
          ],
          [
            -99.144457,
            19.4627274
          ],
          [
            -99.1443216,
            19.4628145
          ],
          [
            -99.1442195,
            19.4629015
          ],
          [
            -99.1441223,
            19.462992
          ],
          [
            -99.1438097,
            19.4634004
          ],
          [
            -99.1437531,
            19.4634805
          ],
          [
            -99.1437149,
            19.4635536
          ],
          [
            -99.143682,
            19.4636281
          ],
          [
            -99.1436383,
            19.4637529
          ],
          [
            -99.1435597,
            19.4639829
          ]
        ]
      },
      "properties": {
        "line_id": "metrobus-3",
        "line_name": "Línea 3",
        "line_color": "#2E7D32"
      }
    },
    {
      "type": "Feature",
      "geometry": {
        "type": "LineString",
        "coordinates": [
          [
            -99.1434607,
            19.464139
          ],
          [
            -99.1435597,
            19.4639829
          ]
        ]
      },
      "properties": {
        "line_id": "metrobus-3",
        "line_name": "Línea 3",
        "line_color": "#2E7D32"
      }
    },
    {
      "type": "Feature",
      "geometry": {
        "type": "LineString",
        "coordinates": [
          [
            -99.1433623,
            19.4643126
          ],
          [
            -99.1434607,
            19.464139
          ]
        ]
      },
      "properties": {
        "line_id": "metrobus-3",
        "line_name": "Línea 3",
        "line_color": "#2E7D32"
      }
    },
    {
      "type": "Feature",
      "geometry": {
        "type": "LineString",
        "coordinates": [
          [
            -99.1430243,
            19.4650771
          ],
          [
            -99.1430712,
            19.4649448
          ],
          [
            -99.1431659,
            19.4647255
          ],
          [
            -99.143257,
            19.4645259
          ],
          [
            -99.1433623,
            19.4643126
          ]
        ]
      },
      "properties": {
        "line_id": "metrobus-3",
        "line_name": "Línea 3",
        "line_color": "#2E7D32"
      }
    },
    {
      "type": "Feature",
      "geometry": {
        "type": "LineString",
        "coordinates": [
          [
            -99.14299,
            19.4652218
          ],
          [
            -99.1430092,
            19.4651354
          ],
          [
            -99.1430243,
            19.4650771
          ]
        ]
      },
      "properties": {
        "line_id": "metrobus-3",
        "line_name": "Línea 3",
        "line_color": "#2E7D32"
      }
    },
    {
      "type": "Feature",
      "geometry": {
        "type": "LineString",
        "coordinates": [
          [
            -99.1435236,
            19.4670982
          ],
          [
            -99.143101,
            19.4659104
          ],
          [
            -99.1430256,
            19.4657118
          ],
          [
            -99.1429838,
            19.4655401
          ],
          [
            -99.1429776,
            19.4654159
          ],
          [
            -99.1429809,
            19.4653172
          ],
          [
            -99.14299,
            19.4652218
          ]
        ]
      },
      "properties": {
        "line_id": "metrobus-3",
        "line_name": "Línea 3",
        "line_color": "#2E7D32"
      }
    },
    {
      "type": "Feature",
      "geometry": {
        "type": "LineString",
        "coordinates": [
          [
            -99.1435236,
            19.4670982
          ],
          [
            -99.1435375,
            19.4671833
          ],
          [
            -99.1435602,
            19.4672522
          ],
          [
            -99.1435863,
            19.4673291
          ]
        ]
      },
      "properties": {
        "line_id": "metrobus-3",
        "line_name": "Línea 3",
        "line_color": "#2E7D32"
      }
    },
    {
      "type": "Feature",
      "geometry": {
        "type": "LineString",
        "coordinates": [
          [
            -99.1435863,
            19.4673291
          ],
          [
            -99.143981,
            19.4683906
          ],
          [
            -99.1441036,
            19.4686446
          ]
        ]
      },
      "properties": {
        "line_id": "metrobus-3",
        "line_name": "Línea 3",
        "line_color": "#2E7D32"
      }
    },
    {
      "type": "Feature",
      "geometry": {
        "type": "LineString",
        "coordinates": [
          [
            -99.1446526,
            19.4701151
          ],
          [
            -99.1441036,
            19.4686446
          ]
        ]
      },
      "properties": {
        "line_id": "metrobus-3",
        "line_name": "Línea 3",
        "line_color": "#2E7D32"
      }
    },
    {
      "type": "Feature",
      "geometry": {
        "type": "LineString",
        "coordinates": [
          [
            -99.1446526,
            19.4701151
          ],
          [
            -99.1447873,
            19.4705279
          ],
          [
            -99.1451527,
            19.4715256
          ],
          [
            -99.1452879,
            19.4717562
          ]
        ]
      },
      "properties": {
        "line_id": "metrobus-3",
        "line_name": "Línea 3",
        "line_color": "#2E7D32"
      }
    },
    {
      "type": "Feature",
      "geometry": {
        "type": "LineString",
        "coordinates": [
          [
            -99.1458749,
            19.4733418
          ],
          [
            -99.145741,
            19.4729823
          ],
          [
            -99.1452879,
            19.4717562
          ]
        ]
      },
      "properties": {
        "line_id": "metrobus-3",
        "line_name": "Línea 3",
        "line_color": "#2E7D32"
      }
    },
    {
      "type": "Feature",
      "geometry": {
        "type": "LineString",
        "coordinates": [
          [
            -99.1458749,
            19.4733418
          ],
          [
            -99.1458748,
            19.4734296
          ],
          [
            -99.1459219,
            19.4735707
          ],
          [
            -99.1462835,
            19.4745357
          ],
          [
            -99.1464003,
            19.4747501
          ]
        ]
      },
      "properties": {
        "line_id": "metrobus-3",
        "line_name": "Línea 3",
        "line_color": "#2E7D32"
      }
    },
    {
      "type": "Feature",
      "geometry": {
        "type": "LineString",
        "coordinates": [
          [
            -99.1479951,
            19.4789687
          ],
          [
            -99.1464003,
            19.4747501
          ]
        ]
      },
      "properties": {
        "line_id": "metrobus-3",
        "line_name": "Línea 3",
        "line_color": "#2E7D32"
      }
    },
    {
      "type": "Feature",
      "geometry": {
        "type": "LineString",
        "coordinates": [
          [
            -99.1479951,
            19.4789687
          ],
          [
            -99.1480152,
            19.4790389
          ],
          [
            -99.1480256,
            19.4790748
          ],
          [
            -99.1480801,
            19.4792649
          ],
          [
            -99.1484649,
            19.4802949
          ],
          [
            -99.1486135,
            19.4805494
          ]
        ]
      },
      "properties": {
        "line_id": "metrobus-3",
        "line_name": "Línea 3",
        "line_color": "#2E7D32"
      }
    },
    {
      "type": "Feature",
      "geometry": {
        "type": "LineString",
        "coordinates": [
          [
            -99.1495365,
            19.482985
          ],
          [
            -99.1493734,
            19.4825546
          ],
          [
            -99.1493291,
            19.4824378
          ],
          [
            -99.1492851,
            19.4823215
          ],
          [
            -99.1486135,
            19.4805494
          ]
        ]
      },
      "properties": {
        "line_id": "metrobus-3",
        "line_name": "Línea 3",
        "line_color": "#2E7D32"
      }
    },
    {
      "type": "Feature",
      "geometry": {
        "type": "LineString",
        "coordinates": [
          [
            -99.1495365,
            19.482985
          ],
          [
            -99.1496356,
            19.4833267
          ],
          [
            -99.1500165,
            19.4843401
          ],
          [
            -99.1501064,
            19.4845028
          ]
        ]
      },
      "properties": {
        "line_id": "metrobus-3",
        "line_name": "Línea 3",
        "line_color": "#2E7D32"
      }
    },
    {
      "type": "Feature",
      "geometry": {
        "type": "LineString",
        "coordinates": [
          [
            -99.1516903,
            19.488818
          ],
          [
            -99.150349,
            19.485254
          ],
          [
            -99.1501064,
            19.4845028
          ]
        ]
      },
      "properties": {
        "line_id": "metrobus-3",
        "line_name": "Línea 3",
        "line_color": "#2E7D32"
      }
    },
    {
      "type": "Feature",
      "geometry": {
        "type": "LineString",
        "coordinates": [
          [
            -99.1516903,
            19.488818
          ],
          [
            -99.1517004,
            19.4888901
          ],
          [
            -99.1517127,
            19.4889909
          ],
          [
            -99.1521497,
            19.4901137
          ],
          [
            -99.1522255,
            19.4902351
          ]
        ]
      },
      "properties": {
        "line_id": "metrobus-3",
        "line_name": "Línea 3",
        "line_color": "#2E7D32"
      }
    },
    {
      "type": "Feature",
      "geometry": {
        "type": "LineString",
        "coordinates": [
          [
            -99.1527842,
            19.4916891
          ],
          [
            -99.1522255,
            19.4902351
          ]
        ]
      },
      "properties": {
        "line_id": "metrobus-3",
        "line_name": "Línea 3",
        "line_color": "#2E7D32"
      }
    },
    {
      "type": "Feature",
      "geometry": {
        "type": "LineString",
        "coordinates": [
          [
            -99.1527842,
            19.4916891
          ],
          [
            -99.1528444,
            19.4918551
          ],
          [
            -99.152913,
            19.4920386
          ],
          [
            -99.1529355,
            19.4921071
          ],
          [
            -99.1533096,
            19.4931035
          ],
          [
            -99.1534417,
            19.49337
          ]
        ]
      },
      "properties": {
        "line_id": "metrobus-3",
        "line_name": "Línea 3",
        "line_color": "#2E7D32"
      }
    },
    {
      "type": "Feature",
      "geometry": {
        "type": "LineString",
        "coordinates": [
          [
            -99.1539587,
            19.4947417
          ],
          [
            -99.1534417,
            19.49337
          ]
        ]
      },
      "properties": {
        "line_id": "metrobus-3",
        "line_name": "Línea 3",
        "line_color": "#2E7D32"
      }
    },
    {
      "type": "Feature",
      "geometry": {
        "type": "LineString",
        "coordinates": [
          [
            -99.154079,
            19.4950563
          ],
          [
            -99.1539587,
            19.4947417
          ]
        ]
      },
      "properties": {
        "line_id": "metrobus-3",
        "line_name": "Línea 3",
        "line_color": "#2E7D32"
      }
    },
    {
      "type": "Feature",
      "geometry": {
        "type": "LineString",
        "coordinates": [
          [
            -99.154079,
            19.4950563
          ],
          [
            -99.1540887,
            19.4950912
          ]
        ]
      },
      "properties": {
        "line_id": "metrobus-3",
        "line_name": "Línea 3",
        "line_color": "#2E7D32"
      }
    },
    {
      "type": "Feature",
      "geometry": {
        "type": "LineString",
        "coordinates": [
          [
            -99.1540887,
            19.4950912
          ],
          [
            -99.1541046,
            19.4951485
          ]
        ]
      },
      "properties": {
        "line_id": "metrobus-3",
        "line_name": "Línea 3",
        "line_color": "#2E7D32"
      }
    },
    {
      "type": "Feature",
      "geometry": {
        "type": "LineString",
        "coordinates": [
          [
            -99.1541046,
            19.4951485
          ],
          [
            -99.1541248,
            19.4952213
          ]
        ]
      },
      "properties": {
        "line_id": "metrobus-3",
        "line_name": "Línea 3",
        "line_color": "#2E7D32"
      }
    },
    {
      "type": "Feature",
      "geometry": {
        "type": "LineString",
        "coordinates": [
          [
            -99.1541248,
            19.4952213
          ],
          [
            -99.1541537,
            19.4953141
          ],
          [
            -99.1546459,
            19.4966239
          ],
          [
            -99.1547529,
            19.4968257
          ]
        ]
      },
      "properties": {
        "line_id": "metrobus-3",
        "line_name": "Línea 3",
        "line_color": "#2E7D32"
      }
    },
    {
      "type": "Feature",
      "geometry": {
        "type": "LineString",
        "coordinates": [
          [
            -99.1555746,
            19.4991078
          ],
          [
            -99.1547529,
            19.4968257
          ]
        ]
      },
      "properties": {
        "line_id": "metrobus-3",
        "line_name": "Línea 3",
        "line_color": "#2E7D32"
      }
    },
    {
      "type": "Feature",
      "geometry": {
        "type": "LineString",
        "coordinates": [
          [
            -99.1555746,
            19.4991078
          ],
          [
            -99.1556256,
            19.4992803
          ],
          [
            -99.1556558,
            19.4993827
          ],
          [
            -99.1560905,
            19.5005739
          ],
          [
            -99.1561501,
            19.5006533
          ]
        ]
      },
      "properties": {
        "line_id": "metrobus-3",
        "line_name": "Línea 3",
        "line_color": "#2E7D32"
      }
    },
    {
      "type": "Feature",
      "geometry": {
        "type": "LineString",
        "coordinates": [
          [
            -99.1569225,
            19.5028046
          ],
          [
            -99.1568924,
            19.5027207
          ],
          [
            -99.1568631,
            19.5026389
          ],
          [
            -99.1561501,
            19.5006533
          ]
        ]
      },
      "properties": {
        "line_id": "metrobus-3",
        "line_name": "Línea 3",
        "line_color": "#2E7D32"
      }
    },
    {
      "type": "Feature",
      "geometry": {
        "type": "LineString",
        "coordinates": [
          [
            -99.1569225,
            19.5028046
          ],
          [
            -99.1569948,
            19.5030425
          ],
          [
            -99.1570231,
            19.5031235
          ],
          [
            -99.1574091,
            19.5040567
          ],
          [
            -99.1581537,
            19.505874
          ],
          [
            -99.1582034,
            19.5059983
          ],
          [
            -99.1582434,
            19.5060977
          ],
          [
            -99.1582659,
            19.5061542
          ],
          [
            -99.1588728,
            19.5077185
          ],
          [
            -99.1589503,
            19.5079236
          ],
          [
            -99.1590121,
            19.5080877
          ],
          [
            -99.1593789,
            19.5090477
          ],
          [
            -99.1597894,
            19.5101173
          ],
          [
            -99.1603266,
            19.5115228
          ],
          [
            -99.1607932,
            19.5126767
          ],
          [
            -99.1614822,
            19.5143623
          ],
          [
            -99.1616809,
            19.5148811
          ],
          [
            -99.161716,
            19.5149735
          ],
          [
            -99.1621701,
            19.5161107
          ],
          [
            -99.1628279,
            19.5177914
          ],
          [
            -99.16299,
            19.5182195
          ],
          [
            -99.163016,
            19.5182792
          ],
          [
            -99.1630544,
            19.5183487
          ],
          [
            -99.1631614,
            19.5185162
          ],
          [
            -99.1632253,
            19.5186185
          ],
          [
            -99.163361,
            19.5188346
          ],
          [
            -99.1637319,
            19.5196191
          ],
          [
            -99.1637353,
            19.5198281
          ]
        ]
      },
      "properties": {
        "line_id": "metrobus-3",
        "line_name": "Línea 3",
        "line_color": "#2E7D32"
      }
    },
    {
      "type": "Feature",
      "geometry": {
        "type": "LineString",
        "coordinates": [
          [
            -99.1637353,
            19.5198281
          ],
          [
            -99.163807,
            19.519979
          ],
          [
            -99.1639281,
            19.5202457
          ]
        ]
      },
      "properties": {
        "line_id": "metrobus-3",
        "line_name": "Línea 3",
        "line_color": "#2E7D32"
      }
    },
    {
      "type": "Feature",
      "geometry": {
        "type": "LineString",
        "coordinates": [
          [
            -99.1639281,
            19.5202457
          ],
          [
            -99.1641794,
            19.5208051
          ]
        ]
      },
      "properties": {
        "line_id": "metrobus-3",
        "line_name": "Línea 3",
        "line_color": "#2E7D32"
      }
    },
    {
      "type": "Feature",
      "geometry": {
        "type": "LineString",
        "coordinates": [
          [
            -99.1641794,
            19.5208051
          ],
          [
            -99.1644504,
            19.5213447
          ],
          [
            -99.1647476,
            19.5218062
          ],
          [
            -99.165294,
            19.5225809
          ],
          [
            -99.1654402,
            19.522739
          ]
        ]
      },
      "properties": {
        "line_id": "metrobus-3",
        "line_name": "Línea 3",
        "line_color": "#2E7D32"
      }
    },
    {
      "type": "Feature",
      "geometry": {
        "type": "LineString",
        "coordinates": [
          [
            -99.1654402,
            19.522739
          ],
          [
            -99.1657224,
            19.5230598
          ]
        ]
      },
      "properties": {
        "line_id": "metrobus-3",
        "line_name": "Línea 3",
        "line_color": "#2E7D32"
      }
    },
    {
      "type": "Feature",
      "geometry": {
        "type": "LineString",
        "coordinates": [
          [
            -99.1657224,
            19.5230598
          ],
          [
            -99.1659027,
            19.5232674
          ]
        ]
      },
      "properties": {
        "line_id": "metrobus-3",
        "line_name": "Línea 3",
        "line_color": "#2E7D32"
      }
    },
    {
      "type": "Feature",
      "geometry": {
        "type": "LineString",
        "coordinates": [
          [
            -99.1659027,
            19.5232674
          ],
          [
            -99.1659771,
            19.5233578
          ]
        ]
      },
      "properties": {
        "line_id": "metrobus-3",
        "line_name": "Línea 3",
        "line_color": "#2E7D32"
      }
    },
    {
      "type": "Feature",
      "geometry": {
        "type": "LineString",
        "coordinates": [
          [
            -99.1659771,
            19.5233578
          ],
          [
            -99.1666137,
            19.5241074
          ],
          [
            -99.1669002,
            19.5245029
          ]
        ]
      },
      "properties": {
        "line_id": "metrobus-3",
        "line_name": "Línea 3",
        "line_color": "#2E7D32"
      }
    },
    {
      "type": "Feature",
      "geometry": {
        "type": "LineString",
        "coordinates": [
          [
            -99.1669002,
            19.5245029
          ],
          [
            -99.1673993,
            19.5251822
          ]
        ]
      },
      "properties": {
        "line_id": "metrobus-3",
        "line_name": "Línea 3",
        "line_color": "#2E7D32"
      }
    },
    {
      "type": "Feature",
      "geometry": {
        "type": "LineString",
        "coordinates": [
          [
            -99.1673993,
            19.5251822
          ],
          [
            -99.1674788,
            19.525282
          ]
        ]
      },
      "properties": {
        "line_id": "metrobus-3",
        "line_name": "Línea 3",
        "line_color": "#2E7D32"
      }
    },
    {
      "type": "Feature",
      "geometry": {
        "type": "LineString",
        "coordinates": [
          [
            -99.1674788,
            19.525282
          ],
          [
            -99.1685188,
            19.5266423
          ],
          [
            -99.1686074,
            19.5267555
          ]
        ]
      },
      "properties": {
        "line_id": "metrobus-3",
        "line_name": "Línea 3",
        "line_color": "#2E7D32"
      }
    },
    {
      "type": "Feature",
      "geometry": {
        "type": "LineString",
        "coordinates": [
          [
            -99.1686074,
            19.5267555
          ],
          [
            -99.168855,
            19.5270615
          ],
          [
            -99.1689887,
            19.5272267
          ]
        ]
      },
      "properties": {
        "line_id": "metrobus-3",
        "line_name": "Línea 3",
        "line_color": "#2E7D32"
      }
    },
    {
      "type": "Feature",
      "geometry": {
        "type": "LineString",
        "coordinates": [
          [
            -99.1689887,
            19.5272267
          ],
          [
            -99.1690682,
            19.5273237
          ],
          [
            -99.1693926,
            19.5277433
          ],
          [
            -99.1698501,
            19.5283057
          ],
          [
            -99.1699555,
            19.5284623
          ]
        ]
      },
      "properties": {
        "line_id": "metrobus-3",
        "line_name": "Línea 3",
        "line_color": "#2E7D32"
      }
    },
    {
      "type": "Feature",
      "geometry": {
        "type": "LineString",
        "coordinates": [
          [
            -99.1699555,
            19.5284623
          ],
          [
            -99.1700288,
            19.5286158
          ],
          [
            -99.1700663,
            19.5287753
          ],
          [
            -99.17007,
            19.5288576
          ]
        ]
      },
      "properties": {
        "line_id": "metrobus-3",
        "line_name": "Línea 3",
        "line_color": "#2E7D32"
      }
    },
    {
      "type": "Feature",
      "geometry": {
        "type": "LineString",
        "coordinates": [
          [
            -99.1701497,
            19.5283607
          ],
          [
            -99.1700437,
            19.5281944
          ]
        ]
      },
      "properties": {
        "line_id": "metrobus-3",
        "line_name": "Línea 3",
        "line_color": "#2E7D32"
      }
    },
    {
      "type": "Feature",
      "geometry": {
        "type": "LineString",
        "coordinates": [
          [
            -99.1700437,
            19.5281944
          ],
          [
            -99.1697413,
            19.5278143
          ],
          [
            -99.1695221,
            19.5275352
          ],
          [
            -99.1694219,
            19.5274076
          ],
          [
            -99.1691058,
            19.5270144
          ],
          [
            -99.168792,
            19.526622
          ],
          [
            -99.168494,
            19.5262474
          ],
          [
            -99.1681864,
            19.5258562
          ],
          [
            -99.1679001,
            19.5254758
          ]
        ]
      },
      "properties": {
        "line_id": "metrobus-3",
        "line_name": "Línea 3",
        "line_color": "#2E7D32"
      }
    },
    {
      "type": "Feature",
      "geometry": {
        "type": "LineString",
        "coordinates": [
          [
            -99.1679001,
            19.5254758
          ],
          [
            -99.1676488,
            19.5251495
          ]
        ]
      },
      "properties": {
        "line_id": "metrobus-3",
        "line_name": "Línea 3",
        "line_color": "#2E7D32"
      }
    },
    {
      "type": "Feature",
      "geometry": {
        "type": "LineString",
        "coordinates": [
          [
            -99.1676488,
            19.5251495
          ],
          [
            -99.1675793,
            19.5250572
          ]
        ]
      },
      "properties": {
        "line_id": "metrobus-3",
        "line_name": "Línea 3",
        "line_color": "#2E7D32"
      }
    },
    {
      "type": "Feature",
      "geometry": {
        "type": "LineString",
        "coordinates": [
          [
            -99.1675793,
            19.5250572
          ],
          [
            -99.1672764,
            19.5246416
          ],
          [
            -99.1669843,
            19.524242
          ],
          [
            -99.1666883,
            19.523888
          ],
          [
            -99.166375,
            19.5235246
          ],
          [
            -99.166128,
            19.5232354
          ]
        ]
      },
      "properties": {
        "line_id": "metrobus-3",
        "line_name": "Línea 3",
        "line_color": "#2E7D32"
      }
    },
    {
      "type": "Feature",
      "geometry": {
        "type": "LineString",
        "coordinates": [
          [
            -99.166128,
            19.5232354
          ],
          [
            -99.1660467,
            19.5231408
          ]
        ]
      },
      "properties": {
        "line_id": "metrobus-3",
        "line_name": "Línea 3",
        "line_color": "#2E7D32"
      }
    },
    {
      "type": "Feature",
      "geometry": {
        "type": "LineString",
        "coordinates": [
          [
            -99.1660467,
            19.5231408
          ],
          [
            -99.1657129,
            19.5227431
          ],
          [
            -99.1653985,
            19.5223874
          ],
          [
            -99.165107,
            19.5219622
          ],
          [
            -99.1648417,
            19.5215665
          ],
          [
            -99.1645812,
            19.5211456
          ],
          [
            -99.1643717,
            19.520703
          ]
        ]
      },
      "properties": {
        "line_id": "metrobus-3",
        "line_name": "Línea 3",
        "line_color": "#2E7D32"
      }
    },
    {
      "type": "Feature",
      "geometry": {
        "type": "LineString",
        "coordinates": [
          [
            -99.1643717,
            19.520703
          ],
          [
            -99.1640773,
            19.5200831
          ],
          [
            -99.1636081,
            19.5190563
          ]
        ]
      },
      "properties": {
        "line_id": "metrobus-3",
        "line_name": "Línea 3",
        "line_color": "#2E7D32"
      }
    },
    {
      "type": "Feature",
      "geometry": {
        "type": "LineString",
        "coordinates": [
          [
            -99.1636081,
            19.5190563
          ],
          [
            -99.1635093,
            19.5189328
          ],
          [
            -99.1634332,
            19.518794
          ]
        ]
      },
      "properties": {
        "line_id": "metrobus-3",
        "line_name": "Línea 3",
        "line_color": "#2E7D32"
      }
    },
    {
      "type": "Feature",
      "geometry": {
        "type": "LineString",
        "coordinates": [
          [
            -99.1634332,
            19.518794
          ],
          [
            -99.1632865,
            19.5185954
          ],
          [
            -99.1632105,
            19.5184921
          ],
          [
            -99.1631156,
            19.5183324
          ],
          [
            -99.1630792,
            19.5182571
          ],
          [
            -99.1630535,
            19.5181952
          ],
          [
            -99.1628911,
            19.5177587
          ],
          [
            -99.1622319,
            19.5160854
          ],
          [
            -99.1617889,
            19.5149451
          ],
          [
            -99.1617536,
            19.5148569
          ],
          [
            -99.1615443,
            19.5143348
          ],
          [
            -99.1608542,
            19.5126496
          ],
          [
            -99.1603966,
            19.5115082
          ],
          [
            -99.1598453,
            19.5100937
          ],
          [
            -99.1594436,
            19.5090245
          ],
          [
            -99.1590761,
            19.5080643
          ],
          [
            -99.159002,
            19.5078661
          ],
          [
            -99.1589361,
            19.5076891
          ],
          [
            -99.1583349,
            19.5061335
          ],
          [
            -99.1583162,
            19.506084
          ],
          [
            -99.1582763,
            19.5059835
          ],
          [
            -99.1582241,
            19.5058524
          ],
          [
            -99.1576837,
            19.5045262
          ],
          [
            -99.1574705,
            19.5040375
          ],
          [
            -99.1570776,
            19.5030979
          ],
          [
            -99.1570426,
            19.5030231
          ],
          [
            -99.1569225,
            19.5028046
          ]
        ]
      },
      "properties": {
        "line_id": "metrobus-3",
        "line_name": "Línea 3",
        "line_color": "#2E7D32"
      }
    },
    {
      "type": "Feature",
      "geometry": {
        "type": "LineString",
        "coordinates": [
          [
            -99.1569225,
            19.5028046
          ],
          [
            -99.1568924,
            19.5027207
          ],
          [
            -99.1568631,
            19.5026389
          ],
          [
            -99.1561501,
            19.5006533
          ]
        ]
      },
      "properties": {
        "line_id": "metrobus-3",
        "line_name": "Línea 3",
        "line_color": "#2E7D32"
      }
    },
    {
      "type": "Feature",
      "geometry": {
        "type": "LineString",
        "coordinates": [
          [
            -99.1561501,
            19.5006533
          ],
          [
            -99.1561454,
            19.5005477
          ],
          [
            -99.1557518,
            19.4994187
          ],
          [
            -99.1556803,
            19.4992929
          ],
          [
            -99.1555746,
            19.4991078
          ]
        ]
      },
      "properties": {
        "line_id": "metrobus-3",
        "line_name": "Línea 3",
        "line_color": "#2E7D32"
      }
    },
    {
      "type": "Feature",
      "geometry": {
        "type": "LineString",
        "coordinates": [
          [
            -99.1555746,
            19.4991078
          ],
          [
            -99.1547529,
            19.4968257
          ]
        ]
      },
      "properties": {
        "line_id": "metrobus-3",
        "line_name": "Línea 3",
        "line_color": "#2E7D32"
      }
    },
    {
      "type": "Feature",
      "geometry": {
        "type": "LineString",
        "coordinates": [
          [
            -99.1547529,
            19.4968257
          ],
          [
            -99.1547078,
            19.4966043
          ],
          [
            -99.1542206,
            19.4953241
          ],
          [
            -99.1541728,
            19.4952314
          ]
        ]
      },
      "properties": {
        "line_id": "metrobus-3",
        "line_name": "Línea 3",
        "line_color": "#2E7D32"
      }
    },
    {
      "type": "Feature",
      "geometry": {
        "type": "LineString",
        "coordinates": [
          [
            -99.1541728,
            19.4952314
          ],
          [
            -99.1541313,
            19.495154
          ]
        ]
      },
      "properties": {
        "line_id": "metrobus-3",
        "line_name": "Línea 3",
        "line_color": "#2E7D32"
      }
    },
    {
      "type": "Feature",
      "geometry": {
        "type": "LineString",
        "coordinates": [
          [
            -99.1541313,
            19.495154
          ],
          [
            -99.1540991,
            19.4950938
          ]
        ]
      },
      "properties": {
        "line_id": "metrobus-3",
        "line_name": "Línea 3",
        "line_color": "#2E7D32"
      }
    },
    {
      "type": "Feature",
      "geometry": {
        "type": "LineString",
        "coordinates": [
          [
            -99.1540991,
            19.4950938
          ],
          [
            -99.154079,
            19.4950563
          ]
        ]
      },
      "properties": {
        "line_id": "metrobus-3",
        "line_name": "Línea 3",
        "line_color": "#2E7D32"
      }
    },
    {
      "type": "Feature",
      "geometry": {
        "type": "LineString",
        "coordinates": [
          [
            -99.154079,
            19.4950563
          ],
          [
            -99.1539587,
            19.4947417
          ]
        ]
      },
      "properties": {
        "line_id": "metrobus-3",
        "line_name": "Línea 3",
        "line_color": "#2E7D32"
      }
    },
    {
      "type": "Feature",
      "geometry": {
        "type": "LineString",
        "coordinates": [
          [
            -99.1539587,
            19.4947417
          ],
          [
            -99.1534417,
            19.49337
          ]
        ]
      },
      "properties": {
        "line_id": "metrobus-3",
        "line_name": "Línea 3",
        "line_color": "#2E7D32"
      }
    },
    {
      "type": "Feature",
      "geometry": {
        "type": "LineString",
        "coordinates": [
          [
            -99.1534417,
            19.49337
          ],
          [
            -99.1533836,
            19.4930639
          ],
          [
            -99.1530343,
            19.4921269
          ],
          [
            -99.1529962,
            19.4920536
          ],
          [
            -99.1528747,
            19.4918475
          ],
          [
            -99.1527842,
            19.4916891
          ]
        ]
      },
      "properties": {
        "line_id": "metrobus-3",
        "line_name": "Línea 3",
        "line_color": "#2E7D32"
      }
    },
    {
      "type": "Feature",
      "geometry": {
        "type": "LineString",
        "coordinates": [
          [
            -99.1527842,
            19.4916891
          ],
          [
            -99.1522255,
            19.4902351
          ]
        ]
      },
      "properties": {
        "line_id": "metrobus-3",
        "line_name": "Línea 3",
        "line_color": "#2E7D32"
      }
    },
    {
      "type": "Feature",
      "geometry": {
        "type": "LineString",
        "coordinates": [
          [
            -99.1522255,
            19.4902351
          ],
          [
            -99.1522062,
            19.4900841
          ],
          [
            -99.1518012,
            19.4889718
          ],
          [
            -99.1517493,
            19.4888979
          ],
          [
            -99.1516903,
            19.488818
          ]
        ]
      },
      "properties": {
        "line_id": "metrobus-3",
        "line_name": "Línea 3",
        "line_color": "#2E7D32"
      }
    },
    {
      "type": "Feature",
      "geometry": {
        "type": "LineString",
        "coordinates": [
          [
            -99.1516903,
            19.488818
          ],
          [
            -99.150349,
            19.485254
          ],
          [
            -99.1501064,
            19.4845028
          ]
        ]
      },
      "properties": {
        "line_id": "metrobus-3",
        "line_name": "Línea 3",
        "line_color": "#2E7D32"
      }
    },
    {
      "type": "Feature",
      "geometry": {
        "type": "LineString",
        "coordinates": [
          [
            -99.1501064,
            19.4845028
          ],
          [
            -99.1500762,
            19.484316
          ],
          [
            -99.1497033,
            19.4833048
          ],
          [
            -99.1495365,
            19.482985
          ]
        ]
      },
      "properties": {
        "line_id": "metrobus-3",
        "line_name": "Línea 3",
        "line_color": "#2E7D32"
      }
    },
    {
      "type": "Feature",
      "geometry": {
        "type": "LineString",
        "coordinates": [
          [
            -99.1495365,
            19.482985
          ],
          [
            -99.1493734,
            19.4825546
          ],
          [
            -99.1493291,
            19.4824378
          ],
          [
            -99.1492851,
            19.4823215
          ],
          [
            -99.1486135,
            19.4805494
          ]
        ]
      },
      "properties": {
        "line_id": "metrobus-3",
        "line_name": "Línea 3",
        "line_color": "#2E7D32"
      }
    },
    {
      "type": "Feature",
      "geometry": {
        "type": "LineString",
        "coordinates": [
          [
            -99.1486135,
            19.4805494
          ],
          [
            -99.1485428,
            19.4802691
          ],
          [
            -99.1481536,
            19.4792404
          ],
          [
            -99.1480603,
            19.4790801
          ],
          [
            -99.1480334,
            19.4790336
          ],
          [
            -99.1479951,
            19.4789687
          ]
        ]
      },
      "properties": {
        "line_id": "metrobus-3",
        "line_name": "Línea 3",
        "line_color": "#2E7D32"
      }
    },
    {
      "type": "Feature",
      "geometry": {
        "type": "LineString",
        "coordinates": [
          [
            -99.1479951,
            19.4789687
          ],
          [
            -99.1464003,
            19.4747501
          ]
        ]
      },
      "properties": {
        "line_id": "metrobus-3",
        "line_name": "Línea 3",
        "line_color": "#2E7D32"
      }
    },
    {
      "type": "Feature",
      "geometry": {
        "type": "LineString",
        "coordinates": [
          [
            -99.1464003,
            19.4747501
          ],
          [
            -99.1463574,
            19.4745114
          ],
          [
            -99.1459917,
            19.4735469
          ],
          [
            -99.1459387,
            19.4734095
          ],
          [
            -99.1458749,
            19.4733418
          ]
        ]
      },
      "properties": {
        "line_id": "metrobus-3",
        "line_name": "Línea 3",
        "line_color": "#2E7D32"
      }
    },
    {
      "type": "Feature",
      "geometry": {
        "type": "LineString",
        "coordinates": [
          [
            -99.1458749,
            19.4733418
          ],
          [
            -99.145741,
            19.4729823
          ],
          [
            -99.1452879,
            19.4717562
          ]
        ]
      },
      "properties": {
        "line_id": "metrobus-3",
        "line_name": "Línea 3",
        "line_color": "#2E7D32"
      }
    },
    {
      "type": "Feature",
      "geometry": {
        "type": "LineString",
        "coordinates": [
          [
            -99.1452879,
            19.4717562
          ],
          [
            -99.1452306,
            19.4715025
          ],
          [
            -99.1448716,
            19.4705392
          ],
          [
            -99.1446526,
            19.4701151
          ]
        ]
      },
      "properties": {
        "line_id": "metrobus-3",
        "line_name": "Línea 3",
        "line_color": "#2E7D32"
      }
    },
    {
      "type": "Feature",
      "geometry": {
        "type": "LineString",
        "coordinates": [
          [
            -99.1446526,
            19.4701151
          ],
          [
            -99.1441036,
            19.4686446
          ]
        ]
      },
      "properties": {
        "line_id": "metrobus-3",
        "line_name": "Línea 3",
        "line_color": "#2E7D32"
      }
    },
    {
      "type": "Feature",
      "geometry": {
        "type": "LineString",
        "coordinates": [
          [
            -99.1441036,
            19.4686446
          ],
          [
            -99.1440429,
            19.4683594
          ],
          [
            -99.1436578,
            19.4673445
          ],
          [
            -99.1436226,
            19.4672597
          ],
          [
            -99.1435964,
            19.4671924
          ]
        ]
      },
      "properties": {
        "line_id": "metrobus-3",
        "line_name": "Línea 3",
        "line_color": "#2E7D32"
      }
    },
    {
      "type": "Feature",
      "geometry": {
        "type": "LineString",
        "coordinates": [
          [
            -99.1435964,
            19.4671924
          ],
          [
            -99.1435375,
            19.4671833
          ],
          [
            -99.1434663,
            19.4671746
          ]
        ]
      },
      "properties": {
        "line_id": "metrobus-3",
        "line_name": "Línea 3",
        "line_color": "#2E7D32"
      }
    },
    {
      "type": "Feature",
      "geometry": {
        "type": "LineString",
        "coordinates": [
          [
            -99.1430149,
            19.4660245
          ],
          [
            -99.1434663,
            19.4671746
          ]
        ]
      },
      "properties": {
        "line_id": "metrobus-3",
        "line_name": "Línea 3",
        "line_color": "#2E7D32"
      }
    },
    {
      "type": "Feature",
      "geometry": {
        "type": "LineString",
        "coordinates": [
          [
            -99.1421443,
            19.4659952
          ],
          [
            -99.1427283,
            19.4660149
          ],
          [
            -99.1428955,
            19.4660205
          ],
          [
            -99.1430149,
            19.4660245
          ]
        ]
      },
      "properties": {
        "line_id": "metrobus-3",
        "line_name": "Línea 3",
        "line_color": "#2E7D32"
      }
    },
    {
      "type": "Feature",
      "geometry": {
        "type": "LineString",
        "coordinates": [
          [
            -99.1407387,
            19.4668758
          ],
          [
            -99.1415541,
            19.4661428
          ],
          [
            -99.141648,
            19.4660706
          ],
          [
            -99.1417,
            19.4660418
          ],
          [
            -99.1417689,
            19.466011
          ],
          [
            -99.1418399,
            19.4659951
          ],
          [
            -99.1419344,
            19.4659894
          ],
          [
            -99.1421443,
            19.4659952
          ]
        ]
      },
      "properties": {
        "line_id": "metrobus-3",
        "line_name": "Línea 3",
        "line_color": "#2E7D32"
      }
    },
    {
      "type": "Feature",
      "geometry": {
        "type": "LineString",
        "coordinates": [
          [
            -99.1407387,
            19.4668758
          ],
          [
            -99.140708,
            19.4669097
          ],
          [
            -99.1403265,
            19.467402
          ],
          [
            -99.1403053,
            19.4674411
          ],
          [
            -99.140287,
            19.4674898
          ],
          [
            -99.1402822,
            19.4675292
          ]
        ]
      },
      "properties": {
        "line_id": "metrobus-3",
        "line_name": "Línea 3",
        "line_color": "#2E7D32"
      }
    },
    {
      "type": "Feature",
      "geometry": {
        "type": "LineString",
        "coordinates": [
          [
            -99.1402822,
            19.4675292
          ],
          [
            -99.1402937,
            19.4675799
          ],
          [
            -99.1403129,
            19.4676188
          ],
          [
            -99.1403465,
            19.4676577
          ],
          [
            -99.1403923,
            19.4676909
          ],
          [
            -99.1404426,
            19.4677045
          ],
          [
            -99.1404977,
            19.4677075
          ],
          [
            -99.1405486,
            19.4677005
          ],
          [
            -99.1406184,
            19.4676741
          ],
          [
            -99.140707,
            19.4676026
          ],
          [
            -99.1410243,
            19.4672216
          ]
        ]
      },
      "properties": {
        "line_id": "metrobus-3",
        "line_name": "Línea 3",
        "line_color": "#2E7D32"
      }
    },
    {
      "type": "Feature",
      "geometry": {
        "type": "LineString",
        "coordinates": [
          [
            -99.1410243,
            19.4672216
          ],
          [
            -99.1411107,
            19.4671178
          ],
          [
            -99.1411482,
            19.4670816
          ],
          [
            -99.1411849,
            19.4670658
          ],
          [
            -99.141217,
            19.4670601
          ],
          [
            -99.1412689,
            19.4670629
          ]
        ]
      },
      "properties": {
        "line_id": "metrobus-3",
        "line_name": "Línea 3",
        "line_color": "#2E7D32"
      }
    },
    {
      "type": "Feature",
      "geometry": {
        "type": "LineString",
        "coordinates": [
          [
            -99.1412689,
            19.4670629
          ],
          [
            -99.1417193,
            19.4671133
          ],
          [
            -99.1421185,
            19.4671579
          ],
          [
            -99.143512,
            19.4673138
          ]
        ]
      },
      "properties": {
        "line_id": "metrobus-3",
        "line_name": "Línea 3",
        "line_color": "#2E7D32"
      }
    },
    {
      "type": "Feature",
      "geometry": {
        "type": "LineString",
        "coordinates": [
          [
            -99.143512,
            19.4673138
          ],
          [
            -99.1435863,
            19.4673291
          ]
        ]
      },
      "properties": {
        "line_id": "metrobus-3",
        "line_name": "Línea 3",
        "line_color": "#2E7D32"
      }
    },
    {
      "type": "Feature",
      "geometry": {
        "type": "LineString",
        "coordinates": [
          [
            -99.1435863,
            19.4673291
          ],
          [
            -99.143981,
            19.4683906
          ],
          [
            -99.1441036,
            19.4686446
          ]
        ]
      },
      "properties": {
        "line_id": "metrobus-3",
        "line_name": "Línea 3",
        "line_color": "#2E7D32"
      }
    },
    {
      "type": "Feature",
      "geometry": {
        "type": "LineString",
        "coordinates": [
          [
            -99.1446526,
            19.4701151
          ],
          [
            -99.1441036,
            19.4686446
          ]
        ]
      },
      "properties": {
        "line_id": "metrobus-3",
        "line_name": "Línea 3",
        "line_color": "#2E7D32"
      }
    },
    {
      "type": "Feature",
      "geometry": {
        "type": "LineString",
        "coordinates": [
          [
            -99.1446526,
            19.4701151
          ],
          [
            -99.1447873,
            19.4705279
          ],
          [
            -99.1451527,
            19.4715256
          ],
          [
            -99.1452879,
            19.4717562
          ]
        ]
      },
      "properties": {
        "line_id": "metrobus-3",
        "line_name": "Línea 3",
        "line_color": "#2E7D32"
      }
    },
    {
      "type": "Feature",
      "geometry": {
        "type": "LineString",
        "coordinates": [
          [
            -99.1458749,
            19.4733418
          ],
          [
            -99.145741,
            19.4729823
          ],
          [
            -99.1452879,
            19.4717562
          ]
        ]
      },
      "properties": {
        "line_id": "metrobus-3",
        "line_name": "Línea 3",
        "line_color": "#2E7D32"
      }
    },
    {
      "type": "Feature",
      "geometry": {
        "type": "LineString",
        "coordinates": [
          [
            -99.1458749,
            19.4733418
          ],
          [
            -99.1458748,
            19.4734296
          ],
          [
            -99.1459219,
            19.4735707
          ],
          [
            -99.1462835,
            19.4745357
          ],
          [
            -99.1464003,
            19.4747501
          ]
        ]
      },
      "properties": {
        "line_id": "metrobus-3",
        "line_name": "Línea 3",
        "line_color": "#2E7D32"
      }
    },
    {
      "type": "Feature",
      "geometry": {
        "type": "LineString",
        "coordinates": [
          [
            -99.1479951,
            19.4789687
          ],
          [
            -99.1464003,
            19.4747501
          ]
        ]
      },
      "properties": {
        "line_id": "metrobus-3",
        "line_name": "Línea 3",
        "line_color": "#2E7D32"
      }
    },
    {
      "type": "Feature",
      "geometry": {
        "type": "LineString",
        "coordinates": [
          [
            -99.1479951,
            19.4789687
          ],
          [
            -99.1480152,
            19.4790389
          ],
          [
            -99.1480256,
            19.4790748
          ],
          [
            -99.1480801,
            19.4792649
          ],
          [
            -99.1484649,
            19.4802949
          ],
          [
            -99.1486135,
            19.4805494
          ]
        ]
      },
      "properties": {
        "line_id": "metrobus-3",
        "line_name": "Línea 3",
        "line_color": "#2E7D32"
      }
    },
    {
      "type": "Feature",
      "geometry": {
        "type": "LineString",
        "coordinates": [
          [
            -99.1495365,
            19.482985
          ],
          [
            -99.1493734,
            19.4825546
          ],
          [
            -99.1493291,
            19.4824378
          ],
          [
            -99.1492851,
            19.4823215
          ],
          [
            -99.1486135,
            19.4805494
          ]
        ]
      },
      "properties": {
        "line_id": "metrobus-3",
        "line_name": "Línea 3",
        "line_color": "#2E7D32"
      }
    },
    {
      "type": "Feature",
      "geometry": {
        "type": "LineString",
        "coordinates": [
          [
            -99.1495365,
            19.482985
          ],
          [
            -99.1496356,
            19.4833267
          ],
          [
            -99.1500165,
            19.4843401
          ],
          [
            -99.1501064,
            19.4845028
          ]
        ]
      },
      "properties": {
        "line_id": "metrobus-3",
        "line_name": "Línea 3",
        "line_color": "#2E7D32"
      }
    },
    {
      "type": "Feature",
      "geometry": {
        "type": "LineString",
        "coordinates": [
          [
            -99.1516903,
            19.488818
          ],
          [
            -99.150349,
            19.485254
          ],
          [
            -99.1501064,
            19.4845028
          ]
        ]
      },
      "properties": {
        "line_id": "metrobus-3",
        "line_name": "Línea 3",
        "line_color": "#2E7D32"
      }
    },
    {
      "type": "Feature",
      "geometry": {
        "type": "LineString",
        "coordinates": [
          [
            -99.1516903,
            19.488818
          ],
          [
            -99.1517004,
            19.4888901
          ],
          [
            -99.1517127,
            19.4889909
          ],
          [
            -99.1521497,
            19.4901137
          ],
          [
            -99.1522255,
            19.4902351
          ]
        ]
      },
      "properties": {
        "line_id": "metrobus-3",
        "line_name": "Línea 3",
        "line_color": "#2E7D32"
      }
    },
    {
      "type": "Feature",
      "geometry": {
        "type": "LineString",
        "coordinates": [
          [
            -99.1527842,
            19.4916891
          ],
          [
            -99.1522255,
            19.4902351
          ]
        ]
      },
      "properties": {
        "line_id": "metrobus-3",
        "line_name": "Línea 3",
        "line_color": "#2E7D32"
      }
    },
    {
      "type": "Feature",
      "geometry": {
        "type": "LineString",
        "coordinates": [
          [
            -99.1527842,
            19.4916891
          ],
          [
            -99.1528444,
            19.4918551
          ],
          [
            -99.152913,
            19.4920386
          ],
          [
            -99.1529355,
            19.4921071
          ],
          [
            -99.1533096,
            19.4931035
          ],
          [
            -99.1534417,
            19.49337
          ]
        ]
      },
      "properties": {
        "line_id": "metrobus-3",
        "line_name": "Línea 3",
        "line_color": "#2E7D32"
      }
    },
    {
      "type": "Feature",
      "geometry": {
        "type": "LineString",
        "coordinates": [
          [
            -99.1539587,
            19.4947417
          ],
          [
            -99.1534417,
            19.49337
          ]
        ]
      },
      "properties": {
        "line_id": "metrobus-3",
        "line_name": "Línea 3",
        "line_color": "#2E7D32"
      }
    },
    {
      "type": "Feature",
      "geometry": {
        "type": "LineString",
        "coordinates": [
          [
            -99.154079,
            19.4950563
          ],
          [
            -99.1539587,
            19.4947417
          ]
        ]
      },
      "properties": {
        "line_id": "metrobus-3",
        "line_name": "Línea 3",
        "line_color": "#2E7D32"
      }
    },
    {
      "type": "Feature",
      "geometry": {
        "type": "LineString",
        "coordinates": [
          [
            -99.154079,
            19.4950563
          ],
          [
            -99.1540887,
            19.4950912
          ]
        ]
      },
      "properties": {
        "line_id": "metrobus-3",
        "line_name": "Línea 3",
        "line_color": "#2E7D32"
      }
    },
    {
      "type": "Feature",
      "geometry": {
        "type": "LineString",
        "coordinates": [
          [
            -99.1540887,
            19.4950912
          ],
          [
            -99.1541046,
            19.4951485
          ]
        ]
      },
      "properties": {
        "line_id": "metrobus-3",
        "line_name": "Línea 3",
        "line_color": "#2E7D32"
      }
    },
    {
      "type": "Feature",
      "geometry": {
        "type": "LineString",
        "coordinates": [
          [
            -99.1541046,
            19.4951485
          ],
          [
            -99.1541248,
            19.4952213
          ]
        ]
      },
      "properties": {
        "line_id": "metrobus-3",
        "line_name": "Línea 3",
        "line_color": "#2E7D32"
      }
    },
    {
      "type": "Feature",
      "geometry": {
        "type": "LineString",
        "coordinates": [
          [
            -99.1541248,
            19.4952213
          ],
          [
            -99.1541537,
            19.4953141
          ],
          [
            -99.1546459,
            19.4966239
          ],
          [
            -99.1547529,
            19.4968257
          ]
        ]
      },
      "properties": {
        "line_id": "metrobus-3",
        "line_name": "Línea 3",
        "line_color": "#2E7D32"
      }
    },
    {
      "type": "Feature",
      "geometry": {
        "type": "LineString",
        "coordinates": [
          [
            -99.1555746,
            19.4991078
          ],
          [
            -99.1547529,
            19.4968257
          ]
        ]
      },
      "properties": {
        "line_id": "metrobus-3",
        "line_name": "Línea 3",
        "line_color": "#2E7D32"
      }
    },
    {
      "type": "Feature",
      "geometry": {
        "type": "LineString",
        "coordinates": [
          [
            -99.1555746,
            19.4991078
          ],
          [
            -99.1556256,
            19.4992803
          ],
          [
            -99.1556558,
            19.4993827
          ],
          [
            -99.1560905,
            19.5005739
          ],
          [
            -99.1561501,
            19.5006533
          ]
        ]
      },
      "properties": {
        "line_id": "metrobus-3",
        "line_name": "Línea 3",
        "line_color": "#2E7D32"
      }
    },
    {
      "type": "Feature",
      "geometry": {
        "type": "LineString",
        "coordinates": [
          [
            -99.1569225,
            19.5028046
          ],
          [
            -99.1568924,
            19.5027207
          ],
          [
            -99.1568631,
            19.5026389
          ],
          [
            -99.1561501,
            19.5006533
          ]
        ]
      },
      "properties": {
        "line_id": "metrobus-3",
        "line_name": "Línea 3",
        "line_color": "#2E7D32"
      }
    },
    {
      "type": "Feature",
      "geometry": {
        "type": "LineString",
        "coordinates": [
          [
            -99.1569225,
            19.5028046
          ],
          [
            -99.1569948,
            19.5030425
          ],
          [
            -99.1570231,
            19.5031235
          ],
          [
            -99.1574091,
            19.5040567
          ],
          [
            -99.1581537,
            19.505874
          ],
          [
            -99.1582034,
            19.5059983
          ],
          [
            -99.1582434,
            19.5060977
          ],
          [
            -99.1582659,
            19.5061542
          ],
          [
            -99.1588728,
            19.5077185
          ],
          [
            -99.1589503,
            19.5079236
          ],
          [
            -99.1590121,
            19.5080877
          ],
          [
            -99.1593789,
            19.5090477
          ],
          [
            -99.1597894,
            19.5101173
          ],
          [
            -99.1603266,
            19.5115228
          ],
          [
            -99.1607932,
            19.5126767
          ],
          [
            -99.1614822,
            19.5143623
          ],
          [
            -99.1616809,
            19.5148811
          ],
          [
            -99.161716,
            19.5149735
          ],
          [
            -99.1621701,
            19.5161107
          ],
          [
            -99.1628279,
            19.5177914
          ],
          [
            -99.16299,
            19.5182195
          ],
          [
            -99.163016,
            19.5182792
          ],
          [
            -99.1630544,
            19.5183487
          ],
          [
            -99.1631614,
            19.5185162
          ],
          [
            -99.1632253,
            19.5186185
          ],
          [
            -99.163361,
            19.5188346
          ],
          [
            -99.1637319,
            19.5196191
          ],
          [
            -99.1637353,
            19.5198281
          ]
        ]
      },
      "properties": {
        "line_id": "metrobus-3",
        "line_name": "Línea 3",
        "line_color": "#2E7D32"
      }
    },
    {
      "type": "Feature",
      "geometry": {
        "type": "LineString",
        "coordinates": [
          [
            -99.1637353,
            19.5198281
          ],
          [
            -99.163807,
            19.519979
          ],
          [
            -99.1639281,
            19.5202457
          ]
        ]
      },
      "properties": {
        "line_id": "metrobus-3",
        "line_name": "Línea 3",
        "line_color": "#2E7D32"
      }
    },
    {
      "type": "Feature",
      "geometry": {
        "type": "LineString",
        "coordinates": [
          [
            -99.1639281,
            19.5202457
          ],
          [
            -99.1641794,
            19.5208051
          ]
        ]
      },
      "properties": {
        "line_id": "metrobus-3",
        "line_name": "Línea 3",
        "line_color": "#2E7D32"
      }
    },
    {
      "type": "Feature",
      "geometry": {
        "type": "LineString",
        "coordinates": [
          [
            -99.1641794,
            19.5208051
          ],
          [
            -99.1644504,
            19.5213447
          ],
          [
            -99.1647476,
            19.5218062
          ],
          [
            -99.165294,
            19.5225809
          ],
          [
            -99.1654402,
            19.522739
          ]
        ]
      },
      "properties": {
        "line_id": "metrobus-3",
        "line_name": "Línea 3",
        "line_color": "#2E7D32"
      }
    },
    {
      "type": "Feature",
      "geometry": {
        "type": "LineString",
        "coordinates": [
          [
            -99.1654402,
            19.522739
          ],
          [
            -99.1657224,
            19.5230598
          ]
        ]
      },
      "properties": {
        "line_id": "metrobus-3",
        "line_name": "Línea 3",
        "line_color": "#2E7D32"
      }
    },
    {
      "type": "Feature",
      "geometry": {
        "type": "LineString",
        "coordinates": [
          [
            -99.1657224,
            19.5230598
          ],
          [
            -99.1659027,
            19.5232674
          ]
        ]
      },
      "properties": {
        "line_id": "metrobus-3",
        "line_name": "Línea 3",
        "line_color": "#2E7D32"
      }
    },
    {
      "type": "Feature",
      "geometry": {
        "type": "LineString",
        "coordinates": [
          [
            -99.1659027,
            19.5232674
          ],
          [
            -99.1659771,
            19.5233578
          ]
        ]
      },
      "properties": {
        "line_id": "metrobus-3",
        "line_name": "Línea 3",
        "line_color": "#2E7D32"
      }
    },
    {
      "type": "Feature",
      "geometry": {
        "type": "LineString",
        "coordinates": [
          [
            -99.1659771,
            19.5233578
          ],
          [
            -99.1666137,
            19.5241074
          ],
          [
            -99.1669002,
            19.5245029
          ]
        ]
      },
      "properties": {
        "line_id": "metrobus-3",
        "line_name": "Línea 3",
        "line_color": "#2E7D32"
      }
    },
    {
      "type": "Feature",
      "geometry": {
        "type": "LineString",
        "coordinates": [
          [
            -99.1669002,
            19.5245029
          ],
          [
            -99.1673993,
            19.5251822
          ]
        ]
      },
      "properties": {
        "line_id": "metrobus-3",
        "line_name": "Línea 3",
        "line_color": "#2E7D32"
      }
    },
    {
      "type": "Feature",
      "geometry": {
        "type": "LineString",
        "coordinates": [
          [
            -99.1673993,
            19.5251822
          ],
          [
            -99.1674788,
            19.525282
          ]
        ]
      },
      "properties": {
        "line_id": "metrobus-3",
        "line_name": "Línea 3",
        "line_color": "#2E7D32"
      }
    },
    {
      "type": "Feature",
      "geometry": {
        "type": "LineString",
        "coordinates": [
          [
            -99.1674788,
            19.525282
          ],
          [
            -99.1685188,
            19.5266423
          ],
          [
            -99.1686074,
            19.5267555
          ]
        ]
      },
      "properties": {
        "line_id": "metrobus-3",
        "line_name": "Línea 3",
        "line_color": "#2E7D32"
      }
    },
    {
      "type": "Feature",
      "geometry": {
        "type": "LineString",
        "coordinates": [
          [
            -99.1686074,
            19.5267555
          ],
          [
            -99.168855,
            19.5270615
          ],
          [
            -99.1689887,
            19.5272267
          ]
        ]
      },
      "properties": {
        "line_id": "metrobus-3",
        "line_name": "Línea 3",
        "line_color": "#2E7D32"
      }
    },
    {
      "type": "Feature",
      "geometry": {
        "type": "LineString",
        "coordinates": [
          [
            -99.1689887,
            19.5272267
          ],
          [
            -99.1690682,
            19.5273237
          ],
          [
            -99.1693926,
            19.5277433
          ],
          [
            -99.1698501,
            19.5283057
          ],
          [
            -99.1699555,
            19.5284623
          ]
        ]
      },
      "properties": {
        "line_id": "metrobus-3",
        "line_name": "Línea 3",
        "line_color": "#2E7D32"
      }
    },
    {
      "type": "Feature",
      "geometry": {
        "type": "LineString",
        "coordinates": [
          [
            -99.1699555,
            19.5284623
          ],
          [
            -99.1700288,
            19.5286158
          ],
          [
            -99.1700663,
            19.5287753
          ],
          [
            -99.17007,
            19.5288576
          ]
        ]
      },
      "properties": {
        "line_id": "metrobus-3",
        "line_name": "Línea 3",
        "line_color": "#2E7D32"
      }
    },
    {
      "type": "Feature",
      "geometry": {
        "type": "LineString",
        "coordinates": [
          [
            -99.1014805,
            19.470877
          ],
          [
            -99.1014091,
            19.4708486
          ],
          [
            -99.1012705,
            19.4711581
          ],
          [
            -99.1013419,
            19.4711865
          ],
          [
            -99.1014805,
            19.470877
          ]
        ]
      },
      "properties": {
        "line_id": "metrobus-1",
        "line_name": "Línea 1",
        "line_color": "#E53935"
      }
    },
    {
      "type": "Feature",
      "geometry": {
        "type": "LineString",
        "coordinates": [
          [
            -99.1055786,
            19.4610885
          ],
          [
            -99.1055063,
            19.4610604
          ],
          [
            -99.1056426,
            19.4607484
          ],
          [
            -99.1056791,
            19.4607625
          ],
          [
            -99.1057149,
            19.4607765
          ],
          [
            -99.1055786,
            19.4610885
          ]
        ]
      },
      "properties": {
        "line_id": "metrobus-1",
        "line_name": "Línea 1",
        "line_color": "#E53935"
      }
    },
    {
      "type": "Feature",
      "geometry": {
        "type": "LineString",
        "coordinates": [
          [
            -99.1053498,
            19.4610022
          ],
          [
            -99.1052775,
            19.4609741
          ],
          [
            -99.1054138,
            19.460662
          ],
          [
            -99.1054597,
            19.4606798
          ],
          [
            -99.1054861,
            19.4606901
          ],
          [
            -99.1053498,
            19.4610022
          ]
        ]
      },
      "properties": {
        "line_id": "metrobus-5",
        "line_name": "Línea 5",
        "line_color": "#F57F17"
      }
    },
    {
      "type": "Feature",
      "geometry": {
        "type": "LineString",
        "coordinates": [
          [
            -99.1011146,
            19.4710988
          ],
          [
            -99.1010402,
            19.4710701
          ],
          [
            -99.1011758,
            19.4707572
          ],
          [
            -99.1012502,
            19.4707859
          ],
          [
            -99.1011146,
            19.4710988
          ]
        ]
      },
      "properties": {
        "line_id": "metrobus-5",
        "line_name": "Línea 5",
        "line_color": "#F57F17"
      }
    },
    {
      "type": "Feature",
      "geometry": {
        "type": "LineString",
        "coordinates": [
          [
            -99.1014805,
            19.470877
          ],
          [
            -99.1014091,
            19.4708486
          ],
          [
            -99.1012705,
            19.4711581
          ],
          [
            -99.1013419,
            19.4711865
          ],
          [
            -99.1014805,
            19.470877
          ]
        ]
      },
      "properties": {
        "line_id": "metrobus-5",
        "line_name": "Línea 5",
        "line_color": "#F57F17"
      }
    },
    {
      "type": "Feature",
      "geometry": {
        "type": "LineString",
        "coordinates": [
          [
            -99.1055786,
            19.4610885
          ],
          [
            -99.1055063,
            19.4610604
          ],
          [
            -99.1056426,
            19.4607484
          ],
          [
            -99.1056791,
            19.4607625
          ],
          [
            -99.1057149,
            19.4607765
          ],
          [
            -99.1055786,
            19.4610885
          ]
        ]
      },
      "properties": {
        "line_id": "metrobus-5",
        "line_name": "Línea 5",
        "line_color": "#F57F17"
      }
    },
    {
      "type": "Feature",
      "geometry": {
        "type": "LineString",
        "coordinates": [
          [
            -99.1053498,
            19.4610022
          ],
          [
            -99.1052775,
            19.4609741
          ],
          [
            -99.1054138,
            19.460662
          ],
          [
            -99.1054597,
            19.4606798
          ],
          [
            -99.1054861,
            19.4606901
          ],
          [
            -99.1053498,
            19.4610022
          ]
        ]
      },
      "properties": {
        "line_id": "metrobus-5",
        "line_name": "Línea 5",
        "line_color": "#F57F17"
      }
    },
    {
      "type": "Feature",
      "geometry": {
        "type": "LineString",
        "coordinates": [
          [
            -99.1011146,
            19.4710988
          ],
          [
            -99.1010402,
            19.4710701
          ],
          [
            -99.1011758,
            19.4707572
          ],
          [
            -99.1012502,
            19.4707859
          ],
          [
            -99.1011146,
            19.4710988
          ]
        ]
      },
      "properties": {
        "line_id": "metrobus-5",
        "line_name": "Línea 5",
        "line_color": "#F57F17"
      }
    },
    {
      "type": "Feature",
      "geometry": {
        "type": "LineString",
        "coordinates": [
          [
            -99.1014805,
            19.470877
          ],
          [
            -99.1014091,
            19.4708486
          ],
          [
            -99.1012705,
            19.4711581
          ],
          [
            -99.1013419,
            19.4711865
          ],
          [
            -99.1014805,
            19.470877
          ]
        ]
      },
      "properties": {
        "line_id": "metrobus-5",
        "line_name": "Línea 5",
        "line_color": "#F57F17"
      }
    },
    {
      "type": "Feature",
      "geometry": {
        "type": "LineString",
        "coordinates": [
          [
            -99.1055786,
            19.4610885
          ],
          [
            -99.1055063,
            19.4610604
          ],
          [
            -99.1056426,
            19.4607484
          ],
          [
            -99.1056791,
            19.4607625
          ],
          [
            -99.1057149,
            19.4607765
          ],
          [
            -99.1055786,
            19.4610885
          ]
        ]
      },
      "properties": {
        "line_id": "metrobus-5",
        "line_name": "Línea 5",
        "line_color": "#F57F17"
      }
    },
    {
      "type": "Feature",
      "geometry": {
        "type": "LineString",
        "coordinates": [
          [
            -99.1053498,
            19.4610022
          ],
          [
            -99.1052775,
            19.4609741
          ],
          [
            -99.1054138,
            19.460662
          ],
          [
            -99.1054597,
            19.4606798
          ],
          [
            -99.1054861,
            19.4606901
          ],
          [
            -99.1053498,
            19.4610022
          ]
        ]
      },
      "properties": {
        "line_id": "metrobus-5",
        "line_name": "Línea 5",
        "line_color": "#F57F17"
      }
    },
    {
      "type": "Feature",
      "geometry": {
        "type": "LineString",
        "coordinates": [
          [
            -99.1011146,
            19.4710988
          ],
          [
            -99.1010402,
            19.4710701
          ],
          [
            -99.1011758,
            19.4707572
          ],
          [
            -99.1012502,
            19.4707859
          ],
          [
            -99.1011146,
            19.4710988
          ]
        ]
      },
      "properties": {
        "line_id": "metrobus-5",
        "line_name": "Línea 5",
        "line_color": "#F57F17"
      }
    }
  ]
}